S/No;C_1_Temps[s];C_1_Force[kN];C_1_Déform1[mm];C_1_Déplacement[mm];
1;0.100024319999648;-0.0374612361192703;0.00139999995008111;-0.00598898436874151;
2;0.200048639999295;-0.0366902090609074;0.00150000001303852;-0.0143377585336566;
3;0.300072959999852;-0.0408112108707428;0.00139999995008111;-0.0226865336298943;
4;0.4000972799995;-0.0362382270395756;0.0015999999595806;-0.0312143266201019;
5;0.500121599999147;-0.0379663892090321;0.00150000001303852;-0.0396607480943203;
6;0.600023039999542;-0.0375144071877003;0.00139999995008111;-0.048042070120573;
7;0.700047359999189;-0.0384183712303638;0.00150000001303852;-0.0562931969761848;
8;0.800071679999746;-0.0372751243412495;0.00150000001303852;-0.0642676576972008;
9;0.900095999999394;-0.038444958627224;0.00139999995008111;-0.0725838840007782;
10;1.00012031999995;-0.0406516864895821;0.00150000001303852;-0.0809814855456352;
11;1.10002175999944;-0.0379929766058922;0.00150000001303852;-0.0892651602625847;
12;1.20004607999999;-0.0380993261933327;0.00150000001303852;-0.0977929532527924;
13;1.30007039999964;-0.0423000864684582;0.00150000001303852;-0.106190554797649;
14;1.40009471999929;-0.0395616143941879;0.00150000001303852;-0.114636972546577;
15;1.50011903999985;-0.0373548865318298;0.00139999995008111;-0.122839279472828;
16;1.60002047999933;-0.0412897765636444;0.00150000001303852;-0.130764916539192;
17;1.70004479999989;-0.0404389910399914;0.00139999995008111;-0.138999775052071;
18;1.80006911999953;-0.0397477261722088;0.00170000002253801;-0.147560119628906;
19;1.90009343999918;-0.0417949333786964;0.00139999995008111;-0.155957713723183;
20;2.00011775999974;-0.0398806594312191;0.00150000001303852;-0.164534330368042;
21;2.10001919999922;-0.0378600396215916;0.0015999999595806;-0.172997027635574;
22;2.20004351999978;-0.0440814234316349;0.00139999995008111;-0.181573644280434;
23;2.30006783999943;-0.0423798486590385;0.00150000001303852;-0.189808487892151;
24;2.40009215999999;-0.0412897765636444;0.00150000001303852;-0.197701588273048;
25;2.50011647999963;-0.0378866270184517;0.00150000001303852;-0.205936431884766;
26;2.60001792000003;-0.0379132144153118;0.00139999995008111;-0.214268937706947;
27;2.70004223999968;-0.0420076288282871;0.00139999995008111;-0.222601428627968;
28;2.80006655999932;-0.0405985116958618;0.00150000001303852;-0.231129229068756;
29;2.90009087999988;-0.0448258630931377;0.00139999995008111;-0.23964074254036;
30;3.00011519999953;-0.0404921658337116;0.00150000001303852;-0.248070895671844;
31;3.10001663999992;-0.0417151711881161;0.00150000001303852;-0.256322026252747;
32;3.20004095999957;-0.0393223315477371;0.00139999995008111;-0.264263927936554;
33;3.30006527999922;-0.042193740606308;0.00139999995008111;-0.272466242313385;
34;3.40008959999977;-0.0396147891879082;0.00139999995008111;-0.280880123376846;
35;3.50011391999942;-0.0443472936749458;0.0015999999595806;-0.289261430501938;
36;3.60001535999982;-0.0399870090186596;0.00139999995008111;-0.297789216041565;
37;3.70003967999946;-0.0434433333575726;0.00150000001303852;-0.306235641241074;
38;3.80006400000002;-0.0423532612621784;0.00139999995008111;-0.314600706100464;
39;3.90008831999967;-0.0412631891667843;0.00150000001303852;-0.322819262742996;
40;4.00011263999932;-0.0407314486801624;0.00139999995008111;-0.330598443746567;
41;4.10001407999971;-0.0420076288282871;0.00139999995008111;-0.338947236537933;
42;4.20003839999936;-0.0454639531672001;0.0015999999595806;-0.347361087799072;
43;4.30006271999991;-0.0415556505322456;0.00130000000353903;-0.35575869679451;
44;4.40008703999956;-0.0429115928709507;0.00150000001303852;-0.364351570606232;
45;4.50011135999921;-0.0449853874742985;0.00150000001303852;-0.372749179601669;
46;4.6000127999996;-0.0400933586061001;0.00150000001303852;-0.381114214658737;
47;4.70003711999925;-0.0423532612621784;0.00139999995008111;-0.389511823654175;
48;4.80006143999981;-0.0426457189023495;0.00139999995008111;-0.397616475820541;
49;4.90008575999946;-0.039800900965929;0.00150000001303852;-0.40585133433342;
50;5.00011008000001;-0.0385778918862343;0.00150000001303852;-0.414265215396881;
51;5.1000115199995;-0.0439750775694847;0.0015999999595806;-0.422662794589996;
52;5.20003583999915;-0.0415024757385254;0.00150000001303852;-0.431206881999969;
53;5.3000601599997;-0.0409973189234734;0.00139999995008111;-0.439718395471573;
54;5.40008447999935;-0.0450917333364487;0.00150000001303852;-0.448213636875153;
55;5.50010879999991;-0.0424596108496189;0.00139999995008111;-0.456318289041519;
56;5.60001023999939;-0.042193740606308;0.0015999999595806;-0.464146286249161;
57;5.70003455999995;-0.0389235243201256;0.00130000000353903;-0.472413688898087;
58;5.8000588799996;-0.0413163639605045;0.00150000001303852;-0.4807950258255;
59;5.90008319999924;-0.0437623783946037;0.00139999995008111;-0.489160060882568;
60;6.0001075199998;-0.0421405658125877;0.00139999995008111;-0.497720390558243;
61;6.10000895999929;-0.0427786558866501;0.0015999999595806;-0.506199359893799;
62;6.20003327999984;-0.0406516864895821;0.00139999995008111;-0.514596998691559;
63;6.30005759999949;-0.0406782738864422;0.0015999999595806;-0.522815525531769;
64;6.40008192000005;-0.0446929261088371;0.00139999995008111;-0.530773758888245;
65;6.5001062399997;-0.0416088216006756;0.00150000001303852;-0.539024889469147;
66;6.60000767999918;-0.0410504937171936;0.00150000001303852;-0.547455012798309;
67;6.70003199999974;-0.0437623783946037;0.00139999995008111;-0.555836319923401;
68;6.80005631999938;-0.0422735027968884;0.00150000001303852;-0.564396679401398;
69;6.90008063999994;-0.0424064360558987;0.00139999995008111;-0.572794258594513;
70;7.00010495999959;-0.0450119748711586;0.00150000001303852;-0.581077933311462;
71;7.10000639999998;-0.0423798486590385;0.00139999995008111;-0.589312791824341;
72;7.20003071999963;-0.0430179387331009;0.00139999995008111;-0.597222149372101;
73;7.30005503999928;-0.04275206848979;0.00150000001303852;-0.605619788169861;
74;7.40007935999984;-0.043257225304842;0.00150000001303852;-0.614033639431;
75;7.50010367999948;-0.0415556505322456;0.00150000001303852;-0.622447490692139;
76;7.60000511999988;-0.0419544540345669;0.00139999995008111;-0.630975306034088;
77;7.70002943999953;-0.0466869622468948;0.00150000001303852;-0.639503121376038;
78;7.80005375999917;-0.0420076288282871;0.00150000001303852;-0.647835612297058;
79;7.90007807999973;-0.04275206848979;0.00150000001303852;-0.656200647354126;
80;8.00010239999938;-0.045171495527029;0.00150000001303852;-0.663979828357697;
81;8.10000383999977;-0.0432040505111218;0.00130000000353903;-0.672312319278717;
82;8.20002815999942;-0.0411834307014942;0.0015999999595806;-0.680693626403809;
83;8.30005247999998;-0.0449853874742985;0.00139999995008111;-0.689156353473663;
84;8.40007679999962;-0.0422735027968884;0.00139999995008111;-0.697732925415039;
85;8.50010111999927;-0.0410504937171936;0.00150000001303852;-0.706163108348846;
86;8.60000255999967;-0.0428318306803703;0.00139999995008111;-0.714560687541962;
87;8.70002687999931;-0.0430179387331009;0.00150000001303852;-0.722714185714722;
88;8.80005119999987;-0.0393489189445972;0.00139999995008111;-0.730656087398529;
89;8.90007551999952;-0.0426988936960697;0.0015999999595806;-0.738956034183502;
90;9.00009983999917;-0.041422713547945;0.00139999995008111;-0.747369945049286;
91;9.10000127999956;-0.043549682945013;0.00150000001303852;-0.755734980106354;
92;9.20002559999921;-0.0396679639816284;0.00139999995008111;-0.764311611652374;
93;9.30004991999976;-0.0446131676435471;0.00150000001303852;-0.772790551185608;
94;9.40007423999941;-0.0429913513362408;0.0015999999595806;-0.781139314174652;
95;9.50009855999997;-0.0413961261510849;0.00139999995008111;-0.789357900619507;
96;9.60012287999962;-0.0445068180561066;0.00150000001303852;-0.797316074371338;
97;9.70002432000001;-0.041688583791256;0.00139999995008111;-0.805550932884216;
98;9.80004863999966;-0.0426457189023495;0.00150000001303852;-0.814013659954071;
99;9.90007295999931;-0.0422735027968884;0.00150000001303852;-0.82242751121521;
100;10.0000972799999;-0.0434167459607124;0.00130000000353903;-0.831020414829254;
101;10.1001215999995;-0.0411568433046341;0.0015999999595806;-0.839385449886322;
102;10.2000230399999;-0.0421671532094479;0.00139999995008111;-0.847685396671295;
103;10.3000473599996;-0.0422203280031681;0.00150000001303852;-0.85590398311615;
104;10.4000716799992;-0.0413163639605045;0.00139999995008111;-0.863845884799957;
105;10.5000959999998;-0.0413961261510849;0.00150000001303852;-0.872162103652954;
106;10.6001203199994;-0.0446663424372673;0.00150000001303852;-0.880576014518738;
107;10.7000217599998;-0.0416354089975357;0.00139999995008111;-0.888957321643829;
108;10.8000460799994;-0.0420342162251472;0.0015999999595806;-0.897485136985779;
109;10.9000704;-0.0436028577387333;0.00139999995008111;-0.90586644411087;
110;11.0000947199997;-0.041981041431427;0.00150000001303852;-0.91415011882782;
111;11.1001190399993;-0.0418481081724167;0.00139999995008111;-0.92248260974884;
112;11.2000204799997;-0.0446131676435471;0.00139999995008111;-0.930473327636719;
113;11.3000447999993;-0.0432306379079819;0.00150000001303852;-0.938887238502502;
114;11.4000691199999;-0.0412897765636444;0.00139999995008111;-0.947301089763641;
115;11.5000934399995;-0.0446929261088371;0.0015999999595806;-0.955812633037567;
116;11.6001177599992;-0.0431774631142616;0.00130000000353903;-0.964372932910919;
117;11.7000191999996;-0.0420076288282871;0.00139999995008111;-0.972868204116821;
118;11.8000435199992;-0.0439219027757645;0.00150000001303852;-0.981265783309937;
119;11.9000678399998;-0.0409973189234734;0.00150000001303852;-0.989468097686768;
120;12.0000921599994;-0.0429647639393806;0.00150000001303852;-0.997296094894409;
121;12.10011648;-0.0418215207755566;0.00150000001303852;-1.005579829216;
122;12.2000179199995;-0.0432306379079819;0.0015999999595806;-1.01394486427307;
123;12.30004224;-0.0417683459818363;0.00139999995008111;-1.02234244346619;
124;12.4000665599997;-0.0445865802466869;0.00139999995008111;-1.03093528747559;
125;12.5000908799993;-0.0427786558866501;0.00150000001303852;-1.03938174247742;
126;12.6001151999999;-0.0415822379291058;0.00150000001303852;-1.04769790172577;
127;12.7000166399994;-0.0403326414525509;0.00150000001303852;-1.05586767196655;
128;12.8000409599999;-0.046713549643755;0.00139999995008111;-1.06382584571838;
129;12.9000652799996;-0.041130255907774;0.0015999999595806;-1.07212579250336;
130;13.0000895999992;-0.0420873910188675;0.00150000001303852;-1.08060479164124;
131;13.1001139199998;-0.0415556505322456;0.00150000001303852;-1.0890349149704;
132;13.2000153599993;-0.0429647639393806;0.00150000001303852;-1.09762787818909;
133;13.3000396799998;-0.0415290631353855;0.00139999995008111;-1.10594403743744;
134;13.4000639999995;-0.0446397550404072;0.0015999999595806;-1.11419522762299;
135;13.50008832;-0.041981041431427;0.00139999995008111;-1.12228357791901;
136;13.6001126399997;-0.0430711135268211;0.00150000001303852;-1.13025808334351;
137;13.7000140799992;-0.0420076288282871;0.00150000001303852;-1.13862311840057;
138;13.8000383999997;-0.0413695387542248;0.00150000001303852;-1.14716720581055;
139;13.9000627199994;-0.0437357909977436;0.0015999999595806;-1.15553224086761;
140;14.0000870399999;-0.0418481081724167;0.00130000000353903;-1.16410887241364;
141;14.1001113599996;-0.0428318306803703;0.0015999999595806;-1.1724739074707;
142;14.2000128;-0.0418215207755566;0.00139999995008111;-1.18093657493591;
143;14.3000371199996;-0.0434699207544327;0.00150000001303852;-1.18920397758484;
144;14.4000614399993;-0.0466072000563145;0.00139999995008111;-1.19717848300934;
145;14.5000857599998;-0.0402794666588306;0.00150000001303852;-1.20555973052979;
146;14.6001100799995;-0.0446397550404072;0.0015999999595806;-1.21394109725952;
147;14.7000115199999;-0.0424330234527588;0.00139999995008111;-1.22237122058868;
148;14.8000358399995;-0.0427254810929298;0.00150000001303852;-1.23099672794342;
149;14.9000601599992;-0.0428318306803703;0.00139999995008111;-1.23939430713654;
150;15.0000844799997;-0.0416088216006756;0.00150000001303852;-1.24777555465698;
151;15.1001087999994;-0.0433635711669922;0.00139999995008111;-1.25581514835358;
152;15.2000102399998;-0.042486198246479;0.00139999995008111;-1.26370823383331;
153;15.3000345599994;-0.0432838127017021;0.0015999999595806;-1.272057056427;
154;15.40005888;-0.0446397550404072;0.00139999995008111;-1.28050339221954;
155;15.5000831999996;-0.0420076288282871;0.0015999999595806;-1.28890109062195;
156;15.6001075199993;-0.0441877730190754;0.00139999995008111;-1.29751026630402;
157;15.7000089599997;-0.0413429513573647;0.00150000001303852;-1.30592405796051;
158;15.8000332799993;-0.040864385664463;0.00150000001303852;-1.31419146060944;
159;15.9000575999999;-0.0435230955481529;0.00139999995008111;-1.32234501838684;
160;16.0000819199995;-0.0436560288071632;0.00150000001303852;-1.33033573627472;
161;16.1001062399992;-0.0414758883416653;0.00139999995008111;-1.33866822719574;
162;16.2000076799995;-0.0395882017910481;0.0015999999595806;-1.347163438797;
163;16.3000319999992;-0.0455171279609203;0.00139999995008111;-1.35560989379883;
164;16.4000563199997;-0.0431242883205414;0.00139999995008111;-1.36423528194427;
165;16.5000806399994;-0.0440548360347748;0.00170000002253801;-1.3725026845932;
166;16.60010496;-0.0441611856222153;0.00139999995008111;-1.38073754310608;
167;16.7000063999994;-0.0438687279820442;0.0015999999595806;-1.38890731334686;
168;16.80003072;-0.042193740606308;0.00130000000353903;-1.39696311950684;
169;16.9000550399996;-0.0410239063203335;0.0015999999595806;-1.40534448623657;
170;17.0000793599993;-0.0445599928498268;0.00150000001303852;-1.4137909412384;
171;17.1001036799998;-0.0518980324268341;0.00150000001303852;-1.42218852043152;
172;17.2000051199993;-0.0497710667550564;0.0015999999595806;-1.43079769611359;
173;17.3000294399999;-0.0534932613372803;0.00139999995008111;-1.4390162229538;
174;17.4000537599995;-0.05344008654356;0.0015999999595806;-1.44729995727539;
175;17.5000780799992;-0.0558063387870789;0.00139999995008111;-1.45538830757141;
176;17.6001023999997;-0.0569495856761932;0.00150000001303852;-1.46342790126801;
177;17.7000038399992;-0.0519777946174145;0.0015999999595806;-1.47180914878845;
178;17.8000281599998;-0.052084144204855;0.00139999995008111;-1.48041832447052;
179;17.9000524799994;-0.0567368865013123;0.00150000001303852;-1.4888973236084;
180;18.0000768;-0.0530146919190884;0.00130000000353903;-1.49752271175385;
181;18.1001011199996;-0.0525361262261868;0.00150000001303852;-1.50587153434753;
182;18.20000256;-0.0538388937711716;0.00139999995008111;-1.51435053348541;
183;18.3000268799997;-0.0533337369561195;0.00150000001303852;-1.52247142791748;
184;18.4000511999993;-0.053705956786871;0.0015999999595806;-1.53039705753326;
185;18.5000755199999;-0.0554872937500477;0.00130000000353903;-1.53874588012695;
186;18.6000998399995;-0.0539186522364616;0.0015999999595806;-1.5471271276474;
187;18.7000012799999;-0.0553277693688869;0.00139999995008111;-1.5555248260498;
188;18.8000255999996;-0.0534666739404202;0.00150000001303852;-1.56413388252258;
189;18.9000499199992;-0.0554341189563274;0.00150000001303852;-1.57249903678894;
190;19.0000742399998;-0.0538920685648918;0.00150000001303852;-1.58078265190125;
191;19.1000985599994;-0.0514194667339325;0.00150000001303852;-1.58890354633331;
192;19.20012288;-0.0553277693688869;0.00139999995008111;-1.59687805175781;
193;19.3000243199995;-0.052084144204855;0.00170000002253801;-1.60524308681488;
194;19.40004864;-0.052881758660078;0.00139999995008111;-1.61375463008881;
195;19.5000729599997;-0.0566039532423019;0.00150000001303852;-1.62221729755402;
196;19.6000972799993;-0.0542908720672131;0.00139999995008111;-1.63084280490875;
197;19.7001215999999;-0.054211113601923;0.00150000001303852;-1.63909387588501;
198;19.8000230399994;-0.0547428540885448;0.00150000001303852;-1.64732873439789;
199;19.9000473599999;-0.0554075315594673;0.00139999995008111;-1.65543341636658;
200;20.0000716799996;-0.0536261945962906;0.00150000001303852;-1.66334271430969;
201;20.1000959999992;-0.0587840937077999;0.00150000001303852;-1.67180550098419;
202;20.2001203199998;-0.053147628903389;0.00150000001303852;-1.68021929264069;
203;20.3000217599993;-0.0525095388293266;0.00150000001303852;-1.68871462345123;
204;20.4000460799998;-0.0548226162791252;0.00139999995008111;-1.69724237918854;
205;20.5000703999995;-0.0563646666705608;0.0015999999595806;-1.70552599430084;
206;20.60009472;-0.0537325441837311;0.00139999995008111;-1.71372830867767;
207;20.7001190399997;-0.0548492036759853;0.00150000001303852;-1.72210967540741;
208;20.8000204799991;-0.0517916865646839;0.00139999995008111;-1.73023056983948;
209;20.9000447999997;-0.0505952648818493;0.0015999999595806;-1.73857939243317;
210;21.0000691199994;-0.0502230450510979;0.00150000001303852;-1.74712347984314;
211;21.1000934399999;-0.0517650991678238;0.00150000001303852;-1.75560235977173;
212;21.2001177599996;-0.0520575568079948;0.00150000001303852;-1.76424407958984;
213;21.3000192;-0.0515258125960827;0.00150000001303852;-1.77257668972015;
214;21.4000435199996;-0.0533071495592594;0.00150000001303852;-1.78092539310455;
215;21.5000678399992;-0.0551416613161564;0.00150000001303852;-1.78894865512848;
216;21.6000921599998;-0.0528551712632179;0.00130000000353903;-1.79687428474426;
217;21.7001164799995;-0.0546630918979645;0.00150000001303852;-1.80523943901062;
218;21.8000179199998;-0.0540781766176224;0.00150000001303852;-1.81366956233978;
219;21.9000422399995;-0.0508877225220203;0.00139999995008111;-1.82209968566895;
220;22.0000665600001;-0.0549023784697056;0.00139999995008111;-1.83074140548706;
221;22.1000908799997;-0.0536261945962906;0.00150000001303852;-1.83905756473541;
222;22.2001151999993;-0.0561785586178303;0.00150000001303852;-1.84727621078491;
223;22.3000166399997;-0.0572952181100845;0.00139999995008111;-1.85539710521698;
224;22.4000409599994;-0.0530944541096687;0.0015999999595806;-1.86338782310486;
225;22.5000652799999;-0.0532805621623993;0.00139999995008111;-1.87178540229797;
226;22.6000895999996;-0.0517385117709637;0.00150000001303852;-1.88031327724457;
227;22.7001139199992;-0.0554872937500477;0.00150000001303852;-1.88879227638245;
228;22.8000153599996;-0.0547428540885448;0.00150000001303852;-1.89740133285522;
229;22.9000396799993;-0.0547428540885448;0.00139999995008111;-1.90557110309601;
230;23.0000639999998;-0.0575079135596752;0.00150000001303852;-1.91375720500946;
231;23.1000883199995;-0.0547162666916847;0.00150000001303852;-1.92195951938629;
232;23.20011264;-0.0544769838452339;0.00139999995008111;-1.92998278141022;
233;23.3000140799995;-0.0558861009776592;0.00150000001303852;-1.9384617805481;
234;23.4000383999992;-0.0543972216546535;0.00150000001303852;-1.94694066047668;
235;23.5000627199997;-0.0553809441626072;0.00139999995008111;-1.95540344715118;
236;23.6000870399994;-0.0569495856761932;0.0015999999595806;-1.96399629116058;
237;23.7001113599999;-0.0516321621835232;0.00139999995008111;-1.97234511375427;
238;23.8000127999994;-0.0534932613372803;0.00150000001303852;-1.98049855232239;
239;23.90003712;-0.0557797513902187;0.00130000000353903;-1.98878216743469;
240;24.0000614399996;-0.0530944541096687;0.00150000001303852;-1.99664270877838;
241;24.1000857599993;-0.0540781766176224;0.00150000001303852;-2.00512170791626;
242;24.2001100799998;-0.0523234270513058;0.00150000001303852;-2.01356816291809;
243;24.3000115199993;-0.0557797513902187;0.00150000001303852;-2.02207970619202;
244;24.4000358399999;-0.0559126883745193;0.00139999995008111;-2.03067255020142;
245;24.5000601599995;-0.052881758660078;0.00150000001303852;-2.03895616531372;
246;24.6000844799992;-0.0576940216124058;0.0015999999595806;-2.04720735549927;
247;24.7001087999997;-0.0547162666916847;0.00150000001303852;-2.05536079406738;
248;24.8000102399992;-0.0511004216969013;0.00150000001303852;-2.06338405609131;
249;24.9000345599998;-0.0546099171042442;0.00139999995008111;-2.07179808616638;
250;25.0000588799994;-0.053998414427042;0.00150000001303852;-2.08026075363159;
251;25.1000832;-0.0559924468398094;0.00150000001303852;-2.08869075775146;
252;25.2001075199996;-0.0597412288188934;0.00139999995008111;-2.09734892845154;
253;25.30000896;-0.0551682487130165;0.00150000001303852;-2.10563254356384;
254;25.4000332799997;-0.0523500144481659;0.00150000001303852;-2.11380219459534;
255;25.5000575999993;-0.0557797513902187;0.00150000001303852;-2.12190699577332;
256;25.6000819199999;-0.0555670559406281;0.00150000001303852;-2.12993025779724;
257;25.7001062399995;-0.0538388937711716;0.00150000001303852;-2.13836026191711;
258;25.8000076799999;-0.0564710162580013;0.00150000001303852;-2.146888256073;
259;25.9000319999996;-0.0567634738981724;0.0015999999595806;-2.15538334846497;
260;26.0000563199992;-0.0567900612950325;0.00139999995008111;-2.16402506828308;
261;26.1000806399998;-0.0568698234856129;0.00150000001303852;-2.17216229438782;
262;26.2001049599994;-0.0583321154117584;0.00150000001303852;-2.18038082122803;
263;26.3000063999998;-0.0524031892418861;0.00139999995008111;-2.18851804733276;
264;26.4000307199995;-0.0560456216335297;0.0015999999595806;-2.19662284851074;
265;26.50005504;-0.0595285333693028;0.00139999995008111;-2.20503664016724;
266;26.6000793599997;-0.0551416613161564;0.0015999999595806;-2.21348309516907;
267;26.7001036799993;-0.0557265765964985;0.00139999995008111;-2.22191309928894;
268;26.8000051199997;-0.0606717802584171;0.00150000001303852;-2.23044109344482;
269;26.9000294399993;-0.0543174594640732;0.00139999995008111;-2.23861074447632;
270;27.0000537599999;-0.0531210415065289;0.0015999999595806;-2.24679684638977;
271;27.1000780799995;-0.0559658631682396;0.00150000001303852;-2.25509667396545;
272;27.2001023999992;-0.0529881045222282;0.00139999995008111;-2.26315259933472;
273;27.3000038399996;-0.0543972216546535;0.0015999999595806;-2.27168035507202;
274;27.4000281599992;-0.057188868522644;0.00150000001303852;-2.28020811080933;
275;27.5000524799998;-0.053705956786871;0.00139999995008111;-2.28875231742859;
276;27.6000767999994;-0.0539452396333218;0.00150000001303852;-2.29731249809265;
277;27.70010112;-0.0576408505439758;0.00139999995008111;-2.30571007728577;
278;27.8000025599995;-0.0549289658665657;0.00150000001303852;-2.31387996673584;
279;27.90002688;-0.0530944541096687;0.00150000001303852;-2.32209849357605;
280;28.0000511999997;-0.054503571242094;0.0015999999595806;-2.33002424240112;
281;28.1000755199993;-0.0531742163002491;0.0015999999595806;-2.3383891582489;
282;28.2000998399999;-0.0535464361310005;0.00150000001303852;-2.34685182571411;
283;28.3000012799994;-0.0538388937711716;0.00150000001303852;-2.35531449317932;
284;28.4000255999999;-0.0554075315594673;0.00150000001303852;-2.36395621299744;
285;28.5000499199996;-0.0547428540885448;0.00150000001303852;-2.37222361564636;
286;28.6000742399992;-0.0542642846703529;0.00150000001303852;-2.3803608417511;
287;28.7000985599998;-0.0559924468398094;0.00150000001303852;-2.38851428031921;
288;28.8001228799994;-0.0537857189774513;0.00150000001303852;-2.39652132987976;
289;28.9000243199998;-0.0546630918979645;0.00139999995008111;-2.40493535995483;
290;29.0000486399995;-0.0574015639722347;0.00150000001303852;-2.4134955406189;
291;29.10007296;-0.0540515892207623;0.00139999995008111;-2.42200708389282;
292;29.2000972799997;-0.0537325441837311;0.00150000001303852;-2.43058371543884;
293;29.3001215999993;-0.0535730198025703;0.00139999995008111;-2.43865585327148;
294;29.4000230399997;-0.0524297766387463;0.00150000001303852;-2.44679307937622;
295;29.5000473599994;-0.0554872937500477;0.00139999995008111;-2.45493030548096;
296;29.6000716799999;-0.0520043820142746;0.00139999995008111;-2.46306753158569;
297;29.7000959999996;-0.0549289658665657;0.00150000001303852;-2.47149753570557;
298;29.8001203199992;-0.0542908720672131;0.0015999999595806;-2.48010683059692;
299;29.9000217599996;-0.0538654811680317;0.00130000000353903;-2.48848819732666;
300;30.0000460799993;-0.0557797513902187;0.00150000001303852;-2.49708104133606;
301;30.1000703999998;-0.0533337369561195;0.00139999995008111;-2.50526714324951;
302;30.2000947199995;-0.0524829514324665;0.00150000001303852;-2.51366472244263;
303;30.30011904;-0.0544238090515137;0.00139999995008111;-2.5218505859375;
304;30.4000204799995;-0.0536793693900108;0.0015999999595806;-2.52989029884338;
305;30.5000447999992;-0.0526956468820572;0.00139999995008111;-2.53835296630859;
306;30.6000691199997;-0.0543440468609333;0.00150000001303852;-2.5468156337738;
307;30.7000934399994;-0.0527222342789173;0.00139999995008111;-2.55534338951111;
308;30.8001177599999;-0.0525095388293266;0.0015999999595806;-2.56398510932922;
309;30.9000191999994;-0.0553277693688869;0.00150000001303852;-2.57215476036072;
310;31.00004352;-0.0549821369349957;0.00139999995008111;-2.58030843734741;
311;31.1000678399996;-0.0524829514324665;0.00150000001303852;-2.58842921257019;
312;31.2000921599993;-0.0525892972946167;0.00139999995008111;-2.59645247459412;
313;31.3001164799998;-0.0530944541096687;0.00139999995008111;-2.60489892959595;
314;31.4000179199993;-0.05344008654356;0.00150000001303852;-2.61339426040649;
315;31.5000422399999;-0.0508877225220203;0.00150000001303852;-2.62188959121704;
316;31.6000665599995;-0.0545833334326744;0.00139999995008111;-2.63054752349854;
317;31.7000908799992;-0.0519777946174145;0.00150000001303852;-2.63874983787537;
318;31.8001151999997;-0.0532273910939693;0.00150000001303852;-2.6468870639801;
319;31.9000166399992;-0.0583852864801884;0.00150000001303852;-2.6549916267395;
320;32.0000409599998;-0.0521639063954353;0.00139999995008111;-2.66306376457214;
321;32.1000652799994;-0.0539452396333218;0.00150000001303852;-2.67151021957397;
322;32.2000896;-0.0527488216757774;0.00139999995008111;-2.68007040023804;
323;32.3001139199996;-0.0533071495592594;0.00150000001303852;-2.68859839439392;
324;32.40001536;-0.053998414427042;0.00150000001303852;-2.69710993766785;
325;32.5000396799996;-0.0547162666916847;0.00139999995008111;-2.70519828796387;
326;32.6000639999993;-0.0519777946174145;0.0015999999595806;-2.71331906318665;
327;32.7000883199999;-0.0542642846703529;0.00150000001303852;-2.72157025337219;
328;32.8001126399995;-0.0544503964483738;0.00150000001303852;-2.72973990440369;
329;32.9000140799999;-0.0531210415065289;0.00150000001303852;-2.73818635940552;
330;33.0000383999995;-0.055061899125576;0.00150000001303852;-2.74671411514282;
331;33.1000627199992;-0.0527754090726376;0.00150000001303852;-2.75519323348999;
332;33.2000870399997;-0.0554341189563274;0.00139999995008111;-2.76378607749939;
333;33.3001113599994;-0.0531742163002491;0.0015999999595806;-2.77180933952332;
334;33.4000127999998;-0.0557265765964985;0.00139999995008111;-2.77997922897339;
335;33.5000371199994;-0.0535198487341404;0.00139999995008111;-2.7881326675415;
336;33.60006144;-0.0536793693900108;0.00139999995008111;-2.79620480537415;
337;33.7000857599996;-0.0537857189774513;0.00150000001303852;-2.80466747283936;
338;33.8001100799993;-0.055274598300457;0.00139999995008111;-2.81335806846619;
339;33.9000115199997;-0.0543706342577934;0.00139999995008111;-2.82180428504944;
340;34.0000358399993;-0.0544238090515137;0.0015999999595806;-2.8304135799408;
341;34.1000601599999;-0.0535464361310005;0.00139999995008111;-2.83856701850891;
342;34.2000844799995;-0.0542908720672131;0.00150000001303852;-2.84689950942993;
343;34.3001087999992;-0.052084144204855;0.00139999995008111;-2.85508561134338;
344;34.4000102399996;-0.0548226162791252;0.0015999999595806;-2.86315774917603;
345;34.5000345599992;-0.0546099171042442;0.00139999995008111;-2.87153887748718;
346;34.6000588799998;-0.0538388937711716;0.00150000001303852;-2.88003420829773;
347;34.7000831999994;-0.0538123063743114;0.00150000001303852;-2.88852953910828;
348;34.80010752;-0.0526690594851971;0.00139999995008111;-2.89717125892639;
349;34.9000089599995;-0.0540515892207623;0.0015999999595806;-2.90532469749451;
350;35.00003328;-0.0549289658665657;0.00139999995008111;-2.91344571113586;
351;35.1000575999997;-0.0530678667128086;0.0015999999595806;-2.92156648635864;
352;35.2000819199993;-0.0544769838452339;0.00139999995008111;-2.92963862419128;
353;35.3001062399999;-0.0535198487341404;0.00130000000353903;-2.93808507919312;
354;35.4000076799994;-0.0550353117287159;0.0015999999595806;-2.94664549827576;
355;35.5000319999999;-0.0517650991678238;0.00139999995008111;-2.95520567893982;
356;35.6000563199996;-0.0541845262050629;0.00150000001303852;-2.96373343467712;
357;35.7000806399992;-0.0565241910517216;0.00139999995008111;-2.97177314758301;
358;35.8001049599998;-0.0536527819931507;0.00150000001303852;-2.97987771034241;
359;35.9000063999993;-0.0533337369561195;0.00139999995008111;-2.98808002471924;
360;36.0000307199998;-0.0532539747655392;0.00150000001303852;-2.99616837501526;
361;36.1000550399995;-0.0521107316017151;0.00139999995008111;-3.00467991828918;
362;36.20007936;-0.0526158846914768;0.00139999995008111;-3.01315903663635;
363;36.3001036799997;-0.0512333549559116;0.00150000001303852;-3.0216703414917;
364;36.4000051199992;-0.0533071495592594;0.00139999995008111;-3.03010058403015;
365;36.5000294399997;-0.0522170774638653;0.00139999995008111;-3.0382866859436;
366;36.6000537599994;-0.0532805621623993;0.00150000001303852;-3.04635882377625;
367;36.7000780799999;-0.0526690594851971;0.00139999995008111;-3.05477261543274;
368;36.8001023999996;-0.0542377009987831;0.00150000001303852;-3.06302380561829;
369;36.90000384;-0.0530678667128086;0.00139999995008111;-3.07147026062012;
370;37.0000281599996;-0.0553809441626072;0.0015999999595806;-3.08003044128418;
371;37.1000524799992;-0.0518980324268341;0.00139999995008111;-3.08854198455811;
372;37.2000767999998;-0.0521639063954353;0.00150000001303852;-3.09721636772156;
373;37.3001011199995;-0.0553277693688869;0.00139999995008111;-3.10532093048096;
374;37.4000025599998;-0.0527222342789173;0.00150000001303852;-3.11344194412231;
375;37.5000268799995;-0.0529615171253681;0.00150000001303852;-3.12156271934509;
376;37.6000511999991;-0.0542908720672131;0.00139999995008111;-3.12963485717773;
377;37.7000755199997;-0.0518448613584042;0.00150000001303852;-3.13804888725281;
378;37.8000998399993;-0.051313117146492;0.00150000001303852;-3.14657664299011;
379;37.9000012799997;-0.0520575568079948;0.00139999995008111;-3.1551206111908;
380;38.0000255999994;-0.0524829514324665;0.00139999995008111;-3.16372990608215;
381;38.1000499199999;-0.0511535964906216;0.00139999995008111;-3.17183446884155;
382;38.2000742399996;-0.0512865297496319;0.00139999995008111;-3.17995548248291;
383;38.3000985599992;-0.0528019964694977;0.00139999995008111;-3.18806004524231;
384;38.4001228799998;-0.0510472469031811;0.00150000001303852;-3.19621348381042;
385;38.5000243199993;-0.0538123063743114;0.00139999995008111;-3.20465993881226;
386;38.6000486399998;-0.0543440468609333;0.00139999995008111;-3.21323657035828;
387;38.7000729599995;-0.053147628903389;0.00150000001303852;-3.2218132019043;
388;38.80009728;-0.0536527819931507;0.00139999995008111;-3.23027586936951;
389;38.9001215999997;-0.0540515892207623;0.00150000001303852;-3.23825025558472;
390;39.0000230399992;-0.0511801801621914;0.00139999995008111;-3.24633884429932;
391;39.1000473599997;-0.0524297766387463;0.0015999999595806;-3.25462245941162;
392;39.2000716799994;-0.0565241910517216;0.00139999995008111;-3.26279211044312;
393;39.3000959999999;-0.0544238090515137;0.00139999995008111;-3.27133631706238;
394;39.4001203199996;-0.0547960288822651;0.00150000001303852;-3.27988028526306;
395;39.50002176;-0.0520309694111347;0.00139999995008111;-3.28840804100037;
396;39.6000460799996;-0.053705956786871;0.0015999999595806;-3.29693579673767;
397;39.7000703999993;-0.0521639063954353;0.00139999995008111;-3.30510568618774;
398;39.8000947199998;-0.0535996071994305;0.0015999999595806;-3.31324291229248;
399;39.9001190399995;-0.0543972216546535;0.00139999995008111;-3.32147765159607;
400;40.0000204799999;-0.0517650991678238;0.00150000001303852;-3.32948470115662;
401;40.1000447999995;-0.0524829514324665;0.00139999995008111;-3.33798003196716;
402;40.2000691199992;-0.0550884865224361;0.00139999995008111;-3.34649157524109;
403;40.3000934399997;-0.0524031892418861;0.00139999995008111;-3.35506820678711;
404;40.4001177599994;-0.0524297766387463;0.00139999995008111;-3.36349821090698;
405;40.5000191999998;-0.0557531639933586;0.00139999995008111;-3.37161922454834;
406;40.6000435199994;-0.0548757910728455;0.00139999995008111;-3.37970757484436;
407;40.70006784;-0.0526690594851971;0.00139999995008111;-3.38799118995667;
408;40.8000921599996;-0.0565507784485817;0.00150000001303852;-3.39617729187012;
409;40.9001164799993;-0.0525361262261868;0.00139999995008111;-3.40460753440857;
410;41.0000179199997;-0.0543706342577934;0.00150000001303852;-3.41316771507263;
411;41.1000422399993;-0.0531742163002491;0.00139999995008111;-3.42172813415527;
412;41.2000665599999;-0.051871445029974;0.00139999995008111;-3.43028855323792;
413;41.3000908799995;-0.051871445029974;0.00150000001303852;-3.43837690353394;
414;41.4001151999992;-0.0526158846914768;0.00139999995008111;-3.44646525382996;
415;41.5000166399996;-0.0572420433163643;0.00150000001303852;-3.45461869239807;
416;41.6000409599992;-0.0533071495592594;0.00130000000353903;-3.46277213096619;
417;41.7000652799998;-0.0558861009776592;0.00139999995008111;-3.4712347984314;
418;41.8000895999994;-0.0545301586389542;0.00150000001303852;-3.47982788085938;
419;41.90011392;-0.0534932613372803;0.00139999995008111;-3.48842072486877;
420;42.0000153599995;-0.0516055747866631;0.00139999995008111;-3.49688339233398;
421;42.10003968;-0.0566039532423019;0.00139999995008111;-3.50480890274048;
422;42.2000639999997;-0.0524031892418861;0.00139999995008111;-3.51292991638184;
423;42.3000883199993;-0.0519777946174145;0.00150000001303852;-3.52118110656738;
424;42.4001126399999;-0.0521904937922955;0.00139999995008111;-3.52941584587097;
425;42.5000140799993;-0.0527754090726376;0.00150000001303852;-3.5378623008728;
426;42.6000383999999;-0.0537857189774513;0.00139999995008111;-3.54640650749207;
427;42.7000627199996;-0.0522436648607254;0.00139999995008111;-3.55480408668518;
428;42.8000870399992;-0.0545833334326744;0.00139999995008111;-3.56326675415039;
429;42.9001113599998;-0.0530412793159485;0.00150000001303852;-3.57132244110107;
430;43.0000127999992;-0.0527488216757774;0.00150000001303852;-3.57947611808777;
431;43.1000371199998;-0.0562051460146904;0.00150000001303852;-3.58779215812683;
432;43.2000614399994;-0.0522968396544456;0.00139999995008111;-3.59599447250366;
433;43.30008576;-0.0543706342577934;0.00139999995008111;-3.60460376739502;
434;43.4001100799996;-0.0566039532423019;0.0015999999595806;-3.61316394805908;
435;43.50001152;-0.0522170774638653;0.00139999995008111;-3.62170815467834;
436;43.6000358399997;-0.0533071495592594;0.00150000001303852;-3.63020324707031;
437;43.7000601599993;-0.0562583208084106;0.00130000000353903;-3.6384220123291;
438;43.8000844799999;-0.0525361262261868;0.00150000001303852;-3.64647769927979;
439;43.9001087999995;-0.0533337369561195;0.00139999995008111;-3.65472888946533;
440;44.0000102399999;-0.0546630918979645;0.00139999995008111;-3.66280102729797;
441;44.1000345599996;-0.0560190342366695;0.0015999999595806;-3.67123103141785;
442;44.2000588799992;-0.0564976036548615;0.00139999995008111;-3.67977523803711;
443;44.3000831999998;-0.0549289658665657;0.00150000001303852;-3.68833565711975;
444;44.4001075199994;-0.0536793693900108;0.00139999995008111;-3.69687962532043;
445;44.5000089599998;-0.0538920685648918;0.00139999995008111;-3.70491909980774;
446;44.6000332799995;-0.0543972216546535;0.0015999999595806;-3.71300745010376;
447;44.7000576;-0.0546099171042442;0.00139999995008111;-3.7211446762085;
448;44.8000819199997;-0.0531210415065289;0.0015999999595806;-3.72933077812195;
449;44.9001062399993;-0.0548757910728455;0.00120000005699694;-3.7378261089325;
450;45.0000076799997;-0.0575079135596752;0.00150000001303852;-3.74641895294189;
451;45.1000319999994;-0.0545301586389542;0.00139999995008111;-3.75504446029663;
452;45.2000563199999;-0.0555138811469078;0.00139999995008111;-3.76342558860779;
453;45.3000806399996;-0.0544503964483738;0.00150000001303852;-3.77133512496948;
454;45.4001049599992;-0.055274598300457;0.00139999995008111;-3.77943968772888;
455;45.5000063999996;-0.055274598300457;0.00139999995008111;-3.78764200210571;
456;45.6000307199993;-0.0581725910305977;0.00139999995008111;-3.79589319229126;
457;45.7000550399998;-0.0529615171253681;0.00150000001303852;-3.80438828468323;
458;45.8000793599995;-0.0545567460358143;0.00139999995008111;-3.81299757957459;
459;45.90010368;-0.0558861009776592;0.00139999995008111;-3.8213951587677;
460;46.0000051199995;-0.0544238090515137;0.00139999995008111;-3.82987403869629;
461;46.1000294399992;-0.055832926183939;0.00150000001303852;-3.83792996406555;
462;46.2000537599997;-0.0567102991044521;0.00139999995008111;-3.84631133079529;
463;46.3000780799994;-0.0555936433374882;0.00170000002253801;-3.85449743270874;
464;46.4001023999999;-0.0573483891785145;0.00139999995008111;-3.86273217201233;
465;46.5000038399994;-0.0537325441837311;0.00150000001303852;-3.87124371528625;
466;46.60002816;-0.056391254067421;0.00139999995008111;-3.87977147102356;
467;46.7000524799996;-0.0554075315594673;0.00150000001303852;-3.88838076591492;
468;46.8000767999993;-0.0547960288822651;0.00150000001303852;-3.89684343338013;
469;46.9001011199998;-0.0568166486918926;0.00139999995008111;-3.90481781959534;
470;47.0000025599993;-0.0564976036548615;0.00150000001303852;-3.91288995742798;
471;47.1000268799999;-0.0557265765964985;0.00139999995008111;-3.92109227180481;
472;47.2000511999995;-0.0593690127134323;0.00150000001303852;-3.92927837371826;
473;47.3000755199992;-0.0595285333693028;0.00139999995008111;-3.93775725364685;
474;47.4000998399997;-0.0589170306921005;0.0015999999595806;-3.94633388519287;
475;47.5000012799992;-0.0616820901632309;0.00139999995008111;-3.95489406585693;
476;47.6000255999998;-0.0564710162580013;0.00139999995008111;-3.96338939666748;
477;47.7000499199994;-0.0565241910517216;0.00150000001303852;-3.97139644622803;
478;47.80007424;-0.0544769838452339;0.00139999995008111;-3.97948479652405;
479;47.9000985599996;-0.0563380792737007;0.0015999999595806;-3.9876708984375;
480;48.0001228799993;-0.0541313514113426;0.00130000000353903;-3.99590563774109;
481;48.1000243199996;-0.0560456216335297;0.0015999999595806;-4.00440073013306;
482;48.2000486399993;-0.0594487711787224;0.00139999995008111;-4.01301002502441;
483;48.3000729599999;-0.0573749765753746;0.00150000001303852;-4.02161931991577;
484;48.4000972799995;-0.0561519712209702;0.00139999995008111;-4.02995157241821;
485;48.5001215999991;-0.0565241910517216;0.00139999995008111;-4.03789377212524;
486;48.6000230399995;-0.0563646666705608;0.0015999999595806;-4.04596567153931;
487;48.7000473599992;-0.0581194162368774;0.00139999995008111;-4.05426597595215;
488;48.8000716799997;-0.0604856684803963;0.00150000001303852;-4.06259822845459;
489;48.9000959999994;-0.0548492036759853;0.00139999995008111;-4.07109355926514;
490;49.00012032;-0.0555138811469078;0.00150000001303852;-4.07963752746582;
491;49.1000217599994;-0.0578535459935665;0.00150000001303852;-4.08816528320313;
492;49.20004608;-0.0566305406391621;0.00139999995008111;-4.09654664993286;
493;49.3000703999996;-0.0554075315594673;0.00150000001303852;-4.10445594787598;
494;49.4000947199993;-0.0562849082052708;0.00139999995008111;-4.11262559890747;
495;49.5001190399998;-0.0578535459935665;0.00139999995008111;-4.12084436416626;
496;49.6000204799993;-0.0549289658665657;0.00139999995008111;-4.12907934188843;
497;49.7000447999999;-0.0541047640144825;0.00150000001303852;-4.13762331008911;
498;49.8000691199995;-0.0584650486707687;0.00150000001303852;-4.14628124237061;
499;49.9000934399992;-0.0549821369349957;0.00130000000353903;-4.15472793579102;
500;50.0001177599997;-0.0535730198025703;0.00150000001303852;-4.16325569152832;
501;50.1000191999992;-0.0591829009354115;0.00139999995008111;-4.17121362686157;
502;50.2000435199998;-0.0567634738981724;0.00150000001303852;-4.17951345443726;
503;50.3000678399994;-0.0564444288611412;0.00139999995008111;-4.1877646446228;
504;50.40009216;-0.0551948361098766;0.00150000001303852;-4.19595098495483;
505;50.5001164799996;-0.0555404685437679;0.00150000001303852;-4.20439720153809;
506;50.60001792;-0.0535198487341404;0.00139999995008111;-4.21297407150269;
507;50.7000422399997;-0.0551150739192963;0.00150000001303852;-4.22153425216675;
508;50.8000665599993;-0.0574281513690948;0.00130000000353903;-4.22999668121338;
509;50.9000908799999;-0.0554607063531876;0.0015999999595806;-4.23797130584717;
510;51.0001151999995;-0.0568432360887527;0.00139999995008111;-4.24605989456177;
511;51.1000166399999;-0.0556734018027782;0.00139999995008111;-4.25421333312988;
512;51.2000409599996;-0.0559658631682396;0.00139999995008111;-4.26246452331543;
513;51.3000652799992;-0.0569761730730534;0.00150000001303852;-4.27099227905273;
514;51.4000895999998;-0.0588372685015202;0.00150000001303852;-4.27963399887085;
515;51.5001139199994;-0.0550884865224361;0.00139999995008111;-4.28821039199829;
516;51.6000153599998;-0.0558861009776592;0.00130000000353903;-4.29652690887451;
517;51.7000396799995;-0.0587575063109398;0.00150000001303852;-4.30441999435425;
518;51.800064;-0.0573483891785145;0.00130000000353903;-4.31255722045898;
519;51.9000883199997;-0.0537591315805912;0.00150000001303852;-4.32084083557129;
520;52.0001126399993;-0.0604590810835361;0.00139999995008111;-4.3290753364563;
521;52.1000140799997;-0.0554075315594673;0.00139999995008111;-4.33757066726685;
522;52.2000383999994;-0.0550884865224361;0.00150000001303852;-4.34608221054077;
523;52.3000627199999;-0.0587043352425098;0.00139999995008111;-4.35454511642456;
524;52.4000870399996;-0.0556468144059181;0.00150000001303852;-4.36279630661011;
525;52.5001113599992;-0.0579333081841469;0.00130000000353903;-4.37088441848755;
526;52.6000127999996;-0.0599805153906345;0.00150000001303852;-4.37898921966553;
527;52.7000371199993;-0.0557531639933586;0.00139999995008111;-4.38748455047607;
528;52.8000614399998;-0.0557265765964985;0.00150000001303852;-4.39584922790527;
529;52.9000857599995;-0.0583587028086185;0.00139999995008111;-4.40437746047974;
530;53.00011008;-0.0541845262050629;0.00150000001303852;-4.41298627853394;
531;53.1000115199995;-0.0591829009354115;0.00139999995008111;-4.42148160934448;
532;53.2000358399991;-0.0539452396333218;0.00139999995008111;-4.43004179000854;
533;53.3000601599997;-0.0540250018239021;0.00150000001303852;-4.4379677772522;
534;53.4000844799994;-0.0560190342366695;0.00139999995008111;-4.44612121582031;
535;53.5001087999999;-0.0591829009354115;0.00150000001303852;-4.45432329177856;
536;53.6000102399994;-0.0603261478245258;0.00139999995008111;-4.46249294281006;
537;53.7000345599999;-0.057454738765955;0.00150000001303852;-4.47093963623047;
538;53.8000588799996;-0.0555404685437679;0.00139999995008111;-4.47954893112183;
539;53.9000831999992;-0.059581708163023;0.00139999995008111;-4.48810911178589;
540;54.0001075199998;-0.0573749765753746;0.00139999995008111;-4.49653911590576;
541;54.1000089599993;-0.0603793226182461;0.00139999995008111;-4.50444841384888;
542;54.2000332799998;-0.0571622811257839;0.00150000001303852;-4.51255321502686;
543;54.3000575999995;-0.0602197982370853;0.00150000001303852;-4.52073907852173;
544;54.40008192;-0.0670526847243309;0.00139999995008111;-4.52903938293457;
545;54.5001062399997;-0.0699506774544716;0.00139999995008111;-4.53756713867188;
546;54.6000076799992;-0.0808248072862625;0.00139999995008111;-4.54620885848999;
547;54.7000319999997;-0.097255639731884;0.00139999995008111;-4.55475282669067;
548;54.8000563199994;-0.115733675658703;0.00130000000353903;-4.5630202293396;
549;54.9000806399999;-0.14434140920639;0.00150000001303852;-4.57091331481934;
550;55.0001049599996;-0.177655056118965;0.00139999995008111;-4.57905054092407;
551;55.1000064;-0.21918411552906;0.00139999995008111;-4.58738279342651;
552;55.2000307199996;-0.274591654539108;0.00139999995008111;-4.59566688537598;
553;55.3000550399993;-0.330211877822876;0.00139999995008111;-4.60424327850342;
554;55.4000793599998;-0.39803558588028;0.0015999999595806;-4.6127872467041;
555;55.5001036799995;-0.469156086444855;0.00139999995008111;-4.62131500244141;
556;55.6000051199999;-0.542988479137421;0.00150000001303852;-4.62963151931763;
557;55.7000294399995;-0.616023302078247;0.00139999995008111;-4.63768720626831;
558;55.8000537599992;-0.695625066757202;0.00139999995008111;-4.64579200744629;
559;55.9000780799997;-0.779959380626678;0.00150000001303852;-4.65409183502197;
560;56.0001023999994;-0.866287708282471;0.00130000000353903;-4.66231060028076;
561;56.1000038399998;-0.954902529716492;0.0015999999595806;-4.67087078094482;
562;56.2000281599994;-1.04346418380737;0.00139999995008111;-4.67938232421875;
563;56.30005248;-1.13253104686737;0.00150000001303852;-4.6878776550293;
564;56.4000767999996;-1.21375465393066;0.00139999995008111;-4.69617748260498;
565;56.5001011199993;-1.30048179626465;0.00139999995008111;-4.70423316955566;
566;56.6000025599997;-1.38957512378693;0.00150000001303852;-4.71238660812378;
567;56.7000268799993;-1.4877347946167;0.00130000000353903;-4.72075176239014;
568;56.8000511999999;-1.58121502399445;0.00150000001303852;-4.72900295257568;
569;56.9000755199995;-1.68309676647186;0.00130000000353903;-4.73754692077637;
570;57.0000998399992;-1.7815488576889;0.00150000001303852;-4.74609088897705;
571;57.1000012799996;-1.88441431522369;0.00139999995008111;-4.75455379486084;
572;57.2000255999992;-1.98063313961029;0.00139999995008111;-4.7629189491272;
573;57.3000499199998;-2.07302331924438;0.00150000001303852;-4.77090978622437;
574;57.4000742399994;-2.17221975326538;0.00130000000353903;-4.77906322479248;
575;57.50009856;-2.25666046142578;0.00150000001303852;-4.78728151321411;
576;57.6001228799996;-2.34721612930298;0.00139999995008111;-4.79556512832642;
577;57.70002432;-2.44952321052551;0.00139999995008111;-4.80414199829102;
578;57.8000486399997;-2.55236220359802;0.00139999995008111;-4.81273460388184;
579;57.9000729599993;-2.65408444404602;0.00130000000353903;-4.82116508483887;
580;58.0000972799999;-2.75607252120972;0.00150000001303852;-4.82949733734131;
581;58.1001215999995;-2.84878182411194;0.00130000000353903;-4.83734178543091;
582;58.2000230399999;-2.946781873703;0.00150000001303852;-4.84559297561646;
583;58.3000473599996;-3.05328989028931;0.00139999995008111;-4.85394144058228;
584;58.4000716799992;-3.16017007827759;0.00139999995008111;-4.86224174499512;
585;58.5000959999998;-3.26832628250122;0.00150000001303852;-4.8707857131958;
586;58.6001203199994;-3.37778544425964;0.00139999995008111;-4.87931346893311;
587;58.7000217599998;-3.48243236541748;0.00150000001303852;-4.88756465911865;
588;58.8000460799994;-3.59290170669556;0.00130000000353903;-4.89586448669434;
589;58.9000704;-3.69587349891663;0.00150000001303852;-4.90383911132813;
590;59.0000947199997;-3.80286002159119;0.00139999995008111;-4.91207361221313;
591;59.1001190399993;-3.91114950180054;0.00139999995008111;-4.92047166824341;
592;59.2000204799997;-4.01856136322021;0.0015999999595806;-4.92877149581909;
593;59.3000447999993;-4.13631534576416;0.00130000000353903;-4.93744564056396;
594;59.4000691199999;-4.25154399871826;0.00150000001303852;-4.94600582122803;
595;59.5000934399995;-4.3640341758728;0.00139999995008111;-4.95455026626587;
596;59.6001177599992;-4.47498226165771;0.00139999995008111;-4.96285009384155;
597;59.7000191999996;-4.58377647399902;0.00139999995008111;-4.97098731994629;
598;59.8000435199992;-4.69041728973389;0.00139999995008111;-4.97909212112427;
599;59.9000678399998;-4.79844093322754;0.00139999995008111;-4.98744058609009;
600;60.0000921599994;-4.90941524505615;0.00139999995008111;-4.99562692642212;
601;60.10011648;-5.02658462524414;0.00150000001303852;-5.00415468215942;
602;60.2000179199995;-5.14037752151489;0.00139999995008111;-5.01266622543335;
603;60.30004224;-5.25869035720825;0.00139999995008111;-5.02116107940674;
604;60.4000665599997;-5.36804294586182;0.00139999995008111;-5.02946138381958;
605;60.5000908799993;-5.47580051422119;0.00139999995008111;-5.03746843338013;
606;60.6001151999999;-5.58735990524292;0.0015999999595806;-5.04558897018433;
607;60.7000166399994;-5.69777631759644;0.00139999995008111;-5.05385637283325;
608;60.8000409599999;-5.81164884567261;0.00150000001303852;-5.06215667724609;
609;60.9000652799996;-5.92743539810181;0.00139999995008111;-5.07070064544678;
610;61.0000895999992;-6.04614686965942;0.00150000001303852;-5.07926082611084;
611;61.1001139199998;-6.16249227523804;0.00139999995008111;-5.08772373199463;
612;61.2000153599993;-6.27144622802734;0.00139999995008111;-5.09594202041626;
613;61.3000396799998;-6.3825535774231;0.00150000001303852;-5.10386800765991;
614;61.4000639999995;-6.49613380432129;0.00139999995008111;-5.1121187210083;
615;61.50008832;-6.60756015777588;0.00150000001303852;-5.12043523788452;
616;61.6001126399997;-6.72488927841187;0.00150000001303852;-5.12876749038696;
617;61.7000140799992;-6.84477043151855;0.00150000001303852;-5.1373119354248;
618;61.8000383999997;-6.9628701210022;0.0015999999595806;-5.14587211608887;
619;61.9000627199994;-7.08030557632446;0.00130000000353903;-5.15413951873779;
620;62.0000870399999;-7.19367265701294;0.00150000001303852;-5.16247177124023;
621;62.1001113599996;-7.30464744567871;0.00139999995008111;-5.17044639587402;
622;62.2000128;-7.42482137680054;0.00150000001303852;-5.1788763999939;
623;62.3000371199996;-7.53664636611938;0.0015999999595806;-5.18714380264282;
624;62.4000614399993;-7.65759134292603;0.00130000000353903;-5.19552516937256;
625;62.5000857599998;-7.77555799484253;0.00150000001303852;-5.20410203933716;
626;62.6001100799995;-7.89512062072754;0.00150000001303852;-5.21264600753784;
627;62.7000115199999;-8.01614475250244;0.00139999995008111;-5.22107601165771;
628;62.8000358399995;-8.13036346435547;0.00150000001303852;-5.22937631607056;
629;62.9000601599992;-8.23998165130615;0.00150000001303852;-5.23728561401367;
630;63.0000844799997;-8.35949039459229;0.00150000001303852;-5.24553680419922;
631;63.1001087999994;-8.47578239440918;0.00130000000353903;-5.25385284423828;
632;63.2000102399998;-8.59199523925781;0.0015999999595806;-5.26212024688721;
633;63.3000345599994;-8.71437549591064;0.00130000000353903;-5.27071332931519;
634;63.40005888;-8.83151817321777;0.0015999999595806;-5.27922439575195;
635;63.5000831999996;-8.9544038772583;0.00139999995008111;-5.28767108917236;
636;63.6001075199993;-9.06899452209473;0.00139999995008111;-5.29592227935791;
637;63.7000089599997;-9.17925071716309;0.00150000001303852;-5.30391311645508;
638;63.8000332799993;-9.29769611358643;0.00139999995008111;-5.31205034255981;
639;63.9000575999999;-9.41183471679688;0.0015999999595806;-5.32036638259888;
640;64.0000819199995;-9.53565120697021;0.00139999995008111;-5.32868242263794;
641;64.1001062399992;-9.65834999084473;0.00150000001303852;-5.33727550506592;
642;64.2000076799995;-9.77868366241455;0.00150000001303852;-5.34578704833984;
643;64.3000319999992;-9.89997386932373;0.00150000001303852;-5.35424947738647;
644;64.4000563199997;-10.0167980194092;0.00150000001303852;-5.36246824264526;
645;64.5000806399994;-10.1324777603149;0.00139999995008111;-5.37044286727905;
646;64.60010496;-10.2471485137939;0.0015999999595806;-5.37861251831055;
647;64.7000063999994;-10.3685445785522;0.00139999995008111;-5.3870587348938;
648;64.80003072;-10.4899950027466;0.00150000001303852;-5.3953914642334;
649;64.9000550399996;-10.6160173416138;0.00150000001303852;-5.40396785736084;
650;65.0000793599993;-10.7409772872925;0.00139999995008111;-5.41252851486206;
651;65.1001036799998;-10.8578538894653;0.00139999995008111;-5.42087697982788;
652;65.2000051199993;-10.9799947738647;0.00139999995008111;-5.42912817001343;
653;65.3000294399999;-11.0921659469604;0.00150000001303852;-5.43702125549316;
654;65.4000537599995;-11.2056665420532;0.00139999995008111;-5.44533777236938;
655;65.5000780799992;-11.3287115097046;0.00130000000353903;-5.45358848571777;
656;65.6001023999997;-11.4479284286499;0.00150000001303852;-5.46193742752075;
657;65.7000038399992;-11.5764770507813;0.00130000000353903;-5.47049760818481;
658;65.8000281599998;-11.7004518508911;0.00150000001303852;-5.47907447814941;
659;65.9000524799994;-11.8203601837158;0.00139999995008111;-5.48735809326172;
660;66.0000768;-11.9435377120972;0.00150000001303852;-5.49578809738159;
661;66.1001011199996;-12.0560550689697;0.00150000001303852;-5.50366497039795;
662;66.20000256;-12.1833009719849;0.00139999995008111;-5.51217651367188;
663;66.3000268799997;-12.2988748550415;0.00150000001303852;-5.5204930305481;
664;66.4000511999993;-12.4267854690552;0.00139999995008111;-5.52884149551392;
665;66.5000755199999;-12.5479421615601;0.00150000001303852;-5.53732061386108;
666;66.6000998399995;-12.6765975952148;0.00139999995008111;-5.54586458206177;
667;66.7000012799999;-12.796425819397;0.00150000001303852;-5.55421352386475;
668;66.8000255999996;-12.9178485870361;0.00139999995008111;-5.56248092651367;
669;66.9000499199992;-13.0335025787354;0.00150000001303852;-5.5704550743103;
670;67.0000742399998;-13.1522407531738;0.00150000001303852;-5.57870626449585;
671;67.1000985599994;-13.2764558792114;0.00139999995008111;-5.58702278137207;
672;67.20012288;-13.3959112167358;0.00139999995008111;-5.59533882141113;
673;67.3000243199995;-13.5214557647705;0.00150000001303852;-5.6038990020752;
674;67.40004864;-13.6430387496948;0.00139999995008111;-5.61239433288574;
675;67.5000729599997;-13.7680511474609;0.00150000001303852;-5.62079191207886;
676;67.6000972799993;-13.8906173706055;0.00139999995008111;-5.62899446487427;
677;67.7001215999999;-14.0007410049438;0.00150000001303852;-5.63693618774414;
678;67.8000230399994;-14.1242647171021;0.00139999995008111;-5.64520359039307;
679;67.9000473599999;-14.2460603713989;0.00150000001303852;-5.65368270874023;
680;68.0000716799996;-14.3750343322754;0.00150000001303852;-5.6619176864624;
681;68.1000959999992;-14.4980268478394;0.00139999995008111;-5.67051029205322;
682;68.2001203199998;-14.6230659484863;0.00150000001303852;-5.67892408370972;
683;68.3000217599993;-14.7425479888916;0.00139999995008111;-5.68722438812256;
684;68.4000460799998;-14.8628282546997;0.00150000001303852;-5.69532871246338;
685;68.5000703999995;-14.9790668487549;0.00139999995008111;-5.70351505279541;
686;68.60009472;-15.0958108901978;0.00150000001303852;-5.71160316467285;
687;68.7001190399997;-15.22776222229;0.00139999995008111;-5.72019624710083;
688;68.8000204799991;-15.3482551574707;0.00139999995008111;-5.7286262512207;
689;68.9000447999997;-15.4786386489868;0.00150000001303852;-5.73726797103882;
690;69.0000691199994;-15.6026401519775;0.00150000001303852;-5.74579572677612;
691;69.1000934399999;-15.7303380966187;0.00139999995008111;-5.754225730896;
692;69.2001177599996;-15.8501930236816;0.00139999995008111;-5.76259088516235;
693;69.3000192;-15.9665384292603;0.00139999995008111;-5.77043533325195;
694;69.4000435199996;-16.0847969055176;0.00150000001303852;-5.7786865234375;
695;69.5000678399992;-16.2115917205811;0.00150000001303852;-5.78700256347656;
696;69.6000921599998;-16.3323230743408;0.00139999995008111;-5.79535150527954;
697;69.7001164799995;-16.4605255126953;0.00139999995008111;-5.80387926101685;
698;69.8000179199998;-16.5876922607422;0.0015999999595806;-5.81242322921753;
699;69.9000422399995;-16.7107906341553;0.00139999995008111;-5.82077217102051;
700;70.0000665600001;-16.8336238861084;0.00150000001303852;-5.82910442352295;
701;70.1000908799997;-16.9485321044922;0.00139999995008111;-5.83706283569336;
702;70.2001151999993;-17.0757522583008;0.00150000001303852;-5.84534645080566;
703;70.3000166399997;-17.1910343170166;0.00150000001303852;-5.85353231430054;
704;70.4000409599994;-17.3203525543213;0.00139999995008111;-5.86191368103027;
705;70.5000652799999;-17.4442481994629;0.00150000001303852;-5.87040901184082;
706;70.6000895999996;-17.5745258331299;0.00139999995008111;-5.87892055511475;
707;70.7001139199992;-17.6932106018066;0.00150000001303852;-5.887122631073;
708;70.8000153599996;-17.8219184875488;0.00139999995008111;-5.89547157287598;
709;70.9000396799993;-17.9357376098633;0.00130000000353903;-5.90338087081909;
710;71.0000639999998;-18.0648441314697;0.00150000001303852;-5.91177845001221;
711;71.1000883199995;-18.1886081695557;0.00139999995008111;-5.92022514343262;
712;71.20011264;-18.3151626586914;0.00150000001303852;-5.9285249710083;
713;71.3000140799995;-18.4433650970459;0.00130000000353903;-5.93710136413574;
714;71.4000383999992;-18.571647644043;0.00150000001303852;-5.94559669494629;
715;71.5000627199997;-18.6998767852783;0.00150000001303852;-5.95397806167603;
716;71.6000870399994;-18.8233737945557;0.00150000001303852;-5.96218061447144;
717;71.7001113599999;-18.9470043182373;0.00139999995008111;-5.97033405303955;
718;71.8000127999994;-19.066780090332;0.00139999995008111;-5.97850370407104;
719;71.90003712;-19.1972961425781;0.0015999999595806;-5.9869499206543;
720;72.0000614399996;-19.3227062225342;0.00139999995008111;-5.99520111083984;
721;72.1000857599993;-19.4518928527832;0.00150000001303852;-6.00384283065796;
722;72.2001100799998;-19.5788478851318;0.00139999995008111;-6.01220798492432;
723;72.3000115199993;-19.7060661315918;0.00139999995008111;-6.02060556411743;
724;72.4000358399999;-19.8236351013184;0.00150000001303852;-6.02862882614136;
725;72.5000601599995;-19.9465465545654;0.00139999995008111;-6.03674983978271;
726;72.6000844799992;-20.0691928863525;0.00150000001303852;-6.04498481750488;
727;72.7001087999997;-20.2042560577393;0.00139999995008111;-6.05359363555908;
728;72.8000102399992;-20.3308372497559;0.00150000001303852;-6.06194257736206;
729;72.9000345599998;-20.4627075195313;0.00139999995008111;-6.0705189704895;
730;73.0000588799994;-20.5934638977051;0.00150000001303852;-6.07901430130005;
731;73.1000832;-20.7191410064697;0.00150000001303852;-6.08737945556641;
732;73.2001075199996;-20.8427982330322;0.00139999995008111;-6.09553289413452;
733;73.30000896;-20.9619083404541;0.00139999995008111;-6.10349130630493;
734;73.4000332799997;-21.0849800109863;0.0015999999595806;-6.11177492141724;
735;73.5000575999993;-21.214485168457;0.00139999995008111;-6.12010717391968;
736;73.6000819199999;-21.3430328369141;0.00150000001303852;-6.12852096557617;
737;73.7001062399995;-21.4736557006836;0.00130000000353903;-6.13706541061401;
738;73.8000076799999;-21.603214263916;0.0015999999595806;-6.14554405212402;
739;73.9000319999996;-21.7267646789551;0.00139999995008111;-6.15381145477295;
740;74.0000563199992;-21.8554992675781;0.00139999995008111;-6.16209554672241;
741;74.1000806399998;-21.9733333587646;0.00150000001303852;-6.16998863220215;
742;74.2001049599994;-22.0999145507813;0.00139999995008111;-6.17836952209473;
743;74.3000063999998;-22.2267894744873;0.0015999999595806;-6.18673467636108;
744;74.4000307199995;-22.3589000701904;0.00139999995008111;-6.1951322555542;
745;74.50005504;-22.4899749755859;0.00150000001303852;-6.20364379882813;
746;74.6000793599997;-22.6197185516357;0.00139999995008111;-6.21215534210205;
747;74.7001036799993;-22.7443065643311;0.00150000001303852;-6.22021102905273;
748;74.8000051199997;-22.8731479644775;0.00150000001303852;-6.22860908508301;
749;74.9000294399993;-22.9939594268799;0.00139999995008111;-6.2366156578064;
750;75.0000537599999;-23.1205406188965;0.00150000001303852;-6.244948387146;
751;75.1000780799995;-23.2480792999268;0.00139999995008111;-6.25332975387573;
752;75.2001023999992;-23.3774242401123;0.0015999999595806;-6.26169490814209;
753;75.3000038399996;-23.5106525421143;0.00150000001303852;-6.27031993865967;
754;75.4000281599992;-23.639627456665;0.00130000000353903;-6.27876663208008;
755;75.5000524799998;-23.7657833099365;0.00150000001303852;-6.28719663619995;
756;75.6000767999994;-23.89111328125;0.00139999995008111;-6.2954478263855;
757;75.70010112;-24.016206741333;0.00150000001303852;-6.30358505249023;
758;75.8000025599995;-24.1427345275879;0.00139999995008111;-6.31180381774902;
759;75.90002688;-24.2708568572998;0.00150000001303852;-6.32029867172241;
760;76.0000511999997;-24.3954448699951;0.00150000001303852;-6.32850122451782;
761;76.1000755199993;-24.5311985015869;0.00139999995008111;-6.33712673187256;
762;76.2000998399999;-24.6577529907227;0.00150000001303852;-6.34549188613892;
763;76.3000012799994;-24.7873115539551;0.00150000001303852;-6.35387277603149;
764;76.4000255999999;-24.9099311828613;0.00150000001303852;-6.36192893981934;
765;76.5000499199996;-25.0370178222656;0.00139999995008111;-6.37018013000488;
766;76.6000742399992;-25.1609935760498;0.00139999995008111;-6.37836599349976;
767;76.7000985599998;-25.289966583252;0.0015999999595806;-6.38679599761963;
768;76.8001228799994;-25.4164161682129;0.00139999995008111;-6.39512872695923;
769;76.9000243199998;-25.5485801696777;0.00150000001303852;-6.40368890762329;
770;77.0000486399995;-25.6762237548828;0.00139999995008111;-6.41205406188965;
771;77.10007296;-25.8019542694092;0.00150000001303852;-6.42032146453857;
772;77.2000972799997;-25.925745010376;0.0015999999595806;-6.42845869064331;
773;77.3001215999993;-26.04660987854;0.00139999995008111;-6.43648195266724;
774;77.4000230399997;-26.1757965087891;0.00150000001303852;-6.44489574432373;
775;77.5000473599994;-26.3043975830078;0.00139999995008111;-6.45330953598022;
776;77.6000716799999;-26.4352054595947;0.0015999999595806;-6.46172332763672;
777;77.7000959999996;-26.5672645568848;0.00139999995008111;-6.47021865844727;
778;77.8001203199992;-26.7003860473633;0.00150000001303852;-6.47881174087524;
779;77.9000217599996;-26.8192043304443;0.00139999995008111;-6.48680257797241;
780;78.0000460799993;-26.9490013122559;0.00150000001303852;-6.49521636962891;
781;78.1000703999998;-27.0660648345947;0.00139999995008111;-6.50307703018188;
782;78.2000947199995;-27.2019786834717;0.00139999995008111;-6.51168584823608;
783;78.30011904;-27.3294639587402;0.0015999999595806;-6.51996946334839;
784;78.4000204799995;-27.4584369659424;0.00139999995008111;-6.52849769592285;
785;78.5000447999992;-27.5906543731689;0.00150000001303852;-6.53704166412354;
786;78.6000691199997;-27.7212238311768;0.00139999995008111;-6.54556941986084;
787;78.7000934399994;-27.8480434417725;0.00130000000353903;-6.55383682250977;
788;78.8001177599999;-27.9763278961182;0.00150000001303852;-6.56208801269531;
789;78.9000191999994;-28.0879669189453;0.00139999995008111;-6.569899559021;
790;79.00004352;-28.2211933135986;0.00150000001303852;-6.57821559906006;
791;79.1000678399996;-28.3474025726318;0.00139999995008111;-6.58664608001709;
792;79.2000921599993;-28.4780254364014;0.00150000001303852;-6.59501123428345;
793;79.3001164799998;-28.6122627258301;0.00139999995008111;-6.60362005233765;
794;79.4000179199993;-28.7411842346191;0.00139999995008111;-6.61209917068481;
795;79.5000422399999;-28.870849609375;0.00150000001303852;-6.62044811248779;
796;79.6000665599995;-28.996898651123;0.00150000001303852;-6.62863397598267;
797;79.7000908799992;-29.1158237457275;0.00150000001303852;-6.63672256469727;
798;79.8001151999997;-29.2410488128662;0.00139999995008111;-6.64490842819214;
799;79.9000166399992;-29.3703670501709;0.00150000001303852;-6.65333843231201;
800;80.0000409599998;-29.4974002838135;0.00150000001303852;-6.66158962249756;
801;80.1000652799994;-29.6300449371338;0.00139999995008111;-6.67023134231567;
802;80.2000896;-29.75319480896;0.00150000001303852;-6.67845010757446;
803;80.3001139199996;-29.8837909698486;0.00139999995008111;-6.68688011169434;
804;80.40001536;-30.0067043304443;0.00150000001303852;-6.69491958618164;
805;80.5000396799996;-30.1297492980957;0.00139999995008111;-6.70318698883057;
806;80.6000639999993;-30.2578716278076;0.00139999995008111;-6.71145439147949;
807;80.7000883199999;-30.3870048522949;0.00150000001303852;-6.7199821472168;
808;80.8001126399995;-30.5218811035156;0.00150000001303852;-6.72828197479248;
809;80.9000140799999;-30.6533813476563;0.00139999995008111;-6.73682641983032;
810;81.0000383999995;-30.7782878875732;0.00139999995008111;-6.74519109725952;
811;81.1000627199992;-30.91162109375;0.00150000001303852;-6.75350761413574;
812;81.2000870399997;-31.0365543365479;0.00139999995008111;-6.76177501678467;
813;81.3001113599994;-31.1617527008057;0.00139999995008111;-6.76983070373535;
814;81.4000127999998;-31.2861270904541;0.00150000001303852;-6.77826070785522;
815;81.5000371199994;-31.41552734375;0.00150000001303852;-6.78652811050415;
816;81.60006144;-31.5465469360352;0.00150000001303852;-6.79499101638794;
817;81.7000857599996;-31.6787395477295;0.00130000000353903;-6.80350255966187;
818;81.8001100799993;-31.8117008209229;0.00150000001303852;-6.81201410293579;
819;81.9000115199997;-31.9301986694336;0.00139999995008111;-6.81998872756958;
820;82.0000358399993;-32.0613288879395;0.00150000001303852;-6.82840251922607;
821;82.1000601599999;-32.1832542419434;0.0015999999595806;-6.83627939224243;
822;82.2000844799995;-32.314567565918;0.00139999995008111;-6.84490442276001;
823;82.3001087999992;-32.4504013061523;0.00139999995008111;-6.85330200195313;
824;82.4000102399996;-32.5799331665039;0.00139999995008111;-6.86179733276367;
825;82.5000345599992;-32.7149429321289;0.00139999995008111;-6.87027645111084;
826;82.6000588799998;-32.8494491577148;0.00150000001303852;-6.87880420684814;
827;82.7000831999994;-32.969409942627;0.00130000000353903;-6.88690900802612;
828;82.80010752;-33.0972938537598;0.00139999995008111;-6.89511108398438;
829;82.9000089599995;-33.218448638916;0.00150000001303852;-6.90303707122803;
830;83.00003328;-33.3515205383301;0.00150000001303852;-6.91145086288452;
831;83.1000575999997;-33.4816627502441;0.00150000001303852;-6.91986465454102;
832;83.2000819199993;-33.6111679077148;0.00139999995008111;-6.92827844619751;
833;83.3001062399999;-33.7449798583984;0.00130000000353903;-6.93690395355225;
834;83.4000076799994;-33.873291015625;0.00139999995008111;-6.94523620605469;
835;83.5000319999999;-34.002742767334;0.00150000001303852;-6.95355272293091;
836;83.6000563199996;-34.125919342041;0.00139999995008111;-6.96164083480835;
837;83.7000806399992;-34.2470245361328;0.00150000001303852;-6.96972942352295;
838;83.8001049599998;-34.3764228820801;0.00150000001303852;-6.97796440124512;
839;83.9000063999993;-34.5083236694336;0.00150000001303852;-6.9865083694458;
840;84.0000307199998;-34.6325645446777;0.00150000001303852;-6.99474334716797;
841;84.1000550399995;-34.7760543823242;0.0015999999595806;-7.00336837768555;
842;84.20007936;-34.8999786376953;0.00150000001303852;-7.01158714294434;
843;84.3001036799997;-35.0346145629883;0.00150000001303852;-7.0200662612915;
844;84.4000051199992;-35.1595993041992;0.00150000001303852;-7.02805709838867;
845;84.5000294399997;-35.2802543640137;0.0015999999595806;-7.03640556335449;
846;84.6000537599994;-35.4111137390137;0.00139999995008111;-7.04449415206909;
847;84.7000780799999;-35.5422668457031;0.00150000001303852;-7.05307054519653;
848;84.8001023999996;-35.6722526550293;0.00139999995008111;-7.06143569946289;
849;84.90000384;-35.8145751953125;0.00150000001303852;-7.07014274597168;
850;85.0000281599996;-35.9399032592773;0.00139999995008111;-7.07852363586426;
851;85.1000524799992;-36.073371887207;0.00130000000353903;-7.08695411682129;
852;85.2000767999998;-36.2024002075195;0.0015999999595806;-7.09525394439697;
853;85.3001011199995;-36.3184509277344;0.00139999995008111;-7.10314702987671;
854;85.4000025599998;-36.454418182373;0.00150000001303852;-7.11159324645996;
855;85.5000268799995;-36.5771980285645;0.00139999995008111;-7.11990976333618;
856;85.6000511999991;-36.7110366821289;0.00150000001303852;-7.12832355499268;
857;85.7000755199997;-36.8455390930176;0.00150000001303852;-7.13675355911255;
858;85.8000998399993;-36.9744338989258;0.00150000001303852;-7.14520025253296;
859;85.9000012799997;-37.1030883789063;0.00150000001303852;-7.1533374786377;
860;86.0000255999994;-37.2329139709473;0.00139999995008111;-7.16166973114014;
861;86.1000499199999;-37.3526382446289;0.0015999999595806;-7.16967678070068;
862;86.2000742399996;-37.4916076660156;0.00150000001303852;-7.17823696136475;
863;86.3000985599992;-37.6106910705566;0.00139999995008111;-7.18652105331421;
864;86.4001228799998;-37.7422981262207;0.0015999999595806;-7.19495105743408;
865;86.5000243199993;-37.8794593811035;0.00139999995008111;-7.20338106155396;
866;86.6000486399998;-38.0025062561035;0.00150000001303852;-7.21173000335693;
867;86.7000729599995;-38.125415802002;0.00150000001303852;-7.21962308883667;
868;86.80009728;-38.2537002563477;0.00150000001303852;-7.22802066802979;
869;86.9001215999997;-38.3749885559082;0.00150000001303852;-7.23607635498047;
870;87.0000230399992;-38.5110893249512;0.00150000001303852;-7.24462032318115;
871;87.1000473599997;-38.6412582397461;0.00150000001303852;-7.25309944152832;
872;87.2000716799994;-38.770393371582;0.00150000001303852;-7.26146459579468;
873;87.3000959999999;-38.9038619995117;0.00139999995008111;-7.27000856399536;
874;87.4001203199996;-39.0320358276367;0.00139999995008111;-7.27835750579834;
875;87.50002176;-39.1611442565918;0.0015999999595806;-7.28664112091064;
876;87.6000460799996;-39.2827262878418;0.00139999995008111;-7.29469680786133;
877;87.7000703999993;-39.4066734313965;0.00150000001303852;-7.30299663543701;
878;87.8000947199998;-39.5364189147949;0.00139999995008111;-7.31126403808594;
879;87.9001190399995;-39.6678924560547;0.00150000001303852;-7.31977558135986;
880;88.0000204799999;-39.7940483093262;0.0015999999595806;-7.32805967330933;
881;88.1000447999995;-39.9316635131836;0.00150000001303852;-7.33686399459839;
882;88.2000691199992;-40.0575256347656;0.00139999995008111;-7.34513139724731;
883;88.3000934399997;-40.1849327087402;0.00150000001303852;-7.35352897644043;
884;88.4001177599994;-40.3045463562012;0.00150000001303852;-7.36145448684692;
885;88.5000191999998;-40.4228324890137;0.00150000001303852;-7.36959171295166;
886;88.6000435199994;-40.5514869689941;0.00139999995008111;-7.37776136398315;
887;88.70006784;-40.685432434082;0.00150000001303852;-7.38640308380127;
888;88.8000921599996;-40.8105812072754;0.00150000001303852;-7.39478445053101;
889;88.9001164799993;-40.9526863098145;0.00150000001303852;-7.40342617034912;
890;89.0000179199997;-41.0755462646484;0.00150000001303852;-7.41180753707886;
891;89.1000422399993;-41.202205657959;0.00139999995008111;-7.42014026641846;
892;89.2000665599999;-41.3283882141113;0.00139999995008111;-7.42829370498657;
893;89.3000908799995;-41.4431381225586;0.00150000001303852;-7.43628406524658;
894;89.4001151999992;-41.5728302001953;0.00139999995008111;-7.44468212127686;
895;89.5000166399996;-41.7011947631836;0.00150000001303852;-7.45296573638916;
896;89.6000409599992;-41.8257293701172;0.00150000001303852;-7.46139574050903;
897;89.7000652799998;-41.9549407958984;0.00150000001303852;-7.46993970870972;
898;89.8000895999994;-42.0815773010254;0.00139999995008111;-7.4782886505127;
899;89.90011392;-42.2003135681152;0.00150000001303852;-7.48637676239014;
900;90.0000153599995;-42.3282508850098;0.00139999995008111;-7.49487209320068;
901;90.10003968;-42.4436645507813;0.0015999999595806;-7.50284671783447;
902;90.2000639999997;-42.5717620849609;0.00130000000353903;-7.5113582611084;
903;90.3000883199993;-42.6998596191406;0.00150000001303852;-7.51969051361084;
904;90.4001126399999;-42.8221855163574;0.00139999995008111;-7.52807188034058;
905;90.5000140799993;-42.9478378295898;0.00139999995008111;-7.53640460968018;
906;90.6000383999999;-43.0761184692383;0.00150000001303852;-7.54483461380005;
907;90.7000627199996;-43.190788269043;0.00139999995008111;-7.55274391174316;
908;90.8000870399992;-43.3242301940918;0.00150000001303852;-7.56132078170776;
909;90.9001113599998;-43.4396705627441;0.00139999995008111;-7.56932783126831;
910;91.0000127999992;-43.5657730102539;0.00139999995008111;-7.57787179946899;
911;91.1000371199998;-43.6906242370605;0.0015999999595806;-7.58628559112549;
912;91.2000614399994;-43.8152122497559;0.00139999995008111;-7.59463453292847;
913;91.30008576;-43.9432563781738;0.00150000001303852;-7.60321092605591;
914;91.4001100799996;-44.0640411376953;0.00139999995008111;-7.61149454116821;
915;91.50001152;-44.1849060058594;0.00150000001303852;-7.61974573135376;
916;91.6000358399997;-44.3027420043945;0.00150000001303852;-7.62793159484863;
917;91.7000601599993;-44.426929473877;0.00150000001303852;-7.63626432418823;
918;91.8000844799999;-44.5463562011719;0.00150000001303852;-7.64456415176392;
919;91.9001087999995;-44.6786041259766;0.00150000001303852;-7.65323829650879;
920;92.0000102399999;-44.7969131469727;0.00150000001303852;-7.66150569915771;
921;92.1000345599996;-44.9242401123047;0.00139999995008111;-7.67013120651245;
922;92.2000588799992;-45.0464363098145;0.00150000001303852;-7.67836618423462;
923;92.3000831999998;-45.1666069030762;0.00150000001303852;-7.6866660118103;
924;92.4001075199994;-45.2764663696289;0.00139999995008111;-7.69438028335571;
925;92.5000089599998;-45.3972244262695;0.00150000001303852;-7.70276165008545;
926;92.6000332799995;-45.5172119140625;0.00150000001303852;-7.71106147766113;
927;92.7000576;-45.64208984375;0.0015999999595806;-7.71968698501587;
928;92.8000819199997;-45.7650566101074;0.00139999995008111;-7.72803592681885;
929;92.9001062399993;-45.8893241882324;0.00139999995008111;-7.73669385910034;
930;93.0000076799997;-46.0039939880371;0.00150000001303852;-7.74487972259521;
931;93.1000319999994;-46.1201553344727;0.00130000000353903;-7.75306558609009;
932;93.2000563199999;-46.2313957214355;0.0015999999595806;-7.76118659973145;
933;93.3000806399996;-46.3492279052734;0.00139999995008111;-7.7693076133728;
934;93.4001049599992;-46.466983795166;0.00139999995008111;-7.77775382995605;
935;93.5000063999996;-46.5867042541504;0.00139999995008111;-7.78616809844971;
936;93.6000307199993;-46.7073822021484;0.00150000001303852;-7.79463052749634;
937;93.7000550399998;-46.826545715332;0.00139999995008111;-7.80302810668945;
938;93.8000793599995;-46.9428901672363;0.00139999995008111;-7.81153964996338;
939;93.90010368;-47.0572967529297;0.00150000001303852;-7.8196120262146;
940;94.0000051199995;-47.1744384765625;0.00139999995008111;-7.82799339294434;
941;94.1000294399992;-47.2777824401855;0.00150000001303852;-7.83588647842407;
942;94.2000537599997;-47.4018898010254;0.00130000000353903;-7.84454441070557;
943;94.3000780799994;-47.5152587890625;0.00150000001303852;-7.85269784927368;
944;94.4001023999999;-47.629768371582;0.00139999995008111;-7.86130666732788;
945;94.5000038399994;-47.7495956420898;0.00139999995008111;-7.86976957321167;
946;94.60002816;-47.8653831481934;0.00139999995008111;-7.87836265563965;
947;94.7000524799996;-47.9674530029297;0.00139999995008111;-7.8863697052002;
948;94.8000767999993;-48.0827865600586;0.00150000001303852;-7.89497852325439;
949;94.9001011199998;-48.1819839477539;0.00139999995008111;-7.90283918380737;
950;95.0000025599993;-48.2866554260254;0.00139999995008111;-7.91118812561035;
951;95.1000268799999;-48.3935089111328;0.00139999995008111;-7.91961812973022;
952;95.2000511999995;-48.4935035705566;0.00139999995008111;-7.9279670715332;
953;95.3000755199992;-48.5830230712891;0.00150000001303852;-7.93646192550659;
954;95.4000998399997;-48.6662940979004;0.00139999995008111;-7.94481086730957;
955;95.5000012799992;-48.7432899475098;0.00139999995008111;-7.95306205749512;
956;95.6000255999998;-48.8236618041992;0.00139999995008111;-7.9611668586731;
957;95.7000499199994;-48.9164772033691;0.00150000001303852;-7.96949911117554;
958;95.80007424;-49.0202217102051;0.00139999995008111;-7.97786426544189;
959;95.9000985599996;-49.1250534057617;0.00150000001303852;-7.98635959625244;
960;96.0001228799993;-49.2287445068359;0.00139999995008111;-7.99457788467407;
961;96.1000243199996;-49.3361282348633;0.00139999995008111;-8.00317096710205;
962;96.2000486399993;-49.4299278259277;0.00150000001303852;-8.01099872589111;
963;96.3000729599999;-49.5395202636719;0.00139999995008111;-8.01934814453125;
964;96.4000972799995;-49.6406021118164;0.00139999995008111;-8.02748489379883;
965;96.5001215999991;-49.7495574951172;0.00139999995008111;-8.03601264953613;
966;96.6000230399995;-49.8568382263184;0.00139999995008111;-8.04428005218506;
967;96.7000473599992;-49.971134185791;0.00150000001303852;-8.05300331115723;
968;96.8000716799997;-50.075382232666;0.00139999995008111;-8.06125450134277;
969;96.9000959999994;-50.1861724853516;0.00139999995008111;-8.06979846954346;
970;97.00012032;-50.287281036377;0.00139999995008111;-8.07791900634766;
971;97.1000217599994;-50.3911323547363;0.00139999995008111;-8.08620262145996;
972;97.20004608;-50.4958305358887;0.00150000001303852;-8.09440517425537;
973;97.3000703999996;-50.5975799560547;0.00130000000353903;-8.10252666473389;
974;97.4000947199993;-50.7078895568848;0.0015999999595806;-8.11108684539795;
975;97.5001190399998;-50.8116569519043;0.00130000000353903;-8.11938667297363;
976;97.6000204799993;-50.922794342041;0.0015999999595806;-8.12788200378418;
977;97.7000447999999;-51.0273323059082;0.00139999995008111;-8.13642597198486;
978;97.8000691199995;-51.1312637329102;0.00139999995008111;-8.14493751525879;
979;97.9000934399992;-51.2266578674316;0.00150000001303852;-8.15278148651123;
980;98.0001177599997;-51.3286437988281;0.00150000001303852;-8.1611795425415;
981;98.1000191999992;-51.4228973388672;0.00150000001303852;-8.16903972625732;
982;98.2000435199998;-51.533763885498;0.00150000001303852;-8.17771434783936;
983;98.3000678399994;-51.6387825012207;0.00150000001303852;-8.18614387512207;
984;98.40009216;-51.7439346313477;0.00139999995008111;-8.19475364685059;
985;98.5001164799996;-51.8506278991699;0.00139999995008111;-8.20319938659668;
986;98.60001792;-51.9569778442383;0.00150000001303852;-8.21174430847168;
987;98.7000422399997;-52.0484352111816;0.00139999995008111;-8.21975040435791;
988;98.8000665599993;-52.1482429504395;0.00139999995008111;-8.22792053222656;
989;98.9000908799999;-52.2389335632324;0.00139999995008111;-8.23583030700684;
990;99.0001151999995;-52.3400955200195;0.00150000001303852;-8.244309425354;
991;99.1000166399999;-52.4420318603516;0.00150000001303852;-8.25269031524658;
992;99.2000409599996;-52.5441513061523;0.00139999995008111;-8.26110458374023;
993;99.3000652799992;-52.646671295166;0.00150000001303852;-8.26968097686768;
994;99.4000895999998;-52.7397003173828;0.00139999995008111;-8.27788352966309;
995;99.5001139199994;-52.8349609375;0.00150000001303852;-8.28615093231201;
996;99.6000153599998;-52.9317398071289;0.00139999995008111;-8.29441833496094;
997;99.7000396799995;-53.0261497497559;0.00150000001303852;-8.30271816253662;
998;99.800064;-53.1222343444824;0.00139999995008111;-8.31096935272217;
999;99.9000883199997;-53.2246246337891;0.00150000001303852;-8.31954574584961;
1000;100.000112639999;-53.3157119750977;0.00139999995008111;-8.32766628265381;
1001;100.10001408;-53.4151458740234;0.0015999999595806;-8.33619403839111;
1002;100.200038399999;-53.5077743530273;0.00120000005699694;-8.34415245056152;
1003;100.30006272;-53.6052169799805;0.0015999999595806;-8.35274505615234;
1004;100.40008704;-53.6915435791016;0.00139999995008111;-8.36073589324951;
1005;100.500111359999;-53.7930564880371;0.0015999999595806;-8.36932945251465;
1006;100.6000128;-53.8849411010742;0.00150000001303852;-8.37751483917236;
1007;100.700037119999;-53.9791641235352;0.00150000001303852;-8.38604259490967;
1008;100.80006144;-54.0715560913086;0.00150000001303852;-8.39430999755859;
1009;100.900085759999;-54.1757507324219;0.00150000001303852;-8.40303325653076;
1010;101.00011008;-54.2591514587402;0.00150000001303852;-8.41104030609131;
1011;101.10001152;-54.3464393615723;0.00150000001303852;-8.41932392120361;
1012;101.200035839999;-54.4392547607422;0.00150000001303852;-8.42777061462402;
1013;101.30006016;-54.5271759033203;0.00139999995008111;-8.43587493896484;
1014;101.400084479999;-54.6183700561523;0.0015999999595806;-8.44441890716553;
1015;101.5001088;-54.7145385742188;0.00139999995008111;-8.45288181304932;
1016;101.600010239999;-54.8095855712891;0.00150000001303852;-8.46142578125;
1017;101.70003456;-54.8998222351074;0.00150000001303852;-8.46977424621582;
1018;101.80005888;-54.9898986816406;0.00150000001303852;-8.47817230224609;
1019;101.900083199999;-55.0698471069336;0.00150000001303852;-8.48604869842529;
1020;102.00010752;-55.1569709777832;0.00150000001303852;-8.49429988861084;
1021;102.100008959999;-55.2388343811035;0.00150000001303852;-8.50230693817139;
1022;102.20003328;-55.3338050842285;0.00150000001303852;-8.51106262207031;
1023;102.300057599999;-55.4233741760254;0.00139999995008111;-8.51934623718262;
1024;102.40008192;-55.514835357666;0.0015999999595806;-8.52790641784668;
1025;102.50010624;-55.6020126342773;0.00139999995008111;-8.53638553619385;
1026;102.600007679999;-55.686107635498;0.00150000001303852;-8.54462051391602;
1027;102.700032;-55.7524452209473;0.00150000001303852;-8.55223751068115;
1028;102.800056319999;-55.840446472168;0.0015999999595806;-8.56078147888184;
1029;102.90008064;-55.9244079589844;0.00150000001303852;-8.56886959075928;
1030;103.00010496;-56.0174369812012;0.00150000001303852;-8.57747840881348;
1031;103.1000064;-56.1064491271973;0.00150000001303852;-8.5859899520874;
1032;103.20003072;-56.1888961791992;0.00150000001303852;-8.59438800811768;
1033;103.300055039999;-56.2774314880371;0.0015999999595806;-8.60283470153809;
1034;103.40007936;-56.3600387573242;0.00139999995008111;-8.61123180389404;
1035;103.500103679999;-56.4420318603516;0.00150000001303852;-8.61959648132324;
1036;103.60000512;-56.5203056335449;0.00150000001303852;-8.62762069702148;
1037;103.70002944;-56.5992698669434;0.0015999999595806;-8.63593673706055;
1038;103.800053759999;-56.678897857666;0.00150000001303852;-8.64413833618164;
1039;103.90007808;-56.7616081237793;0.00150000001303852;-8.65260124206543;
1040;104.000102399999;-56.8446960449219;0.0015999999595806;-8.66086864471436;
1041;104.10000384;-56.9345855712891;0.00150000001303852;-8.6696891784668;
1042;104.200028159999;-57.0007591247559;0.00150000001303852;-8.67776203155518;
1043;104.30005248;-57.0822486877441;0.00150000001303852;-8.6862735748291;
1044;104.4000768;-57.1574897766113;0.00139999995008111;-8.69432926177979;
1045;104.500101119999;-57.2346992492676;0.00150000001303852;-8.70258045196533;
1046;104.60000256;-57.3058738708496;0.00150000001303852;-8.71070098876953;
1047;104.700026879999;-57.3926811218262;0.00150000001303852;-8.71935939788818;
1048;104.8000512;-57.4703674316406;0.00150000001303852;-8.72765922546387;
1049;104.90007552;-57.555606842041;0.0015999999595806;-8.73623561859131;
1050;105.000099839999;-57.6269416809082;0.00150000001303852;-8.74443817138672;
1051;105.10000128;-57.7065162658691;0.0015999999595806;-8.75290107727051;
1052;105.200025599999;-57.7754821777344;0.00150000001303852;-8.76090812683105;
1053;105.30004992;-57.8491287231445;0.0015999999595806;-8.76917552947998;
1054;105.400074239999;-57.9289169311523;0.00150000001303852;-8.77770328521729;
1055;105.50009856;-58.0001945495605;0.00150000001303852;-8.78598690032959;
1056;105.60012288;-58.0740547180176;0.00150000001303852;-8.79433536529541;
1057;105.70002432;-58.1479148864746;0.0015999999595806;-8.80274963378906;
1058;105.80004864;-58.2183685302734;0.00139999995008111;-8.81080532073975;
1059;105.900072959999;-58.2863273620605;0.0015999999595806;-8.81876277923584;
1060;106.00009728;-58.3619117736816;0.00139999995008111;-8.82745361328125;
1061;106.1001216;-58.428539276123;0.00150000001303852;-8.83563995361328;
1062;106.20002304;-58.5080909729004;0.0015999999595806;-8.844313621521;
1063;106.30004736;-58.5826644897461;0.00139999995008111;-8.85272789001465;
1064;106.400071679999;-58.6529350280762;0.00150000001303852;-8.86117458343506;
1065;106.500096;-58.7269020080566;0.00139999995008111;-8.86937618255615;
1066;106.600120319999;-58.799617767334;0.00150000001303852;-8.87775802612305;
1067;106.70002176;-58.8525505065918;0.00150000001303852;-8.88537406921387;
1068;106.800046079999;-58.9256401062012;0.00150000001303852;-8.89398384094238;
1069;106.9000704;-58.9954566955566;0.00150000001303852;-8.9020881652832;
1070;107.00009472;-59.0696868896484;0.00150000001303852;-8.91079521179199;
1071;107.100119039999;-59.1361541748047;0.00150000001303852;-8.91909503936768;
1072;107.20002048;-59.2089233398438;0.0015999999595806;-8.9276065826416;
1073;107.300044799999;-59.283130645752;0.00150000001303852;-8.9362154006958;
1074;107.40006912;-59.3474159240723;0.00139999995008111;-8.94441795349121;
1075;107.50009344;-59.4053497314453;0.0015999999595806;-8.95252227783203;
1076;107.600117759999;-59.4686813354492;0.00150000001303852;-8.96064376831055;
1077;107.7000192;-59.5368232727051;0.00139999995008111;-8.96899223327637;
1078;107.800043519999;-59.6028938293457;0.0015999999595806;-8.97734069824219;
1079;107.90006784;-59.6744117736816;0.00139999995008111;-8.98606395721436;
1080;108.000092159999;-59.7368125915527;0.0015999999595806;-8.99439716339111;
1081;108.10011648;-59.8155097961426;0.00139999995008111;-9.00316905975342;
1082;108.200017919999;-59.8757286071777;0.00150000001303852;-9.01137065887451;
1083;108.30004224;-59.9347801208496;0.00139999995008111;-9.01970386505127;
1084;108.40006656;-59.9852409362793;0.00150000001303852;-9.02727127075195;
1085;108.500090879999;-60.0510711669922;0.0015999999595806;-9.03570079803467;
1086;108.6001152;-60.1191864013672;0.00139999995008111;-9.04393577575684;
1087;108.700016639999;-60.1837387084961;0.00150000001303852;-9.05251216888428;
1088;108.80004096;-60.2448654174805;0.00139999995008111;-9.0607795715332;
1089;108.90006528;-60.3188819885254;0.0015999999595806;-9.0695686340332;
1090;109.000089599999;-60.3690795898438;0.00139999995008111;-9.07741260528564;
1091;109.10011392;-60.4282073974609;0.00139999995008111;-9.08577728271484;
1092;109.200015359999;-60.4878425598145;0.00150000001303852;-9.09406089782715;
1093;109.30003968;-60.5481147766113;0.00150000001303852;-9.1023120880127;
1094;109.400063999999;-60.6141586303711;0.00139999995008111;-9.11075878143311;
1095;109.50008832;-60.6736869812012;0.00150000001303852;-9.11915588378906;
1096;109.60011264;-60.7328720092773;0.00150000001303852;-9.12752151489258;
1097;109.700014079999;-60.7922668457031;0.00150000001303852;-9.13577270507813;
1098;109.8000384;-60.8595581054688;0.00150000001303852;-9.14421939849854;
1099;109.900062719999;-60.9117469787598;0.00139999995008111;-9.15237236022949;
1100;110.00008704;-60.9728202819824;0.00139999995008111;-9.16091632843018;
1101;110.10011136;-61.022590637207;0.00139999995008111;-9.16895580291748;
1102;110.2000128;-61.0894012451172;0.00150000001303852;-9.17763042449951;
1103;110.30003712;-61.1416206359863;0.00139999995008111;-9.18570232391357;
1104;110.400061439999;-61.2018127441406;0.00139999995008111;-9.19424629211426;
1105;110.50008576;-61.2591896057129;0.00139999995008111;-9.20252990722656;
1106;110.600110079999;-61.3171730041504;0.00139999995008111;-9.21097660064697;
1107;110.70001152;-61.3658828735352;0.00139999995008111;-9.21877193450928;
1108;110.80003584;-61.4271392822266;0.00150000001303852;-9.2275276184082;
1109;110.900060159999;-61.4754486083984;0.00139999995008111;-9.23553466796875;
1110;111.00008448;-61.5361976623535;0.00139999995008111;-9.24409484863281;
1111;111.100108799999;-61.5981750488281;0.00139999995008111;-9.25267124176025;
1112;111.20001024;-61.6535263061523;0.00139999995008111;-9.26103687286377;
1113;111.300034559999;-61.7122840881348;0.00150000001303852;-9.26943397521973;
1114;111.40005888;-61.7622947692871;0.00130000000353903;-9.27762031555176;
1115;111.5000832;-61.814567565918;0.00170000002253801;-9.28574085235596;
1116;111.600107519999;-61.8610687255859;0.00139999995008111;-9.29373168945313;
1117;111.70000896;-61.9187889099121;0.00139999995008111;-9.30219459533691;
1118;111.800033279999;-61.9760551452637;0.00150000001303852;-9.31068992614746;
1119;111.9000576;-62.0336685180664;0.00139999995008111;-9.31931495666504;
1120;112.00008192;-62.0841331481934;0.00150000001303852;-9.32758235931396;
1121;112.100106239999;-62.140869140625;0.00139999995008111;-9.33622455596924;
1122;112.20000768;-62.1786499023438;0.00150000001303852;-9.34382438659668;
1123;112.300031999999;-62.2340850830078;0.00139999995008111;-9.35210800170898;
1124;112.40005632;-62.2783508300781;0.00139999995008111;-9.36014747619629;
1125;112.500080639999;-62.3323211669922;0.00139999995008111;-9.3687572479248;
1126;112.60010496;-62.3882102966309;0.00130000000353903;-9.37710571289063;
1127;112.700006399999;-62.4504241943359;0.00150000001303852;-9.38591003417969;
1128;112.80003072;-62.4989700317383;0.00139999995008111;-9.39416122436523;
1129;112.90005504;-62.5521965026855;0.00150000001303852;-9.40275382995605;
1130;113.000079359999;-62.5985412597656;0.00139999995008111;-9.41084289550781;
1131;113.10010368;-62.648365020752;0.00139999995008111;-9.41923999786377;
1132;113.200005119999;-62.6952896118164;0.00150000001303852;-9.42732906341553;
1133;113.30002944;-62.740779876709;0.00139999995008111;-9.43546581268311;
1134;113.40005376;-62.7907905578613;0.00139999995008111;-9.44396114349365;
1135;113.500078079999;-62.8407745361328;0.00139999995008111;-9.45219612121582;
1136;113.6001024;-62.8936042785645;0.00150000001303852;-9.46069145202637;
1137;113.700003839999;-62.9461402893066;0.00150000001303852;-9.46926784515381;
1138;113.80002816;-62.9953765869141;0.00150000001303852;-9.47766494750977;
1139;113.900052479999;-63.0295944213867;0.00139999995008111;-9.48559093475342;
1140;114.0000768;-63.0825843811035;0.00139999995008111;-9.49416732788086;
1141;114.10010112;-63.1208953857422;0.00150000001303852;-9.50204467773438;
1142;114.20000256;-63.1766510009766;0.00139999995008111;-9.51068592071533;
1143;114.30002688;-63.2198524475098;0.00150000001303852;-9.51900196075439;
1144;114.400051199999;-63.2722282409668;0.00139999995008111;-9.52761173248291;
1145;114.50007552;-63.3223190307617;0.00150000001303852;-9.53592777252197;
1146;114.60009984;-63.3746681213379;0.00150000001303852;-9.54450416564941;
1147;114.70000128;-63.4060440063477;0.00139999995008111;-9.5523157119751;
1148;114.8000256;-63.4520645141602;0.00139999995008111;-9.56074619293213;
1149;114.900049919999;-63.4966506958008;0.00150000001303852;-9.56885051727295;
1150;115.00007424;-63.5442161560059;0.00150000001303852;-9.57741165161133;
1151;115.100098559999;-63.5878982543945;0.00139999995008111;-9.58567905426025;
1152;115.20012288;-63.6304893493652;0.00130000000353903;-9.59402751922607;
1153;115.300024319999;-63.6832656860352;0.00139999995008111;-9.60240840911865;
1154;115.40004864;-63.714771270752;0.00139999995008111;-9.61030197143555;
1155;115.50007296;-63.7597045898438;0.00150000001303852;-9.61856937408447;
1156;115.600097279999;-63.8012580871582;0.00139999995008111;-9.62706470489502;
1157;115.7001216;-63.8455276489258;0.00150000001303852;-9.63556003570557;
1158;115.800023039999;-63.8921890258789;0.00139999995008111;-9.64394092559814;
1159;115.90004736;-63.9421730041504;0.00139999995008111;-9.65258312225342;
1160;116.00007168;-63.9799499511719;0.00139999995008111;-9.66065502166748;
1161;116.100095999999;-64.025764465332;0.00150000001303852;-9.66908550262451;
1162;116.20012032;-64.0564727783203;0.00139999995008111;-9.67676639556885;
1163;116.300021759999;-64.1072540283203;0.00139999995008111;-9.68539237976074;
1164;116.40004608;-64.1408538818359;0.00150000001303852;-9.69344806671143;
1165;116.500070399999;-64.1892700195313;0.00139999995008111;-9.70215511322021;
1166;116.60009472;-64.2298202514648;0.00150000001303852;-9.71040534973145;
1167;116.70011904;-64.2749099731445;0.00139999995008111;-9.7190637588501;
1168;116.800020479999;-64.3158798217773;0.00139999995008111;-9.72729873657227;
1169;116.9000448;-64.3618774414063;0.0015999999595806;-9.73608684539795;
1170;117.000069119999;-64.3844757080078;0.00150000001303852;-9.7438497543335;
1171;117.10009344;-64.4264526367188;0.00150000001303852;-9.75211715698242;
1172;117.20011776;-64.4693145751953;0.00130000000353903;-9.76041698455811;
1173;117.3000192;-64.50244140625;0.00139999995008111;-9.76861953735352;
1174;117.40004352;-64.5489654541016;0.00139999995008111;-9.77721214294434;
1175;117.500067839999;-64.5929412841797;0.00130000000353903;-9.78578853607178;
1176;117.60009216;-64.6365966796875;0.00139999995008111;-9.79436588287354;
1177;117.700116479999;-64.6800689697266;0.00150000001303852;-9.80279541015625;
1178;117.80001792;-64.7191772460938;0.0015999999595806;-9.81117725372314;
1179;117.900042239999;-64.7424392700195;0.0015999999595806;-9.81894016265869;
1180;118.00006656;-64.7812347412109;0.00139999995008111;-9.82712554931641;
1181;118.10009088;-64.8197326660156;0.00150000001303852;-9.83516502380371;
1182;118.200115199999;-64.8644790649414;0.0015999999595806;-9.84388828277588;
1183;118.30001664;-64.900260925293;0.00139999995008111;-9.85217189788818;
1184;118.400040959999;-64.939826965332;0.00150000001303852;-9.8607816696167;
1185;118.50006528;-64.9790115356445;0.00139999995008111;-9.86916255950928;
1186;118.6000896;-65.0157318115234;0.0015999999595806;-9.87741374969482;
1187;118.700113919999;-65.0369186401367;0.0015999999595806;-9.88512802124023;
1188;118.80001536;-65.0808181762695;0.00150000001303852;-9.89376926422119;
1189;118.900039679999;-65.111686706543;0.00139999995008111;-9.90182590484619;
1190;119.000064;-65.157600402832;0.00150000001303852;-9.91041851043701;
1191;119.100088319999;-65.1966552734375;0.00150000001303852;-9.91878318786621;
1192;119.20011264;-65.2311935424805;0.00139999995008111;-9.92718124389648;
1193;119.30001408;-65.2666320800781;0.0015999999595806;-9.93533420562744;
1194;119.400038399999;-65.3067245483398;0.0015999999595806;-9.94381332397461;
1195;119.50006272;-65.344612121582;0.0015999999595806;-9.9522762298584;
1196;119.600087039999;-65.3779525756836;0.0015999999595806;-9.96051120758057;
1197;119.70011136;-65.4107894897461;0.00150000001303852;-9.96894073486328;
1198;119.800012799999;-65.4446868896484;0.0015999999595806;-9.97719192504883;
1199;119.90003712;-65.4799957275391;0.00150000001303852;-9.98560619354248;
1200;120.00006144;-65.5153045654297;0.0015999999595806;-9.99374294281006;
1201;120.100085759999;-65.5564041137695;0.0015999999595806;-10.0025148391724;
1202;120.20011008;-65.5794830322266;0.00150000001303852;-10.0102949142456;
1203;120.300011519999;-65.6174240112305;0.00150000001303852;-10.018871307373;
1204;120.40003584;-65.6446990966797;0.0015999999595806;-10.0270080566406;
1205;120.50006016;-65.682746887207;0.0015999999595806;-10.0354871749878;
1206;120.600084479999;-65.7118377685547;0.0015999999595806;-10.0437383651733;
1207;120.7001088;-65.7567138671875;0.00150000001303852;-10.0524454116821;
1208;120.800010239999;-65.7881164550781;0.00150000001303852;-10.0606470108032;
1209;120.90003456;-65.8248062133789;0.00150000001303852;-10.0692081451416;
1210;121.000058879999;-65.8478012084961;0.00150000001303852;-10.0770196914673;
1211;121.1000832;-65.8807144165039;0.00150000001303852;-10.0853519439697;
1212;121.20010752;-65.9137344360352;0.00150000001303852;-10.0934562683105;
1213;121.30000896;-65.9481430053711;0.00150000001303852;-10.1019678115845;
1214;121.40003328;-65.9823303222656;0.0015999999595806;-10.1105613708496;
1215;121.500057599999;-66.0145034790039;0.0015999999595806;-10.1189908981323;
1216;121.60008192;-66.0502624511719;0.00139999995008111;-10.1274375915527;
1217;121.70010624;-66.0868759155273;0.0015999999595806;-10.1357860565186;
1218;121.80000768;-66.1043701171875;0.00139999995008111;-10.1436147689819;
1219;121.900032;-66.1274185180664;0.0015999999595806;-10.1514587402344;
1220;122.000056319999;-66.1681747436523;0.00139999995008111;-10.160117149353;
1221;122.10008064;-66.2011413574219;0.00150000001303852;-10.1684169769287;
1222;122.200104959999;-66.2394561767578;0.0015999999595806;-10.1771392822266;
1223;122.3000064;-66.2725296020508;0.00139999995008111;-10.1855535507202;
1224;122.400030719999;-66.3069610595703;0.0015999999595806;-10.1940975189209;
1225;122.50005504;-66.3366012573242;0.00139999995008111;-10.2022676467896;
1226;122.60007936;-66.368537902832;0.0015999999595806;-10.2106809616089;
1227;122.700103679999;-66.3877334594727;0.00150000001303852;-10.2183141708374;
1228;122.80000512;-66.4196090698242;0.00150000001303852;-10.2268419265747;
1229;122.900029439999;-66.447395324707;0.00150000001303852;-10.2349138259888;
1230;123.00005376;-66.4853897094727;0.00150000001303852;-10.2436208724976;
1231;123.10007808;-66.5134887695313;0.00150000001303852;-10.2517900466919;
1232;123.200102399999;-66.5470428466797;0.00139999995008111;-10.2604160308838;
1233;123.30000384;-66.5800857543945;0.00150000001303852;-10.268895149231;
1234;123.400028159999;-66.6067047119141;0.00150000001303852;-10.2772274017334;
1235;123.50005248;-66.634033203125;0.00150000001303852;-10.2855272293091;
1236;123.600076799999;-66.6581497192383;0.00139999995008111;-10.2936315536499;
1237;123.70010112;-66.6867828369141;0.00150000001303852;-10.3019971847534;
1238;123.800002559999;-66.715950012207;0.00150000001303852;-10.3102645874023;
1239;123.90002688;-66.7546081542969;0.00139999995008111;-10.3189058303833;
1240;124.0000512;-66.7845458984375;0.00150000001303852;-10.327205657959;
1241;124.100075519999;-66.8198547363281;0.00150000001303852;-10.3359289169312;
1242;124.20009984;-66.8435668945313;0.00139999995008111;-10.3439521789551;
1243;124.300001279999;-66.8736114501953;0.00150000001303852;-10.3524475097656;
1244;124.4000256;-66.8898010253906;0.00139999995008111;-10.3602266311646;
1245;124.50004992;-66.9195556640625;0.0015999999595806;-10.3687381744385;
1246;124.600074239999;-66.9437713623047;0.00139999995008111;-10.3769731521606;
1247;124.70009856;-66.9805450439453;0.00150000001303852;-10.3855333328247;
1248;124.800122879999;-67.0053482055664;0.00139999995008111;-10.3936061859131;
1249;124.90002432;-67.0407104492188;0.00139999995008111;-10.4022798538208;
1250;125.000048639999;-67.0502319335938;0.00150000001303852;-10.4098472595215;
1251;125.10007296;-67.0842895507813;0.00139999995008111;-10.4184246063232;
1252;125.20009728;-67.1112213134766;0.0015999999595806;-10.4268379211426;
1253;125.300121599999;-67.1412353515625;0.00139999995008111;-10.435284614563;
1254;125.40002304;-67.1693954467773;0.00150000001303852;-10.4437637329102;
1255;125.500047359999;-67.19677734375;0.00150000001303852;-10.4521608352661;
1256;125.60007168;-67.2244567871094;0.00130000000353903;-10.4604120254517;
1257;125.700096;-67.2510681152344;0.0015999999595806;-10.4684028625488;
1258;125.800120319999;-67.2783432006836;0.00139999995008111;-10.4766054153442;
1259;125.90002176;-67.3018264770508;0.00150000001303852;-10.484790802002;
1260;126.000046079999;-67.3349761962891;0.00139999995008111;-10.493465423584;
1261;126.1000704;-67.358642578125;0.00150000001303852;-10.5017652511597;
1262;126.200094719999;-67.3898010253906;0.0015999999595806;-10.5105533599854;
1263;126.30011904;-67.4139404296875;0.00139999995008111;-10.518723487854;
1264;126.40002048;-67.4448852539063;0.0015999999595806;-10.5272998809814;
1265;126.500044799999;-67.4677810668945;0.00139999995008111;-10.535551071167;
1266;126.60006912;-67.4896850585938;0.00150000001303852;-10.5437698364258;
1267;126.700093439999;-67.5027160644531;0.00139999995008111;-10.5515165328979;
1268;126.80011776;-67.5381317138672;0.00139999995008111;-10.5602235794067;
1269;126.900019199999;-67.5576400756836;0.0015999999595806;-10.5683603286743;
1270;127.00004352;-67.5924758911133;0.00139999995008111;-10.577018737793;
1271;127.10006784;-67.6215362548828;0.0015999999595806;-10.5854806900024;
1272;127.200092159999;-67.64599609375;0.00139999995008111;-10.5940084457397;
1273;127.30011648;-67.6739654541016;0.00150000001303852;-10.6024389266968;
1274;127.400017919999;-67.6978912353516;0.00150000001303852;-10.6105270385742;
1275;127.50004224;-67.7163162231445;0.00139999995008111;-10.6185178756714;
1276;127.60006656;-67.7340240478516;0.00139999995008111;-10.6265411376953;
1277;127.700090879999;-67.7640151977539;0.00139999995008111;-10.6350040435791;
1278;127.8001152;-67.7930450439453;0.0015999999595806;-10.643515586853;
1279;127.900016639999;-67.8223419189453;0.00139999995008111;-10.6521081924438;
1280;128.00004096;-67.8449172973633;0.00150000001303852;-10.6603755950928;
1281;128.100065279999;-67.8752822875977;0.00139999995008111;-10.6691312789917;
1282;128.2000896;-67.8857574462891;0.00150000001303852;-10.6767482757568;
1283;128.30011392;-67.9051361083984;0.00150000001303852;-10.6850805282593;
1284;128.40001536;-67.925422668457;0.00139999995008111;-10.6931524276733;
1285;128.50003968;-67.9579086303711;0.0015999999595806;-10.7017621994019;
1286;128.600063999999;-67.9793167114258;0.00139999995008111;-10.7100124359131;
1287;128.70008832;-68.0132369995117;0.00150000001303852;-10.7187356948853;
1288;128.80011264;-68.0331802368164;0.00150000001303852;-10.7267751693726;
1289;128.90001408;-68.0635681152344;0.00139999995008111;-10.7354173660278;
1290;129.0000384;-68.0781936645508;0.0015999999595806;-10.7432289123535;
1291;129.100062719999;-68.1094360351563;0.00139999995008111;-10.7519683837891;
1292;129.20008704;-68.1283340454102;0.00150000001303852;-10.7601871490479;
1293;129.300111359999;-68.1466293334961;0.00150000001303852;-10.7685031890869;
1294;129.4000128;-68.1733474731445;0.00139999995008111;-10.7769660949707;
1295;129.500037119999;-68.1948318481445;0.0015999999595806;-10.7851028442383;
1296;129.60006144;-68.2171630859375;0.00130000000353903;-10.7933216094971;
1297;129.70008576;-68.2419662475586;0.0015999999595806;-10.8018169403076;
1298;129.800110079999;-68.2673873901367;0.00150000001303852;-10.8101978302002;
1299;129.90001152;-68.2810516357422;0.00150000001303852;-10.8182544708252;
1300;130.000035839999;-68.309928894043;0.00139999995008111;-10.8269605636597;
1301;130.10006016;-68.3267822265625;0.00139999995008111;-10.8350658416748;
1302;130.20008448;-68.3587112426758;0.0015999999595806;-10.8437557220459;
1303;130.300108799999;-68.3759918212891;0.00150000001303852;-10.8520555496216;
1304;130.40001024;-68.4081649780273;0.0015999999595806;-10.8606004714966;
1305;130.500034559999;-68.4261627197266;0.00130000000353903;-10.8685903549194;
1306;130.60005888;-68.4536056518555;0.00150000001303852;-10.8770370483398;
1307;130.700083199999;-68.4617080688477;0.0015999999595806;-10.8848648071289;
1308;130.80010752;-68.4921569824219;0.00139999995008111;-10.8934421539307;
1309;130.900008959999;-68.5109786987305;0.00150000001303852;-10.901611328125;
1310;131.00003328;-68.5375137329102;0.00150000001303852;-10.9103670120239;
1311;131.1000576;-68.5604553222656;0.00150000001303852;-10.9187650680542;
1312;131.200081919999;-68.5824661254883;0.00150000001303852;-10.92711353302;
1313;131.30010624;-68.6040573120117;0.00139999995008111;-10.9352836608887;
1314;131.400007679999;-68.6140289306641;0.0015999999595806;-10.9430465698242;
1315;131.500032;-68.6359329223633;0.00139999995008111;-10.9512157440186;
1316;131.60005632;-68.6593322753906;0.00150000001303852;-10.9597434997559;
1317;131.700080639999;-68.6849136352539;0.00139999995008111;-10.9683532714844;
1318;131.80010496;-68.712532043457;0.0015999999595806;-10.9768648147583;
1319;131.900006399999;-68.7419128417969;0.00139999995008111;-10.9855060577393;
1320;132.00003072;-68.7609252929688;0.00150000001303852;-10.9936923980713;
1321;132.100055039999;-68.7830429077148;0.00150000001303852;-11.0020246505737;
1322;132.20007936;-68.7885208129883;0.00139999995008111;-11.0096244812012;
1323;132.30010368;-68.8144683837891;0.00139999995008111;-11.0181522369385;
1324;132.400005119999;-68.8362197875977;0.00150000001303852;-11.0261926651001;
1325;132.50002944;-68.8628845214844;0.00139999995008111;-11.0348825454712;
1326;132.600053759999;-68.8853530883789;0.00139999995008111;-11.0431985855103;
1327;132.70007808;-68.9131088256836;0.00109999999403954;-11.0518245697021;
1328;132.8001024;-68.9286575317383;0.00139999995008111;-11.0599613189697;
1329;132.90000384;-68.9585723876953;0.00130000000353903;-11.0689935684204;
1330;133.00002816;-68.9661712646484;0.00139999995008111;-11.0768060684204;
1331;133.100052479999;-68.9864349365234;0.00139999995008111;-11.0851707458496;
1332;133.2000768;-69.0071487426758;0.00139999995008111;-11.0933408737183;
1333;133.300101119999;-69.0236282348633;0.00150000001303852;-11.1015911102295;
1334;133.40000256;-69.05029296875;0.00139999995008111;-11.11008644104;
1335;133.50002688;-69.0765914916992;0.00139999995008111;-11.1185817718506;
1336;133.600051199999;-69.1015319824219;0.00139999995008111;-11.1271095275879;
1337;133.70007552;-69.1223754882813;0.00150000001303852;-11.1355562210083;
1338;133.800099839999;-69.1410675048828;0.00139999995008111;-11.1438398361206;
1339;133.90000128;-69.1550216674805;0.00139999995008111;-11.151798248291;
1340;134.000025599999;-69.1715621948242;0.00150000001303852;-11.1600656509399;
1341;134.10004992;-69.1892166137695;0.00139999995008111;-11.1681861877441;
1342;134.20007424;-69.2188873291016;0.0015999999595806;-11.1768608093262;
1343;134.300098559999;-69.2342529296875;0.00139999995008111;-11.1849975585938;
1344;134.40012288;-69.260627746582;0.00150000001303852;-11.1934766769409;
1345;134.500024319999;-69.2728805541992;0.00150000001303852;-11.2016305923462;
1346;134.60004864;-69.2900848388672;0.00139999995008111;-11.2099142074585;
1347;134.700072959999;-69.3029022216797;0.00150000001303852;-11.2177906036377;
1348;134.80009728;-69.3338775634766;0.00130000000353903;-11.2266931533813;
1349;134.9001216;-69.3516082763672;0.00150000001303852;-11.2349119186401;
1350;135.000023039999;-69.3771286010742;0.00130000000353903;-11.2435207366943;
1351;135.10004736;-69.3943328857422;0.00150000001303852;-11.2517719268799;
1352;135.200071679999;-69.4172515869141;0.00139999995008111;-11.2601366043091;
1353;135.300096;-69.4270095825195;0.00139999995008111;-11.2678995132446;
1354;135.40012032;-69.4530410766602;0.00139999995008111;-11.2762327194214;
1355;135.50002176;-69.4730072021484;0.00150000001303852;-11.2847108840942;
1356;135.60004608;-69.4949645996094;0.0015999999595806;-11.293173789978;
1357;135.700070399999;-69.517936706543;0.00139999995008111;-11.3017177581787;
1358;135.80009472;-69.5343399047852;0.00139999995008111;-11.3101968765259;
1359;135.900119039999;-69.5612716674805;0.00139999995008111;-11.3186435699463;
1360;136.00002048;-69.5720977783203;0.00139999995008111;-11.326699256897;
1361;136.1000448;-69.6011047363281;0.00150000001303852;-11.3353576660156;
1362;136.200069119999;-69.6019287109375;0.00130000000353903;-11.3428926467896;
1363;136.30009344;-69.6241226196289;0.00150000001303852;-11.3514041900635;
1364;136.400117759999;-69.640739440918;0.00130000000353903;-11.3596382141113;
1365;136.5000192;-69.6673583984375;0.00150000001303852;-11.3683128356934;
1366;136.600043519999;-69.6867141723633;0.00139999995008111;-11.3766288757324;
1367;136.70006784;-69.7122116088867;0.00150000001303852;-11.3854007720947;
1368;136.80009216;-69.7322006225586;0.00139999995008111;-11.393684387207;
1369;136.900116479999;-69.7513961791992;0.00139999995008111;-11.4022455215454;
1370;137.00001792;-69.7568511962891;0.00150000001303852;-11.4098453521729;
1371;137.100042239999;-69.7787322998047;0.00139999995008111;-11.4181451797485;
1372;137.20006656;-69.795295715332;0.00139999995008111;-11.4262008666992;
1373;137.30009088;-69.8158416748047;0.0015999999595806;-11.4346799850464;
1374;137.400115199999;-69.8419036865234;0.00130000000353903;-11.4433212280273;
1375;137.50001664;-69.8623962402344;0.00150000001303852;-11.4518165588379;
1376;137.600040959999;-69.8793106079102;0.00130000000353903;-11.460165977478;
1377;137.70006528;-69.9008178710938;0.00150000001303852;-11.468677520752;
1378;137.800089599999;-69.912223815918;0.00130000000353903;-11.4765701293945;
1379;137.90011392;-69.9195861816406;0.00150000001303852;-11.4844799041748;
1380;138.000015359999;-69.944580078125;0.00150000001303852;-11.493088722229;
1381;138.10003968;-69.9617309570313;0.00130000000353903;-11.5013561248779;
1382;138.200064;-69.9921188354492;0.0015999999595806;-11.5100145339966;
1383;138.300088319999;-70.0065536499023;0.00139999995008111;-11.5183305740356;
1384;138.40011264;-70.0303497314453;0.00150000001303852;-11.5268907546997;
1385;138.500014079999;-70.0408248901367;0.00130000000353903;-11.5348491668701;
1386;138.6000384;-70.0594635009766;0.00150000001303852;-11.5433120727539;
1387;138.70006272;-70.0701522827148;0.00150000001303852;-11.5512046813965;
1388;138.800087039999;-70.0976715087891;0.00139999995008111;-11.5598468780518;
1389;138.90011136;-70.1112289428711;0.00150000001303852;-11.5678863525391;
1390;139.000012799999;-70.1326293945313;0.00139999995008111;-11.5765762329102;
1391;139.10003712;-70.1432418823242;0.0015999999595806;-11.5843887329102;
1392;139.200061439999;-70.1679382324219;0.00150000001303852;-11.592981338501;
1393;139.30008576;-70.1805114746094;0.00139999995008111;-11.6012487411499;
1394;139.40011008;-70.1980895996094;0.0015999999595806;-11.6097602844238;
1395;139.50001152;-70.2183227539063;0.00130000000353903;-11.6181411743164;
1396;139.60003584;-70.2337417602539;0.0015999999595806;-11.6265716552734;
1397;139.700060159999;-70.254264831543;0.00139999995008111;-11.6350507736206;
1398;139.80008448;-70.2714691162109;0.00150000001303852;-11.6433506011963;
1399;139.9001088;-70.2940139770508;0.00150000001303852;-11.651894569397;
1400;140.00001024;-70.3119888305664;0.00130000000353903;-11.660080909729;
1401;140.10003456;-70.3337860107422;0.00150000001303852;-11.6685762405396;
1402;140.200058879999;-70.3420867919922;0.00130000000353903;-11.6763715744019;
1403;140.3000832;-70.3627166748047;0.0015999999595806;-11.6849317550659;
1404;140.400107519999;-70.3706359863281;0.00139999995008111;-11.6928901672363;
1405;140.50000896;-70.3949661254883;0.00150000001303852;-11.7015962600708;
1406;140.600033279999;-70.4148025512695;0.00139999995008111;-11.7100105285645;
1407;140.7000576;-70.4396286010742;0.00139999995008111;-11.7185707092285;
1408;140.80008192;-70.4464111328125;0.0015999999595806;-11.7264966964722;
1409;140.900106239999;-70.4683227539063;0.00130000000353903;-11.735089302063;
1410;141.00000768;-70.4657135009766;0.00150000001303852;-11.7424621582031;
1411;141.100031999999;-70.4875183105469;0.00139999995008111;-11.7509727478027;
1412;141.20005632;-70.5098495483398;0.00150000001303852;-11.7595176696777;
1413;141.30008064;-70.5335922241211;0.00150000001303852;-11.7681751251221;
1414;141.400104959999;-70.5512466430664;0.00139999995008111;-11.7767028808594;
1415;141.5000064;-70.5713729858398;0.0015999999595806;-11.7851982116699;
1416;141.600030719999;-70.5893173217773;0.00139999995008111;-11.7934656143188;
1417;141.70005504;-70.598991394043;0.00150000001303852;-11.8014402389526;
1418;141.800079359999;-70.6154022216797;0.00139999995008111;-11.8094959259033;
1419;141.90010368;-70.6261138916016;0.00150000001303852;-11.8176336288452;
1420;142.00000512;-70.6473541259766;0.00139999995008111;-11.8261938095093;
1421;142.100029439999;-70.6659698486328;0.00150000001303852;-11.8345260620117;
1422;142.20005376;-70.6908493041992;0.00150000001303852;-11.8433465957642;
1423;142.300078079999;-70.703483581543;0.00150000001303852;-11.8515005111694;
1424;142.4001024;-70.7276229858398;0.00139999995008111;-11.8601417541504;
1425;142.500003839999;-70.7419815063477;0.00150000001303852;-11.8683767318726;
1426;142.60002816;-70.7551422119141;0.00130000000353903;-11.8767423629761;
1427;142.70005248;-70.7572708129883;0.00150000001303852;-11.8844232559204;
1428;142.800076799999;-70.77978515625;0.00139999995008111;-11.8930978775024;
1429;142.90010112;-70.795768737793;0.00150000001303852;-11.90123462677;
1430;143.000002559999;-70.8192138671875;0.00139999995008111;-11.9098281860352;
1431;143.10002688;-70.8362579345703;0.00150000001303852;-11.9181604385376;
1432;143.2000512;-70.8587799072266;0.00150000001303852;-11.9268341064453;
1433;143.300075519999;-70.8717269897461;0.00139999995008111;-11.9350528717041;
1434;143.40009984;-70.8827056884766;0.00150000001303852;-11.943320274353;
1435;143.500001279999;-70.8959197998047;0.00139999995008111;-11.9515066146851;
1436;143.6000256;-70.9062118530273;0.0015999999595806;-11.9595785140991;
1437;143.700049919999;-70.925666809082;0.00139999995008111;-11.967960357666;
1438;143.80007424;-70.94287109375;0.00150000001303852;-11.9764223098755;
1439;143.90009856;-70.9630279541016;0.00139999995008111;-11.9848203659058;
1440;144.000122879999;-70.9714279174805;0.00139999995008111;-11.9929246902466;
1441;144.10002432;-70.9941864013672;0.00150000001303852;-12.0015993118286;
1442;144.200048639999;-70.9953308105469;0.00130000000353903;-12.0092315673828;
1443;144.30007296;-71.0141754150391;0.0015999999595806;-12.0177927017212;
1444;144.40009728;-71.0297317504883;0.00150000001303852;-12.0261573791504;
1445;144.500121599999;-71.051399230957;0.00139999995008111;-12.0348320007324;
1446;144.60002304;-71.0643768310547;0.00150000001303852;-12.0430498123169;
1447;144.700047359999;-71.0907516479492;0.00139999995008111;-12.0516595840454;
1448;144.80007168;-71.097770690918;0.0015999999595806;-12.0595035552979;
1449;144.900095999999;-71.1161422729492;0.00130000000353903;-12.0679340362549;
1450;145.00012032;-71.1218032836914;0.00150000001303852;-12.0757455825806;
1451;145.100021759999;-71.144401550293;0.00150000001303852;-12.0845823287964;
1452;145.20004608;-71.1572418212891;0.00139999995008111;-12.0929145812988;
1453;145.3000704;-71.1810150146484;0.0015999999595806;-12.1014585494995;
1454;145.400094719999;-71.1994094848633;0.00130000000353903;-12.1100196838379;
1455;145.50011904;-71.2106857299805;0.00150000001303852;-12.1181240081787;
1456;145.600020479999;-71.2194595336914;0.00150000001303852;-12.1261310577393;
1457;145.7000448;-71.2337112426758;0.00130000000353903;-12.1344470977783;
1458;145.80006912;-71.2456207275391;0.00150000001303852;-12.142617225647;
1459;145.900093439999;-71.2570495605469;0.00139999995008111;-12.1507863998413;
1460;146.00011776;-71.2821502685547;0.0015999999595806;-12.1596078872681;
1461;146.100019199999;-71.2964248657227;0.00130000000353903;-12.1679401397705;
1462;146.20004352;-71.3215484619141;0.0015999999595806;-12.1766796112061;
1463;146.300067839999;-71.3323211669922;0.00139999995008111;-12.1850280761719;
1464;146.40009216;-71.3532180786133;0.00150000001303852;-12.1936368942261;
1465;146.50011648;-71.3593826293945;0.00139999995008111;-12.2015628814697;
1466;146.60001792;-71.374382019043;0.00130000000353903;-12.2097978591919;
1467;146.70004224;-71.38134765625;0.0015999999595806;-12.2175607681274;
1468;146.800066559999;-71.4007568359375;0.00139999995008111;-12.2261047363281;
1469;146.90009088;-71.4152984619141;0.00150000001303852;-12.2343397140503;
1470;147.0001152;-71.4394683837891;0.00139999995008111;-12.2432088851929;
1471;147.10001664;-71.4504165649414;0.00150000001303852;-12.2514114379883;
1472;147.20004096;-71.4683380126953;0.00150000001303852;-12.259955406189;
1473;147.300065279999;-71.4798278808594;0.00130000000353903;-12.2682065963745;
1474;147.4000896;-71.4829635620117;0.00150000001303852;-12.2760019302368;
1475;147.500113919999;-71.4904327392578;0.00139999995008111;-12.284107208252;
1476;147.60001536;-71.5130310058594;0.00150000001303852;-12.2926349639893;
1477;147.700039679999;-71.5336074829102;0.00139999995008111;-12.3011951446533;
1478;147.800064;-71.5541610717773;0.00139999995008111;-12.3096904754639;
1479;147.90008832;-71.5736236572266;0.00150000001303852;-12.3182344436646;
1480;148.000112639999;-71.5839157104492;0.00130000000353903;-12.3264360427856;
1481;148.10001408;-71.6005859375;0.0015999999595806;-12.3347034454346;
1482;148.200038399999;-71.6020965576172;0.00139999995008111;-12.3425645828247;
1483;148.30006272;-71.621955871582;0.00150000001303852;-12.3511896133423;
1484;148.40008704;-71.6319274902344;0.00139999995008111;-12.359278678894;
1485;148.500111359999;-71.6521072387695;0.00139999995008111;-12.3678874969482;
1486;148.6000128;-71.6667861938477;0.00150000001303852;-12.3760900497437;
1487;148.700037119999;-71.684814453125;0.00130000000353903;-12.3844709396362;
1488;148.80006144;-71.6865386962891;0.00150000001303852;-12.3923320770264;
1489;148.900085759999;-71.7188720703125;0.00130000000353903;-12.4014940261841;
1490;149.00011008;-71.7185745239258;0.00139999995008111;-12.4092569351196;
1491;149.10001152;-71.7360458374023;0.00139999995008111;-12.4178819656372;
1492;149.200035839999;-71.7496566772461;0.00139999995008111;-12.4263124465942;
1493;149.30006016;-71.7633743286133;0.00139999995008111;-12.4346609115601;
1494;149.400084479999;-71.7828674316406;0.00130000000353903;-12.4430589675903;
1495;149.5001088;-71.8002014160156;0.0015999999595806;-12.4514894485474;
1496;149.600010239999;-71.8168182373047;0.00139999995008111;-12.459789276123;
1497;149.70003456;-71.8280334472656;0.00139999995008111;-12.4680242538452;
1498;149.80005888;-71.8390197753906;0.0015999999595806;-12.4762420654297;
1499;149.900083199999;-71.8470687866211;0.00130000000353903;-12.4844608306885;
1500;150.00010752;-71.8653411865234;0.00139999995008111;-12.4928913116455;
1501;150.100008959999;-71.8784484863281;0.00139999995008111;-12.5012073516846;
1502;150.20003328;-71.8988876342773;0.00139999995008111;-12.5099306106567;
1503;150.300057599999;-71.9099807739258;0.00139999995008111;-12.5180187225342;
1504;150.40008192;-71.9240951538086;0.00139999995008111;-12.5263347625732;
1505;150.50010624;-71.9299163818359;0.00139999995008111;-12.5342607498169;
1506;150.600007679999;-71.9409484863281;0.00130000000353903;-12.5423812866211;
1507;150.700032;-71.9499664306641;0.00150000001303852;-12.5504379272461;
1508;150.800056319999;-71.9786224365234;0.00130000000353903;-12.5594043731689;
1509;150.90008064;-71.9883575439453;0.00139999995008111;-12.5677700042725;
1510;151.00010496;-72.0091171264648;0.00139999995008111;-12.576509475708;
1511;151.1000064;-72.0240325927734;0.00139999995008111;-12.5848093032837;
1512;151.20003072;-72.0378341674805;0.0015999999595806;-12.5931739807129;
1513;151.300055039999;-72.0382614135742;0.00130000000353903;-12.6007747650146;
1514;151.40007936;-72.0546417236328;0.00150000001303852;-12.6090745925903;
1515;151.500103679999;-72.0709609985352;0.00139999995008111;-12.6174554824829;
1516;151.60000512;-72.0835876464844;0.00139999995008111;-12.6259021759033;
1517;151.70002944;-72.1028900146484;0.00130000000353903;-12.6344947814941;
1518;151.800053759999;-72.1196136474609;0.00139999995008111;-12.6430549621582;
1519;151.90007808;-72.1348495483398;0.00150000001303852;-12.6514043807983;
1520;152.000102399999;-72.1418991088867;0.00139999995008111;-12.6595573425293;
1521;152.10000384;-72.1614685058594;0.00139999995008111;-12.6681995391846;
1522;152.200028159999;-72.1597900390625;0.00130000000353903;-12.6757831573486;
1523;152.30005248;-72.176139831543;0.00139999995008111;-12.684229850769;
1524;152.4000768;-72.1920928955078;0.00150000001303852;-12.6924638748169;
1525;152.500101119999;-72.2097473144531;0.00130000000353903;-12.7011060714722;
1526;152.60000256;-72.2229309082031;0.00150000001303852;-12.7093734741211;
1527;152.700026879999;-72.2461471557617;0.00139999995008111;-12.7181129455566;
1528;152.8000512;-72.25537109375;0.00150000001303852;-12.7263154983521;
1529;152.90007552;-72.2783432006836;0.00130000000353903;-12.7350215911865;
1530;153.000099839999;-72.2797012329102;0.00139999995008111;-12.7428340911865;
1531;153.10000128;-72.2894821166992;0.00139999995008111;-12.7511339187622;
1532;153.200025599999;-72.2992630004883;0.00139999995008111;-12.7591571807861;
1533;153.30004992;-72.3152465820313;0.00150000001303852;-12.7676362991333;
1534;153.400074239999;-72.3353958129883;0.00130000000353903;-12.776180267334;
1535;153.50009856;-72.3488540649414;0.00139999995008111;-12.784496307373;
1536;153.60012288;-72.3576812744141;0.00139999995008111;-12.7926826477051;
1537;153.70002432;-72.3740844726563;0.00150000001303852;-12.8012428283691;
1538;153.80004864;-72.3789978027344;0.00139999995008111;-12.8091840744019;
1539;153.900072959999;-72.3883361816406;0.00139999995008111;-12.8173704147339;
1540;154.00009728;-72.4090423583984;0.00150000001303852;-12.8260774612427;
1541;154.1001216;-72.4214324951172;0.00139999995008111;-12.8343935012817;
1542;154.20002304;-72.4390335083008;0.00139999995008111;-12.8429861068726;
1543;154.30004736;-72.4512634277344;0.00139999995008111;-12.8511075973511;
1544;154.400071679999;-72.4687347412109;0.00139999995008111;-12.8595371246338;
1545;154.500096;-72.4701690673828;0.00139999995008111;-12.8673162460327;
1546;154.600120319999;-72.4907455444336;0.00139999995008111;-12.8758773803711;
1547;154.70002176;-72.4949188232422;0.00150000001303852;-12.8839492797852;
1548;154.800046079999;-72.5158462524414;0.00130000000353903;-12.8927373886108;
1549;154.9000704;-72.528076171875;0.00150000001303852;-12.9009561538696;
1550;155.00009472;-72.5465774536133;0.00130000000353903;-12.9096622467041;
1551;155.100119039999;-72.5478057861328;0.00139999995008111;-12.9172954559326;
1552;155.20002048;-72.5637512207031;0.00150000001303852;-12.9257745742798;
1553;155.300044799999;-72.5715179443359;0.00139999995008111;-12.9337816238403;
1554;155.40006912;-72.5845718383789;0.00150000001303852;-12.9422445297241;
1555;155.50009344;-72.6000213623047;0.00130000000353903;-12.950722694397;
1556;155.600117759999;-72.6182327270508;0.00150000001303852;-12.9593486785889;
1557;155.7000192;-72.6329040527344;0.00139999995008111;-12.9679088592529;
1558;155.800043519999;-72.6491012573242;0.00139999995008111;-12.9763555526733;
1559;155.90006784;-72.6636123657227;0.00150000001303852;-12.9849157333374;
1560;156.000092159999;-72.6711654663086;0.00130000000353903;-12.9931020736694;
1561;156.10011648;-72.6885299682617;0.00150000001303852;-13.0014505386353;
1562;156.200017919999;-72.6860580444336;0.00130000000353903;-13.0090827941895;
1563;156.30004224;-72.7034454345703;0.00139999995008111;-13.0175457000732;
1564;156.40006656;-72.7121658325195;0.00150000001303852;-13.0256662368774;
1565;156.500090879999;-72.7356109619141;0.00139999995008111;-13.034405708313;
1566;156.6001152;-72.749755859375;0.00150000001303852;-13.0428848266602;
1567;156.700016639999;-72.7667465209961;0.00130000000353903;-13.0514945983887;
1568;156.80004096;-72.7667999267578;0.00150000001303852;-13.0595016479492;
1569;156.90006528;-72.7860717773438;0.00130000000353903;-13.0680780410767;
1570;157.000089599999;-72.7769317626953;0.00139999995008111;-13.0754175186157;
1571;157.10011392;-72.7958602905273;0.00150000001303852;-13.0838479995728;
1572;157.200015359999;-72.8118362426758;0.00139999995008111;-13.0922937393188;
1573;157.30003968;-72.8311157226563;0.00150000001303852;-13.1009197235107;
1574;157.400063999999;-72.8454971313477;0.00130000000353903;-13.1093988418579;
1575;157.50008832;-72.8607025146484;0.00139999995008111;-13.1179428100586;
1576;157.60011264;-72.8710708618164;0.00150000001303852;-13.1260795593262;
1577;157.700014079999;-72.8777236938477;0.00139999995008111;-13.1341848373413;
1578;157.8000384;-72.8913040161133;0.00150000001303852;-13.1424198150635;
1579;157.900062719999;-72.8963317871094;0.00139999995008111;-13.1505727767944;
1580;158.00008704;-72.9170684814453;0.0015999999595806;-13.1591329574585;
1581;158.10011136;-72.9278106689453;0.00130000000353903;-13.1674165725708;
1582;158.2000128;-72.9508361816406;0.00150000001303852;-13.176139831543;
1583;158.30003712;-72.9564743041992;0.00139999995008111;-13.1840658187866;
1584;158.400061439999;-72.9722366333008;0.00139999995008111;-13.1926908493042;
1585;158.50008576;-72.9775009155273;0.00150000001303852;-13.2008934020996;
1586;158.600110079999;-72.9933242797852;0.00130000000353903;-13.2093887329102;
1587;158.70001152;-72.9942245483398;0.00150000001303852;-13.2173795700073;
1588;158.80003584;-73.0175704956055;0.00139999995008111;-13.2261190414429;
1589;158.900060159999;-73.0217132568359;0.00139999995008111;-13.2342557907104;
1590;159.00008448;-73.0441818237305;0.00139999995008111;-13.2427997589111;
1591;159.100108799999;-73.0543899536133;0.00139999995008111;-13.2507905960083;
1592;159.20001024;-73.0728454589844;0.0015999999595806;-13.2594165802002;
1593;159.300034559999;-73.0771255493164;0.00139999995008111;-13.2674560546875;
1594;159.40005888;-73.0895690917969;0.00150000001303852;-13.2758855819702;
1595;159.5000832;-73.0987396240234;0.00139999995008111;-13.2841854095459;
1596;159.600107519999;-73.1134414672852;0.00150000001303852;-13.2925186157227;
1597;159.70000896;-73.1287841796875;0.00150000001303852;-13.3010139465332;
1598;159.800033279999;-73.1425018310547;0.00130000000353903;-13.3095083236694;
1599;159.9000576;-73.1538543701172;0.00150000001303852;-13.3177757263184;
1600;160.00008192;-73.1568832397461;0.00139999995008111;-13.3257179260254;
1601;160.100106239999;-73.1719055175781;0.00139999995008111;-13.3341808319092;
1602;160.20000768;-73.171272277832;0.00139999995008111;-13.3418788909912;
1603;160.300031999999;-73.1878051757813;0.00139999995008111;-13.350471496582;
1604;160.40005632;-73.2054595947266;0.00150000001303852;-13.3589992523193;
1605;160.500080639999;-73.2244186401367;0.00130000000353903;-13.3677549362183;
1606;160.60010496;-73.2325820922852;0.0015999999595806;-13.3761034011841;
1607;160.700006399999;-73.2515640258789;0.00130000000353903;-13.3846635818481;
1608;160.80003072;-73.2504730224609;0.00150000001303852;-13.3923778533936;
1609;160.90005504;-73.2645645141602;0.00150000001303852;-13.4006776809692;
1610;161.000079359999;-73.2681274414063;0.00130000000353903;-13.4084901809692;
1611;161.10010368;-73.2873764038086;0.00150000001303852;-13.4172286987305;
1612;161.200005119999;-73.3025054931641;0.00130000000353903;-13.425594329834;
1613;161.30002944;-73.3197555541992;0.00150000001303852;-13.4342517852783;
1614;161.40005376;-73.333610534668;0.00130000000353903;-13.4428291320801;
1615;161.500078079999;-73.3405990600586;0.00150000001303852;-13.4510145187378;
1616;161.6001024;-73.3480987548828;0.00139999995008111;-13.4591360092163;
1617;161.700003839999;-73.3583374023438;0.00139999995008111;-13.4674844741821;
1618;161.80002816;-73.364501953125;0.00139999995008111;-13.4756546020508;
1619;161.900052479999;-73.372184753418;0.00130000000353903;-13.4837427139282;
1620;162.0000768;-73.3937759399414;0.00150000001303852;-13.492449760437;
1621;162.10010112;-73.4084243774414;0.00139999995008111;-13.5007495880127;
1622;162.20000256;-73.4272994995117;0.00139999995008111;-13.5094394683838;
1623;162.30002688;-73.4358901977539;0.00139999995008111;-13.5177402496338;
1624;162.400051199999;-73.4561233520508;0.00120000005699694;-13.5264463424683;
1625;162.50007552;-73.4589385986328;0.00150000001303852;-13.5344858169556;
1626;162.60009984;-73.4677658081055;0.00139999995008111;-13.5427703857422;
1627;162.70000128;-73.4663314819336;0.00150000001303852;-13.5505657196045;
1628;162.8000256;-73.4837188720703;0.00139999995008111;-13.5590114593506;
1629;162.900049919999;-73.495735168457;0.00139999995008111;-13.5671977996826;
1630;163.00007424;-73.5173797607422;0.00139999995008111;-13.5759859085083;
1631;163.100098559999;-73.5233383178711;0.00130000000353903;-13.5840091705322;
1632;163.20012288;-73.5377197265625;0.00150000001303852;-13.5925855636597;
1633;163.300024319999;-73.544075012207;0.00139999995008111;-13.6007556915283;
1634;163.40004864;-73.5484085083008;0.00150000001303852;-13.6088275909424;
1635;163.50007296;-73.560905456543;0.00139999995008111;-13.6171598434448;
1636;163.600097279999;-73.5761108398438;0.00139999995008111;-13.6257371902466;
1637;163.7001216;-73.5908660888672;0.00139999995008111;-13.6341991424561;
1638;163.800023039999;-73.6048812866211;0.00130000000353903;-13.6425809860229;
1639;163.90004736;-73.6187057495117;0.00139999995008111;-13.6508483886719;
1640;164.00007168;-73.6222381591797;0.00130000000353903;-13.6588554382324;
1641;164.100095999999;-73.6377105712891;0.00139999995008111;-13.6671390533447;
1642;164.20012032;-73.6442260742188;0.00150000001303852;-13.6751623153687;
1643;164.300021759999;-73.6625213623047;0.00130000000353903;-13.683934211731;
1644;164.40004608;-73.6737670898438;0.00139999995008111;-13.6922664642334;
1645;164.500070399999;-73.6872482299805;0.00139999995008111;-13.7009410858154;
1646;164.60009472;-73.6991271972656;0.00139999995008111;-13.7091274261475;
1647;164.70011904;-73.7034606933594;0.00130000000353903;-13.7173452377319;
1648;164.800020479999;-73.7048721313477;0.00139999995008111;-13.7249784469604;
1649;164.9000448;-73.7265701293945;0.0015999999595806;-13.733962059021;
1650;165.000069119999;-73.7327651977539;0.00130000000353903;-13.7418870925903;
1651;165.10009344;-73.745735168457;0.00150000001303852;-13.7506265640259;
1652;165.20011776;-73.7609710693359;0.00130000000353903;-13.759105682373;
1653;165.3000192;-73.7737350463867;0.00150000001303852;-13.7676658630371;
1654;165.40004352;-73.7890167236328;0.00139999995008111;-13.7761125564575;
1655;165.500067839999;-73.7984619140625;0.00139999995008111;-13.7844934463501;
1656;165.60009216;-73.8083190917969;0.00150000001303852;-13.7926635742188;
1657;165.700116479999;-73.8158721923828;0.00139999995008111;-13.8007516860962;
1658;165.80001792;-73.8243255615234;0.00139999995008111;-13.8088235855103;
1659;165.900042239999;-73.833740234375;0.00130000000353903;-13.8170585632324;
1660;166.00006656;-73.8507537841797;0.00130000000353903;-13.8255863189697;
1661;166.10009088;-73.8630905151367;0.00139999995008111;-13.8340492248535;
1662;166.200115199999;-73.8809585571289;0.00130000000353903;-13.8428211212158;
1663;166.30001664;-73.8861999511719;0.00150000001303852;-13.8509426116943;
1664;166.400040959999;-73.8973617553711;0.00130000000353903;-13.8593235015869;
1665;166.50006528;-73.8992004394531;0.0015999999595806;-13.8672170639038;
1666;166.6000896;-73.9038467407227;0.00130000000353903;-13.8753213882446;
1667;166.700113919999;-73.9139556884766;0.00130000000353903;-13.8833122253418;
1668;166.80001536;-73.9357299804688;0.00150000001303852;-13.8921976089478;
1669;166.900039679999;-73.9447708129883;0.00130000000353903;-13.9005470275879;
1670;167.000064;-73.9692306518555;0.00150000001303852;-13.909351348877;
1671;167.100088319999;-73.9693374633789;0.00130000000353903;-13.9173421859741;
1672;167.20011264;-73.9870681762695;0.00150000001303852;-13.9259347915649;
1673;167.30001408;-73.9857940673828;0.00130000000353903;-13.9337139129639;
1674;167.400038399999;-73.9985504150391;0.00150000001303852;-13.9420623779297;
1675;167.50006272;-74.0097732543945;0.00139999995008111;-13.9503622055054;
1676;167.600087039999;-74.0234375;0.00130000000353903;-13.9588088989258;
1677;167.70011136;-74.0363082885742;0.00139999995008111;-13.9673042297363;
1678;167.800012799999;-74.052978515625;0.00139999995008111;-13.9758157730103;
1679;167.90003712;-74.0560073852539;0.00120000005699694;-13.9839696884155;
1680;168.00006144;-74.0623092651367;0.00150000001303852;-13.9920902252197;
1681;168.100085759999;-74.0821990966797;0.00139999995008111;-14.0008783340454;
1682;168.20011008;-74.0834197998047;0.00139999995008111;-14.0087881088257;
1683;168.300011519999;-74.0973281860352;0.00139999995008111;-14.0173482894897;
1684;168.40003584;-74.1045532226563;0.00139999995008111;-14.0255994796753;
1685;168.50006016;-74.1199493408203;0.00139999995008111;-14.0341758728027;
1686;168.600084479999;-74.1272583007813;0.00139999995008111;-14.0422639846802;
1687;168.7001088;-74.1456604003906;0.00139999995008111;-14.0507755279541;
1688;168.800010239999;-74.1531600952148;0.00139999995008111;-14.0588150024414;
1689;168.90003456;-74.1710510253906;0.00139999995008111;-14.0675220489502;
1690;169.000058879999;-74.1688461303711;0.00130000000353903;-14.0753173828125;
1691;169.1000832;-74.1849822998047;0.00150000001303852;-14.0839757919312;
1692;169.20010752;-74.1900329589844;0.00130000000353903;-14.0921945571899;
1693;169.30000896;-74.2056121826172;0.00130000000353903;-14.1007061004639;
1694;169.40003328;-74.2163543701172;0.00150000001303852;-14.1091194152832;
1695;169.500057599999;-74.2261123657227;0.00139999995008111;-14.1173057556152;
1696;169.60008192;-74.2265090942383;0.00150000001303852;-14.1252479553223;
1697;169.70010624;-74.2442474365234;0.00130000000353903;-14.1336612701416;
1698;169.80000768;-74.2497711181641;0.00150000001303852;-14.1417989730835;
1699;169.900032;-74.2607269287109;0.00139999995008111;-14.1501798629761;
1700;170.000056319999;-74.2788848876953;0.00120000005699694;-14.1589517593384;
1701;170.10008064;-74.2893600463867;0.00150000001303852;-14.1674470901489;
1702;170.200104959999;-74.3079223632813;0.00130000000353903;-14.1760883331299;
1703;170.3000064;-74.3094329833984;0.00150000001303852;-14.1840791702271;
1704;170.400030719999;-74.319221496582;0.00130000000353903;-14.1923789978027;
1705;170.50005504;-74.3202819824219;0.00150000001303852;-14.1999959945679;
1706;170.60007936;-74.3350677490234;0.00139999995008111;-14.208475112915;
1707;170.700103679999;-74.343391418457;0.00139999995008111;-14.2166767120361;
1708;170.80000512;-74.3601150512695;0.00130000000353903;-14.2254819869995;
1709;170.900029439999;-74.373908996582;0.00139999995008111;-14.2337331771851;
1710;171.00005376;-74.3920440673828;0.00150000001303852;-14.2425861358643;
1711;171.10007808;-74.3874435424805;0.00150000001303852;-14.2502183914185;
1712;171.200102399999;-74.4007110595703;0.00139999995008111;-14.2587299346924;
1713;171.30000384;-74.4013748168945;0.00150000001303852;-14.2666721343994;
1714;171.400028159999;-74.4123306274414;0.00139999995008111;-14.2750864028931;
1715;171.50005248;-74.4264755249023;0.00139999995008111;-14.2835321426392;
1716;171.600076799999;-74.4397659301758;0.00139999995008111;-14.2921419143677;
1717;171.70010112;-74.4563064575195;0.00150000001303852;-14.3007345199585;
1718;171.800002559999;-74.4673385620117;0.00139999995008111;-14.3092136383057;
1719;171.90002688;-74.4769592285156;0.00139999995008111;-14.3176431655884;
1720;172.0000512;-74.4871673583984;0.00139999995008111;-14.3259925842285;
1721;172.100075519999;-74.4971160888672;0.00139999995008111;-14.3343572616577;
1722;172.20009984;-74.4925918579102;0.0015999999595806;-14.3420391082764;
1723;172.300001279999;-74.5076141357422;0.00130000000353903;-14.3504362106323;
1724;172.4000256;-74.515007019043;0.00150000001303852;-14.3585252761841;
1725;172.50004992;-74.5309066772461;0.00139999995008111;-14.3671503067017;
1726;172.600074239999;-74.543212890625;0.00120000005699694;-14.3755483627319;
1727;172.70009856;-74.5575714111328;0.00150000001303852;-14.3840599060059;
1728;172.800122879999;-74.5549926757813;0.00130000000353903;-14.3919849395752;
1729;172.90002432;-74.5732040405273;0.00150000001303852;-14.4007406234741;
1730;173.000048639999;-74.5657348632813;0.00139999995008111;-14.4084224700928;
1731;173.10007296;-74.5800933837891;0.00150000001303852;-14.4169502258301;
1732;173.20009728;-74.5913162231445;0.00139999995008111;-14.4253311157227;
1733;173.300121599999;-74.6052703857422;0.00139999995008111;-14.4339084625244;
1734;173.40002304;-74.6160125732422;0.00150000001303852;-14.4421758651733;
1735;173.500047359999;-74.6302871704102;0.00130000000353903;-14.4505405426025;
1736;173.60007168;-74.6333465576172;0.00150000001303852;-14.4585313796997;
1737;173.700096;-74.6401824951172;0.00130000000353903;-14.4667339324951;
1738;173.800120319999;-74.653205871582;0.00150000001303852;-14.4750823974609;
1739;173.90002176;-74.6628570556641;0.00139999995008111;-14.4835615158081;
1740;174.000046079999;-74.6795272827148;0.00139999995008111;-14.4921865463257;
1741;174.1000704;-74.6830673217773;0.00150000001303852;-14.5004539489746;
1742;174.200094719999;-74.7004241943359;0.00130000000353903;-14.5090961456299;
1743;174.30011904;-74.6965942382813;0.00150000001303852;-14.5167121887207;
1744;174.40002048;-74.7105255126953;0.00130000000353903;-14.5251264572144;
1745;174.500044799999;-74.717041015625;0.00150000001303852;-14.5333442687988;
1746;174.60006912;-74.7284240722656;0.00139999995008111;-14.5420026779175;
1747;174.700093439999;-74.7329940795898;0.00150000001303852;-14.5502052307129;
1748;174.80011776;-74.7561264038086;0.00130000000353903;-14.5590744018555;
1749;174.900019199999;-74.7582015991211;0.00139999995008111;-14.5673580169678;
1750;175.00004352;-74.773567199707;0.00150000001303852;-14.5759019851685;
1751;175.10006784;-74.7747344970703;0.00139999995008111;-14.5837144851685;
1752;175.200092159999;-74.789306640625;0.00139999995008111;-14.5922584533691;
1753;175.30011648;-74.79052734375;0.00139999995008111;-14.6001024246216;
1754;175.400017919999;-74.8007659912109;0.00139999995008111;-14.6084022521973;
1755;175.50004224;-74.8122482299805;0.00150000001303852;-14.6167831420898;
1756;175.60006656;-74.8198013305664;0.00139999995008111;-14.6252784729004;
1757;175.700090879999;-74.8350601196289;0.00139999995008111;-14.6337575912476;
1758;175.8001152;-74.8509902954102;0.00139999995008111;-14.642448425293;
1759;175.900016639999;-74.8555374145508;0.00139999995008111;-14.6506834030151;
1760;176.00004096;-74.8555068969727;0.00139999995008111;-14.6586084365845;
1761;176.100065279999;-74.8686141967773;0.00139999995008111;-14.6669416427612;
1762;176.2000896;-74.8681640625;0.00139999995008111;-14.6747207641602;
1763;176.30011392;-74.8816986083984;0.00139999995008111;-14.6832809448242;
1764;176.40001536;-74.8961334228516;0.00139999995008111;-14.6917924880981;
1765;176.50003968;-74.9152221679688;0.00150000001303852;-14.7005643844604;
1766;176.600063999999;-74.9217376708984;0.00130000000353903;-14.7088966369629;
1767;176.70008832;-74.9383544921875;0.00150000001303852;-14.7174730300903;
1768;176.80011264;-74.9380645751953;0.00130000000353903;-14.7254152297974;
1769;176.90001408;-74.9425811767578;0.00150000001303852;-14.7336664199829;
1770;177.0000384;-74.9496765136719;0.00139999995008111;-14.741494178772;
1771;177.100062719999;-74.9624710083008;0.00139999995008111;-14.7501525878906;
1772;177.20008704;-74.9712677001953;0.00150000001303852;-14.7584524154663;
1773;177.300111359999;-74.9873275756836;0.00139999995008111;-14.7670288085938;
1774;177.4000128;-74.994987487793;0.00139999995008111;-14.7753782272339;
1775;177.500037119999;-75.0017929077148;0.00139999995008111;-14.7835474014282;
1776;177.60006144;-75.0029373168945;0.00150000001303852;-14.7916030883789;
1777;177.70008576;-75.0200042724609;0.00150000001303852;-14.8002290725708;
1778;177.800110079999;-75.0248184204102;0.00130000000353903;-14.8085775375366;
1779;177.90001152;-75.0299224853516;0.00150000001303852;-14.8167476654053;
1780;178.000035839999;-75.0481872558594;0.00130000000353903;-14.8253889083862;
1781;178.10006016;-75.0560302734375;0.00150000001303852;-14.8336887359619;
1782;178.20008448;-75.0690536499023;0.00139999995008111;-14.8421840667725;
1783;178.300108799999;-75.0721664428711;0.00139999995008111;-14.850191116333;
1784;178.40001024;-75.0931701660156;0.00139999995008111;-14.8589792251587;
1785;178.500034559999;-75.0899276733398;0.00139999995008111;-14.8670024871826;
1786;178.60005888;-75.1018905639648;0.00150000001303852;-14.8754653930664;
1787;178.700083199999;-75.1022109985352;0.00130000000353903;-14.8835372924805;
1788;178.80010752;-75.1212997436523;0.00150000001303852;-14.8920650482178;
1789;178.900008959999;-75.1214065551758;0.00139999995008111;-14.9001541137695;
1790;179.00003328;-75.1427536010742;0.00150000001303852;-14.9088764190674;
1791;179.1000576;-75.1397476196289;0.00150000001303852;-14.9164609909058;
1792;179.200081919999;-75.1513137817383;0.00120000005699694;-14.9250211715698;
1793;179.30010624;-75.1568756103516;0.00150000001303852;-14.9331741333008;
1794;179.400007679999;-75.1676940917969;0.00139999995008111;-14.9415721893311;
1795;179.500032;-75.1779861450195;0.00150000001303852;-14.949969291687;
1796;179.60005632;-75.1909027099609;0.00139999995008111;-14.9587087631226;
1797;179.700080639999;-75.2022552490234;0.00139999995008111;-14.9672689437866;
1798;179.80010496;-75.2138519287109;0.00139999995008111;-14.9756669998169;
1799;179.900006399999;-75.213981628418;0.00139999995008111;-14.9837226867676;
1800;180.00003072;-75.2152862548828;0.00150000001303852;-14.9916324615479;
1801;180.100055039999;-75.224853515625;0.00139999995008111;-14.9997529983521;
1802;180.20007936;-75.2351226806641;0.00139999995008111;-15.0078907012939;
1803;180.30010368;-75.2531967163086;0.00139999995008111;-15.0166788101196;
1804;180.400005119999;-75.2621612548828;0.00150000001303852;-15.0250759124756;
1805;180.50002944;-75.2758255004883;0.00139999995008111;-15.0337829589844;
1806;180.600053759999;-75.28125;0.00120000005699694;-15.0421152114868;
1807;180.70007808;-75.2854232788086;0.00150000001303852;-15.0502367019653;
1808;180.8001024;-75.2820205688477;0.00139999995008111;-15.0579013824463;
1809;180.90000384;-75.3025970458984;0.00150000001303852;-15.066689491272;
1810;181.00002816;-75.3023300170898;0.00130000000353903;-15.0746641159058;
1811;181.100052479999;-75.3139266967773;0.00150000001303852;-15.0833549499512;
1812;181.2000768;-75.3287353515625;0.00139999995008111;-15.0918340682983;
1813;181.300101119999;-75.3397903442383;0.00139999995008111;-15.1005239486694;
1814;181.40000256;-75.3475570678711;0.00139999995008111;-15.1088075637817;
1815;181.50002688;-75.3614044189453;0.00130000000353903;-15.117335319519;
1816;181.600051199999;-75.3692245483398;0.00150000001303852;-15.1256685256958;
1817;181.70007552;-75.3687973022461;0.00139999995008111;-15.1337404251099;
1818;181.800099839999;-75.3771743774414;0.00150000001303852;-15.141731262207;
1819;181.90000128;-75.3808670043945;0.00139999995008111;-15.1499662399292;
1820;182.000025599999;-75.3933639526367;0.00139999995008111;-15.1583633422852;
1821;182.10004992;-75.4043426513672;0.00139999995008111;-15.1667127609253;
1822;182.20007424;-75.4222412109375;0.00139999995008111;-15.1754350662231;
1823;182.300098559999;-75.4223709106445;0.00139999995008111;-15.1834583282471;
1824;182.40012288;-75.4313583374023;0.00139999995008111;-15.1919374465942;
1825;182.500024319999;-75.4355850219727;0.00150000001303852;-15.2000913619995;
1826;182.60004864;-75.4402389526367;0.00139999995008111;-15.2083263397217;
1827;182.700072959999;-75.4449691772461;0.00139999995008111;-15.2163820266724;
1828;182.80009728;-75.4624404907227;0.00150000001303852;-15.225170135498;
1829;182.9001216;-75.4691925048828;0.00139999995008111;-15.2333889007568;
1830;183.000023039999;-75.4842681884766;0.00150000001303852;-15.2420301437378;
1831;183.10004736;-75.4842147827148;0.00139999995008111;-15.2497930526733;
1832;183.200071679999;-75.4988403320313;0.00139999995008111;-15.2585163116455;
1833;183.300096;-75.4988861083984;0.00139999995008111;-15.2663440704346;
1834;183.40012032;-75.5124740600586;0.00139999995008111;-15.2749376296997;
1835;183.50002176;-75.5218353271484;0.00139999995008111;-15.2834320068359;
1836;183.60004608;-75.5331573486328;0.00139999995008111;-15.2918787002563;
1837;183.700070399999;-75.5410308837891;0.00130000000353903;-15.3002109527588;
1838;183.80009472;-75.5531005859375;0.00139999995008111;-15.3086414337158;
1839;183.900119039999;-75.5454406738281;0.00139999995008111;-15.3163719177246;
1840;184.00002048;-75.5528869628906;0.00139999995008111;-15.3244438171387;
1841;184.1000448;-75.5711822509766;0.00130000000353903;-15.3332481384277;
1842;184.200069119999;-75.5758056640625;0.00150000001303852;-15.3414344787598;
1843;184.30009344;-75.5904846191406;0.00139999995008111;-15.3501253128052;
1844;184.400117759999;-75.5966262817383;0.00150000001303852;-15.3586206436157;
1845;184.5000192;-75.6119918823242;0.00139999995008111;-15.3672132492065;
1846;184.600043519999;-75.6147537231445;0.00139999995008111;-15.3751878738403;
1847;184.70006784;-75.6232147216797;0.00150000001303852;-15.3834714889526;
1848;184.80009216;-75.6262969970703;0.00120000005699694;-15.3914461135864;
1849;184.900116479999;-75.6414489746094;0.00139999995008111;-15.4000387191772;
1850;185.00001792;-75.6462631225586;0.00139999995008111;-15.4080457687378;
1851;185.100042239999;-75.6578521728516;0.00139999995008111;-15.4168014526367;
1852;185.20006656;-75.6636199951172;0.00150000001303852;-15.4250040054321;
1853;185.30009088;-75.6774215698242;0.00130000000353903;-15.4336452484131;
1854;185.400115199999;-75.6889343261719;0.00150000001303852;-15.4421243667603;
1855;185.50001664;-75.6908721923828;0.00130000000353903;-15.4502286911011;
1856;185.600040959999;-75.6880874633789;0.00150000001303852;-15.4579916000366;
1857;185.70006528;-75.6969909667969;0.00130000000353903;-15.4663734436035;
1858;185.800089599999;-75.7033996582031;0.00130000000353903;-15.4745588302612;
1859;185.90011392;-75.7155227661133;0.00150000001303852;-15.4829406738281;
1860;186.000015359999;-75.7335510253906;0.00130000000353903;-15.4916963577271;
1861;186.10003968;-75.7422409057617;0.00150000001303852;-15.5002727508545;
1862;186.200064;-75.753303527832;0.00130000000353903;-15.5088491439819;
1863;186.300088319999;-75.7577972412109;0.00139999995008111;-15.5169868469238;
1864;186.40011264;-75.7648696899414;0.00150000001303852;-15.525351524353;
1865;186.500014079999;-75.7628707885742;0.00130000000353903;-15.5330333709717;
1866;186.6000384;-75.7712249755859;0.00139999995008111;-15.5414304733276;
1867;186.70006272;-75.778450012207;0.00139999995008111;-15.5495843887329;
1868;186.800087039999;-75.7959747314453;0.00139999995008111;-15.5582752227783;
1869;186.90011136;-75.8008117675781;0.00139999995008111;-15.5663795471191;
1870;187.000012799999;-75.8208618164063;0.00130000000353903;-15.5752973556519;
1871;187.10003712;-75.8104095458984;0.00139999995008111;-15.5826539993286;
1872;187.200061439999;-75.8226165771484;0.00139999995008111;-15.5914096832275;
1873;187.30008576;-75.8308334350586;0.00150000001303852;-15.5996608734131;
1874;187.40011008;-75.837158203125;0.00130000000353903;-15.6081562042236;
1875;187.50001152;-75.8468627929688;0.00139999995008111;-15.6165046691895;
1876;187.60003584;-75.8612976074219;0.00139999995008111;-15.6250810623169;
1877;187.700060159999;-75.8694839477539;0.00139999995008111;-15.6335115432739;
1878;187.80008448;-75.8780212402344;0.00130000000353903;-15.6417951583862;
1879;187.9001088;-75.8824615478516;0.00150000001303852;-15.6499814987183;
1880;188.00001024;-75.893440246582;0.00139999995008111;-15.6584596633911;
1881;188.10003456;-75.9029846191406;0.00139999995008111;-15.6669063568115;
1882;188.200058879999;-75.9066009521484;0.00130000000353903;-15.6749782562256;
1883;188.3000832;-75.9167327880859;0.00139999995008111;-15.6835222244263;
1884;188.400107519999;-75.9200820922852;0.00130000000353903;-15.6915950775146;
1885;188.50000896;-75.9337997436523;0.0015999999595806;-15.7001066207886;
1886;188.600033279999;-75.9381332397461;0.00130000000353903;-15.7082757949829;
1887;188.7000576;-75.948371887207;0.00139999995008111;-15.7165269851685;
1888;188.80008192;-75.9430770874023;0.00139999995008111;-15.7243709564209;
1889;188.900106239999;-75.9649887084961;0.00150000001303852;-15.7332735061646;
1890;189.00000768;-75.9606246948242;0.00139999995008111;-15.7411832809448;
1891;189.100031999999;-75.9777526855469;0.00130000000353903;-15.7498731613159;
1892;189.20005632;-75.9870834350586;0.00150000001303852;-15.7583847045898;
1893;189.30008064;-76.0002136230469;0.00139999995008111;-15.7669944763184;
1894;189.400104959999;-76.0018081665039;0.00150000001303852;-15.775050163269;
1895;189.5000064;-76.0096817016602;0.00130000000353903;-15.7832527160645;
1896;189.600030719999;-76.0091781616211;0.00139999995008111;-15.7911291122437;
1897;189.70005504;-76.0167541503906;0.00139999995008111;-15.7993640899658;
1898;189.800079359999;-76.0296249389648;0.00139999995008111;-15.8077611923218;
1899;189.90010368;-76.0409469604492;0.00150000001303852;-15.8163871765137;
1900;190.00000512;-76.0568237304688;0.00130000000353903;-15.8249959945679;
1901;190.100029439999;-76.0617370605469;0.00150000001303852;-15.8334264755249;
1902;190.20005376;-76.0760955810547;0.00150000001303852;-15.8421497344971;
1903;190.300078079999;-76.0669250488281;0.00130000000353903;-15.849684715271;
1904;190.4001024;-76.0744476318359;0.00139999995008111;-15.8579683303833;
1905;190.500003839999;-76.0770034790039;0.00139999995008111;-15.8660564422607;
1906;190.60002816;-76.089973449707;0.00150000001303852;-15.8746490478516;
1907;190.70005248;-76.0977401733398;0.00139999995008111;-15.8829488754272;
1908;190.800076799999;-76.1197509765625;0.00139999995008111;-15.8918514251709;
1909;190.90010112;-76.1201248168945;0.00150000001303852;-15.9001350402832;
1910;191.000002559999;-76.1362380981445;0.00139999995008111;-15.9087600708008;
1911;191.10002688;-76.1324844360352;0.00150000001303852;-15.9166212081909;
1912;191.2000512;-76.1458053588867;0.00139999995008111;-15.9252300262451;
1913;191.300075519999;-76.1416320800781;0.00150000001303852;-15.9329767227173;
1914;191.40009984;-76.1493988037109;0.00130000000353903;-15.9412927627563;
1915;191.500001279999;-76.1589965820313;0.00150000001303852;-15.9496421813965;
1916;191.6000256;-76.1722106933594;0.00150000001303852;-15.9580392837524;
1917;191.700049919999;-76.181755065918;0.00139999995008111;-15.9663887023926;
1918;191.80007424;-76.1974411010742;0.00139999995008111;-15.975209236145;
1919;191.90009856;-76.1952362060547;0.00139999995008111;-15.9832649230957;
1920;192.000122879999;-76.1996231079102;0.00139999995008111;-15.99143409729;
1921;192.10002432;-76.2112350463867;0.00139999995008111;-15.9999132156372;
1922;192.200048639999;-76.2040100097656;0.00130000000353903;-16.0077896118164;
1923;192.30007296;-76.220703125;0.00150000001303852;-16.0162696838379;
1924;192.40009728;-76.2299270629883;0.00139999995008111;-16.0246829986572;
1925;192.500121599999;-76.2447891235352;0.00150000001303852;-16.0332927703857;
1926;192.60002304;-76.2453994750977;0.00130000000353903;-16.0413475036621;
1927;192.700047359999;-76.2589340209961;0.00150000001303852;-16.0498428344727;
1928;192.80007168;-76.2555847167969;0.00139999995008111;-16.05788230896;
1929;192.900095999999;-76.2707901000977;0.00150000001303852;-16.066442489624;
1930;193.00012032;-76.274040222168;0.00139999995008111;-16.0745162963867;
1931;193.100021759999;-76.2858657836914;0.00130000000353903;-16.0832214355469;
1932;193.20004608;-76.2913436889648;0.00150000001303852;-16.0914249420166;
1933;193.3000704;-76.300651550293;0.00139999995008111;-16.0999526977539;
1934;193.400094719999;-76.2981796264648;0.00139999995008111;-16.1079597473145;
1935;193.50011904;-76.30615234375;0.00139999995008111;-16.1159820556641;
1936;193.600020479999;-76.3046646118164;0.00139999995008111;-16.1240386962891;
1937;193.7000448;-76.3226089477539;0.00150000001303852;-16.1328582763672;
1938;193.80006912;-76.3302154541016;0.00130000000353903;-16.141321182251;
1939;193.900093439999;-76.3355560302734;0.00139999995008111;-16.1497364044189;
1940;194.00011776;-76.3543548583984;0.00139999995008111;-16.15842628479;
1941;194.100019199999;-76.3572540283203;0.00139999995008111;-16.1666774749756;
1942;194.20004352;-76.3659744262695;0.00139999995008111;-16.1749782562256;
1943;194.300067839999;-76.3678588867188;0.00130000000353903;-16.1828212738037;
1944;194.40009216;-76.3806533813477;0.00139999995008111;-16.1914958953857;
1945;194.50011648;-76.3839492797852;0.00139999995008111;-16.199520111084;
1946;194.60001792;-76.39697265625;0.00139999995008111;-16.2081279754639;
1947;194.70004224;-76.3968963623047;0.00139999995008111;-16.2163791656494;
1948;194.800066559999;-76.4110641479492;0.00139999995008111;-16.2250213623047;
1949;194.90009088;-76.4179000854492;0.00150000001303852;-16.2332401275635;
1950;195.0001152;-76.4295425415039;0.00139999995008111;-16.2420120239258;
1951;195.10001664;-76.4194717407227;0.0015999999595806;-16.2494335174561;
1952;195.20004096;-76.4294357299805;0.00130000000353903;-16.2578620910645;
1953;195.300065279999;-76.4292755126953;0.00150000001303852;-16.2659187316895;
1954;195.4000896;-76.4393005371094;0.00150000001303852;-16.2743167877197;
1955;195.500113919999;-76.45068359375;0.00139999995008111;-16.2827301025391;
1956;195.60001536;-76.4686279296875;0.00150000001303852;-16.2915344238281;
1957;195.700039679999;-76.4758834838867;0.00130000000353903;-16.3000144958496;
1958;195.800064;-76.4841842651367;0.00150000001303852;-16.3085422515869;
1959;195.90008832;-76.4871292114258;0.00150000001303852;-16.3166465759277;
1960;196.000112639999;-76.4851913452148;0.00130000000353903;-16.3246212005615;
1961;196.10001408;-76.4900054931641;0.00150000001303852;-16.3327083587646;
1962;196.200038399999;-76.4960403442383;0.00139999995008111;-16.3407974243164;
1963;196.30006272;-76.50927734375;0.00150000001303852;-16.3494548797607;
1964;196.40008704;-76.5197296142578;0.00130000000353903;-16.3577880859375;
1965;196.500111359999;-76.5282592773438;0.00150000001303852;-16.3664627075195;
1966;196.6000128;-76.5317153930664;0.00150000001303852;-16.3746967315674;
1967;196.700037119999;-76.5396118164063;0.00139999995008111;-16.3829154968262;
1968;196.80006144;-76.5354690551758;0.00139999995008111;-16.3908405303955;
1969;196.900085759999;-76.5540237426758;0.00130000000353903;-16.3997764587402;
1970;197.00011008;-76.5524291992188;0.00150000001303852;-16.4077339172363;
1971;197.10001152;-76.5617065429688;0.00130000000353903;-16.4163436889648;
1972;197.200035839999;-76.5709915161133;0.00150000001303852;-16.4247074127197;
1973;197.30006016;-76.584228515625;0.00130000000353903;-16.4333019256592;
1974;197.400084479999;-76.5818328857422;0.00150000001303852;-16.4411945343018;
1975;197.5001088;-76.5957946777344;0.00139999995008111;-16.4497871398926;
1976;197.600010239999;-76.6012420654297;0.00130000000353903;-16.4580707550049;
1977;197.70003456;-76.6081008911133;0.00139999995008111;-16.4664840698242;
1978;197.80005888;-76.6108169555664;0.00139999995008111;-16.4747352600098;
1979;197.900083199999;-76.6148834228516;0.00139999995008111;-16.4830188751221;
1980;198.00010752;-76.6249313354492;0.00139999995008111;-16.4913520812988;
1981;198.100008959999;-76.6352767944336;0.00130000000353903;-16.4995536804199;
1982;198.20003328;-76.643196105957;0.00150000001303852;-16.5080661773682;
1983;198.300057599999;-76.6381759643555;0.00130000000353903;-16.5158615112305;
1984;198.40008192;-76.6492080688477;0.00150000001303852;-16.5244541168213;
1985;198.50010624;-76.6553726196289;0.00130000000353903;-16.5327548980713;
1986;198.600007679999;-76.6599197387695;0.00139999995008111;-16.5412158966064;
1987;198.700032;-76.6665420532227;0.00150000001303852;-16.5494518280029;
1988;198.800056319999;-76.6817245483398;0.00139999995008111;-16.5582389831543;
1989;198.90008064;-76.6826782226563;0.00139999995008111;-16.5663280487061;
1990;199.00010496;-76.6932373046875;0.00139999995008111;-16.5748233795166;
1991;199.1000064;-76.6885299682617;0.00150000001303852;-16.5823268890381;
1992;199.20003072;-76.7007064819336;0.00139999995008111;-16.5909843444824;
1993;199.300055039999;-76.7032089233398;0.00139999995008111;-16.5989589691162;
1994;199.40007936;-76.7188415527344;0.00139999995008111;-16.6076984405518;
1995;199.500103679999;-76.7260437011719;0.00150000001303852;-16.6162261962891;
1996;199.60000512;-76.7393112182617;0.00139999995008111;-16.6248664855957;
1997;199.70002944;-76.7415161132813;0.00130000000353903;-16.6331844329834;
1998;199.800053759999;-76.7483215332031;0.00139999995008111;-16.6416301727295;
1999;199.90007808;-76.7393112182617;0.00150000001303852;-16.6491966247559;
2000;200.000102399999;-76.7427139282227;0.00130000000353903;-16.6572856903076;
2001;200.10000384;-76.7580795288086;0.00150000001303852;-16.6659927368164;
2002;200.200028159999;-76.7616958618164;0.00139999995008111;-16.6742115020752;
2003;200.30005248;-76.7757339477539;0.00130000000353903;-16.6829509735107;
2004;200.4000768;-76.7851715087891;0.00150000001303852;-16.6914463043213;
2005;200.500101119999;-76.7927780151367;0.00139999995008111;-16.7000713348389;
2006;200.60000256;-76.7943725585938;0.00150000001303852;-16.7081108093262;
2007;200.700026879999;-76.8006744384766;0.00130000000353903;-16.7164440155029;
2008;200.8000512;-76.79931640625;0.00150000001303852;-16.7243690490723;
2009;200.90007552;-76.810188293457;0.00139999995008111;-16.7328472137451;
2010;201.000099839999;-76.8109893798828;0.00139999995008111;-16.7408218383789;
2011;201.10000128;-76.8258819580078;0.00139999995008111;-16.7494964599609;
2012;201.200025599999;-76.8300018310547;0.00139999995008111;-16.7576656341553;
2013;201.30004992;-76.8416213989258;0.00139999995008111;-16.7664051055908;
2014;201.400074239999;-76.8475723266602;0.00150000001303852;-16.7746887207031;
2015;201.50009856;-76.8526763916016;0.00150000001303852;-16.7830390930176;
2016;201.60012288;-76.8488464355469;0.00139999995008111;-16.7910938262939;
2017;201.70002432;-76.8570404052734;0.00139999995008111;-16.7994747161865;
2018;201.80004864;-76.8573837280273;0.00130000000353903;-16.807580947876;
2019;201.900072959999;-76.8633651733398;0.00150000001303852;-16.8159122467041;
2020;202.00009728;-76.8782043457031;0.00139999995008111;-16.8244400024414;
2021;202.1001216;-76.8868408203125;0.00130000000353903;-16.8328876495361;
2022;202.20002304;-76.8940734863281;0.00139999995008111;-16.841251373291;
2023;202.30004736;-76.8952178955078;0.00130000000353903;-16.849422454834;
2024;202.400071679999;-76.9060668945313;0.00150000001303852;-16.8579330444336;
2025;202.500096;-76.9054794311523;0.00139999995008111;-16.8659572601318;
2026;202.600120319999;-76.9148101806641;0.00139999995008111;-16.874418258667;
2027;202.70002176;-76.9174728393555;0.00139999995008111;-16.8826217651367;
2028;202.800046079999;-76.9297256469727;0.00139999995008111;-16.8911972045898;
2029;202.9000704;-76.9275970458984;0.00139999995008111;-16.8990421295166;
2030;203.00009472;-76.9435272216797;0.00139999995008111;-16.9078140258789;
2031;203.100119039999;-76.9296493530273;0.00139999995008111;-16.9151382446289;
2032;203.20002048;-76.9468994140625;0.00150000001303852;-16.9240074157715;
2033;203.300044799999;-76.9519271850586;0.00139999995008111;-16.9323558807373;
2034;203.40006912;-76.9634170532227;0.00139999995008111;-16.9410953521729;
2035;203.50009344;-76.9692611694336;0.00139999995008111;-16.9495735168457;
2036;203.600117759999;-76.9789428710938;0.00139999995008111;-16.9581832885742;
2037;203.7000192;-76.9827194213867;0.00139999995008111;-16.966402053833;
2038;203.800043519999;-76.9831695556641;0.00130000000353903;-16.9744911193848;
2039;203.90006784;-76.9886703491211;0.00139999995008111;-16.9824810028076;
2040;204.000092159999;-76.9952392578125;0.00139999995008111;-16.990894317627;
2041;204.10011648;-77.0091171264648;0.00150000001303852;-16.9994716644287;
2042;204.200017919999;-77.0115127563477;0.00130000000353903;-17.007740020752;
2043;204.30004224;-77.0231552124023;0.00139999995008111;-17.0163326263428;
2044;204.40006656;-77.0258636474609;0.00139999995008111;-17.0245990753174;
2045;204.500090879999;-77.0365829467773;0.00139999995008111;-17.0331439971924;
2046;204.6001152;-77.0354080200195;0.00139999995008111;-17.0412158966064;
2047;204.700016639999;-77.0383377075195;0.00139999995008111;-17.0493202209473;
2048;204.80004096;-77.036979675293;0.00150000001303852;-17.0571479797363;
2049;204.90006528;-77.04931640625;0.00139999995008111;-17.0659370422363;
2050;205.000089599999;-77.0521850585938;0.00139999995008111;-17.0740242004395;
2051;205.10011392;-77.066276550293;0.00150000001303852;-17.0827484130859;
2052;205.200015359999;-77.0715408325195;0.00139999995008111;-17.091194152832;
2053;205.30003968;-77.082893371582;0.00150000001303852;-17.0999183654785;
2054;205.400063999999;-77.082763671875;0.00139999995008111;-17.1079902648926;
2055;205.50008832;-77.0848388671875;0.00139999995008111;-17.1162090301514;
2056;205.60011264;-77.083137512207;0.00139999995008111;-17.1239719390869;
2057;205.700014079999;-77.0915603637695;0.00139999995008111;-17.1322383880615;
2058;205.8000384;-77.0996704101563;0.00139999995008111;-17.1405391693115;
2059;205.900062719999;-77.1088943481445;0.00150000001303852;-17.1491470336914;
2060;206.00008704;-77.1192398071289;0.00150000001303852;-17.157642364502;
2061;206.10011136;-77.1262893676758;0.00130000000353903;-17.1661224365234;
2062;206.2000128;-77.1375350952148;0.00139999995008111;-17.1747951507568;
2063;206.30003712;-77.1277770996094;0.00150000001303852;-17.1824932098389;
2064;206.400061439999;-77.136360168457;0.00139999995008111;-17.1909732818604;
2065;206.50008576;-77.1375045776367;0.00139999995008111;-17.1991424560547;
2066;206.600110079999;-77.1453475952148;0.00139999995008111;-17.2076549530029;
2067;206.70001152;-77.1497344970703;0.00150000001303852;-17.2159061431885;
2068;206.80003584;-77.166748046875;0.00130000000353903;-17.2246932983398;
2069;206.900060159999;-77.1645965576172;0.00150000001303852;-17.2327651977539;
2070;207.00008448;-77.1743011474609;0.00139999995008111;-17.241325378418;
2071;207.100108799999;-77.1682968139648;0.00150000001303852;-17.2490558624268;
2072;207.20001024;-77.1874923706055;0.00150000001303852;-17.2579574584961;
2073;207.300034559999;-77.1840896606445;0.00139999995008111;-17.2659969329834;
2074;207.40005888;-77.1931228637695;0.00150000001303852;-17.2743625640869;
2075;207.5000832;-77.1954116821289;0.00139999995008111;-17.2826309204102;
2076;207.600107519999;-77.2031478881836;0.0015999999595806;-17.290979385376;
2077;207.70000896;-77.2064437866211;0.00130000000353903;-17.2989692687988;
2078;207.800033279999;-77.217529296875;0.00139999995008111;-17.3076286315918;
2079;207.9000576;-77.2118988037109;0.00150000001303852;-17.3156356811523;
2080;208.00008192;-77.2222671508789;0.00150000001303852;-17.3240489959717;
2081;208.100106239999;-77.2282180786133;0.00150000001303852;-17.3326416015625;
2082;208.20000768;-77.232048034668;0.00130000000353903;-17.3408279418945;
2083;208.300031999999;-77.2418365478516;0.00150000001303852;-17.3493556976318;
2084;208.40005632;-77.2487716674805;0.00150000001303852;-17.3577537536621;
2085;208.500080639999;-77.2573318481445;0.00139999995008111;-17.366231918335;
2086;208.60010496;-77.2501831054688;0.00150000001303852;-17.374044418335;
2087;208.700006399999;-77.2600479125977;0.00139999995008111;-17.3823280334473;
2088;208.80003072;-77.2584228515625;0.0015999999595806;-17.3904323577881;
2089;208.90005504;-77.2747497558594;0.00139999995008111;-17.3990745544434;
2090;209.000079359999;-77.2767944335938;0.00139999995008111;-17.4072761535645;
2091;209.10010368;-77.2940216064453;0.00139999995008111;-17.4161128997803;
2092;209.200005119999;-77.2965774536133;0.00150000001303852;-17.4243812561035;
2093;209.30002944;-77.3035659790039;0.00150000001303852;-17.4329566955566;
2094;209.40005376;-77.2983551025391;0.00130000000353903;-17.4408016204834;
2095;209.500078079999;-77.2919998168945;0.00150000001303852;-17.4487438201904;
2096;209.6001024;-77.2959136962891;0.00139999995008111;-17.456750869751;
2097;209.700003839999;-77.3115997314453;0.00150000001303852;-17.4655380249023;
2098;209.80002816;-77.320930480957;0.00139999995008111;-17.4740982055664;
2099;209.900052479999;-77.3278427124023;0.00150000001303852;-17.4826431274414;
2100;210.0000768;-77.3391952514648;0.00150000001303852;-17.4913177490234;
2101;210.10010112;-77.3440856933594;0.00130000000353903;-17.499698638916;
2102;210.20000256;-77.3478393554688;0.00150000001303852;-17.5080146789551;
2103;210.30002688;-77.3433685302734;0.00139999995008111;-17.5157947540283;
2104;210.400051199999;-77.3536834716797;0.00150000001303852;-17.5243873596191;
2105;210.50007552;-77.3568496704102;0.00139999995008111;-17.5323619842529;
2106;210.60009984;-77.3669815063477;0.00130000000353903;-17.5408229827881;
2107;210.70000128;-77.3700332641602;0.00150000001303852;-17.5491065979004;
2108;210.8000256;-77.3824005126953;0.00139999995008111;-17.5576839447021;
2109;210.900049919999;-77.3825073242188;0.00139999995008111;-17.5657405853271;
2110;211.00007424;-77.3987808227539;0.00139999995008111;-17.57470703125;
2111;211.100098559999;-77.3889923095703;0.00139999995008111;-17.5823554992676;
2112;211.20012288;-77.3953475952148;0.00150000001303852;-17.5908679962158;
2113;211.300024319999;-77.3953475952148;0.00139999995008111;-17.5989074707031;
2114;211.40004864;-77.4020462036133;0.00150000001303852;-17.6073055267334;
2115;211.50007296;-77.4115371704102;0.00130000000353903;-17.6155891418457;
2116;211.600097279999;-77.4229965209961;0.00150000001303852;-17.6242790222168;
2117;211.7001216;-77.4281311035156;0.00150000001303852;-17.6325626373291;
2118;211.800023039999;-77.4345397949219;0.00139999995008111;-17.6410903930664;
2119;211.90004736;-77.438232421875;0.00139999995008111;-17.6491622924805;
2120;212.00007168;-77.4390563964844;0.00130000000353903;-17.6574954986572;
2121;212.100095999999;-77.4422454833984;0.00150000001303852;-17.665714263916;
2122;212.20012032;-77.4487609863281;0.00139999995008111;-17.6738662719727;
2123;212.300021759999;-77.4566345214844;0.00150000001303852;-17.6824283599854;
2124;212.40004608;-77.4614715576172;0.00150000001303852;-17.6905651092529;
2125;212.500070399999;-77.4694442749023;0.00139999995008111;-17.699010848999;
2126;212.60009472;-77.4700546264648;0.00150000001303852;-17.707067489624;
2127;212.70011904;-77.4723205566406;0.00139999995008111;-17.7153511047363;
2128;212.800020479999;-77.4739151000977;0.00150000001303852;-17.7235374450684;
2129;212.9000448;-77.4882965087891;0.00150000001303852;-17.7325687408447;
2130;213.000069119999;-77.4908752441406;0.00139999995008111;-17.7407875061035;
2131;213.10009344;-77.4988784790039;0.00139999995008111;-17.7494621276855;
2132;213.20011776;-77.5014038085938;0.00139999995008111;-17.7577285766602;
2133;213.3000192;-77.5100936889648;0.00150000001303852;-17.7661914825439;
2134;213.40004352;-77.5039825439453;0.00130000000353903;-17.7737598419189;
2135;213.500067839999;-77.5132904052734;0.00150000001303852;-17.7822380065918;
2136;213.60009216;-77.5187377929688;0.00139999995008111;-17.7906360626221;
2137;213.700116479999;-77.5283889770508;0.00150000001303852;-17.7992134094238;
2138;213.80001792;-77.5306777954102;0.00150000001303852;-17.8074970245361;
2139;213.900042239999;-77.536979675293;0.00130000000353903;-17.8159923553467;
2140;214.00006656;-77.5451126098633;0.00150000001303852;-17.8243236541748;
2141;214.10009088;-77.5496826171875;0.00130000000353903;-17.8325271606445;
2142;214.200115199999;-77.5527420043945;0.00150000001303852;-17.8408584594727;
2143;214.30001664;-77.5443954467773;0.00130000000353903;-17.8485412597656;
2144;214.400040959999;-77.5555648803711;0.00150000001303852;-17.8570690155029;
2145;214.50006528;-77.5580368041992;0.00150000001303852;-17.8654499053955;
2146;214.6000896;-77.5669708251953;0.00130000000353903;-17.8739929199219;
2147;214.700113919999;-77.5734024047852;0.00150000001303852;-17.8823261260986;
2148;214.80001536;-77.5893783569336;0.00139999995008111;-17.8911304473877;
2149;214.900039679999;-77.5892486572266;0.00150000001303852;-17.899299621582;
2150;215.000064;-77.5982360839844;0.00150000001303852;-17.907844543457;
2151;215.100088319999;-77.5854949951172;0.00139999995008111;-17.9153137207031;
2152;215.20011264;-77.5999603271484;0.00150000001303852;-17.9239082336426;
2153;215.30001408;-77.5977249145508;0.00139999995008111;-17.9318161010742;
2154;215.400038399999;-77.6103057861328;0.00150000001303852;-17.9404430389404;
2155;215.50006272;-77.6223983764648;0.00130000000353903;-17.9488716125488;
2156;215.600087039999;-77.6288604736328;0.00139999995008111;-17.9576282501221;
2157;215.70011136;-77.6300582885742;0.00150000001303852;-17.9657001495361;
2158;215.800012799999;-77.6406936645508;0.00139999995008111;-17.9743900299072;
2159;215.90003712;-77.6327209472656;0.00139999995008111;-17.982105255127;
2160;216.00006144;-77.6336212158203;0.00130000000353903;-17.9903240203857;
2161;216.100085759999;-77.6460342407227;0.0015999999595806;-17.9989318847656;
2162;216.20011008;-77.6489334106445;0.00139999995008111;-18.0071830749512;
2163;216.300011519999;-77.6598663330078;0.00139999995008111;-18.0158081054688;
2164;216.40003584;-77.6658706665039;0.00139999995008111;-18.024206161499;
2165;216.50006016;-77.6733703613281;0.00139999995008111;-18.0327339172363;
2166;216.600084479999;-77.668342590332;0.00150000001303852;-18.0406265258789;
2167;216.7001088;-77.6799392700195;0.00130000000353903;-18.0490570068359;
2168;216.800010239999;-77.6799087524414;0.00150000001303852;-18.0573406219482;
2169;216.90003456;-77.6885223388672;0.00139999995008111;-18.06591796875;
2170;217.000058879999;-77.6883926391602;0.00139999995008111;-18.0739078521729;
2171;217.1000832;-77.696418762207;0.00150000001303852;-18.0824851989746;
2172;217.20010752;-77.6945571899414;0.00130000000353903;-18.0903625488281;
2173;217.30000896;-77.7061004638672;0.0015999999595806;-18.0988578796387;
2174;217.40003328;-77.7052764892578;0.00139999995008111;-18.1069622039795;
2175;217.500057599999;-77.71240234375;0.00150000001303852;-18.1154727935791;
2176;217.60008192;-77.7145004272461;0.00139999995008111;-18.1236763000488;
2177;217.70010624;-77.725212097168;0.00139999995008111;-18.1323509216309;
2178;217.80000768;-77.7291717529297;0.0015999999595806;-18.1406497955322;
2179;217.900032;-77.7327346801758;0.00130000000353903;-18.1490154266357;
2180;218.000056319999;-77.7394409179688;0.00150000001303852;-18.1573963165283;
2181;218.10008064;-77.7448348999023;0.00130000000353903;-18.1657123565674;
2182;218.200104959999;-77.7455825805664;0.00150000001303852;-18.173849105835;
2183;218.3000064;-77.7488784790039;0.00150000001303852;-18.181921005249;
2184;218.400030719999;-77.7583923339844;0.00120000005699694;-18.1905479431152;
2185;218.50005504;-77.7616348266602;0.00150000001303852;-18.198766708374;
2186;218.60007936;-77.7732543945313;0.00130000000353903;-18.2073268890381;
2187;218.700103679999;-77.7762603759766;0.00150000001303852;-18.215690612793;
2188;218.80000512;-77.7856216430664;0.00139999995008111;-18.224235534668;
2189;218.900029439999;-77.7770843505859;0.00130000000353903;-18.23193359375;
2190;219.00005376;-77.7899551391602;0.0015999999595806;-18.2405757904053;
2191;219.10007808;-77.7749862670898;0.00130000000353903;-18.2479152679443;
2192;219.200102399999;-77.7911758422852;0.00150000001303852;-18.2567024230957;
2193;219.30000384;-77.798225402832;0.00130000000353903;-18.2650680541992;
2194;219.400028159999;-77.810188293457;0.00150000001303852;-18.2739372253418;
2195;219.50005248;-77.8141708374023;0.00130000000353903;-18.2824001312256;
2196;219.600076799999;-77.827018737793;0.00130000000353903;-18.2911720275879;
2197;219.70010112;-77.8269882202148;0.00150000001303852;-18.2994232177734;
2198;219.800002559999;-77.8233184814453;0.00130000000353903;-18.3074951171875;
2199;219.90002688;-77.8235855102539;0.00150000001303852;-18.3153400421143;
2200;220.0000512;-77.8311920166016;0.00139999995008111;-18.3237705230713;
2201;220.100075519999;-77.8408126831055;0.00150000001303852;-18.3322315216064;
2202;220.20009984;-77.8442153930664;0.00139999995008111;-18.3405151367188;
2203;220.300001279999;-77.8546142578125;0.00130000000353903;-18.3491096496582;
2204;220.4000256;-77.8567123413086;0.0015999999595806;-18.357328414917;
2205;220.50004992;-77.8603286743164;0.00139999995008111;-18.3657569885254;
2206;220.600074239999;-77.8644485473633;0.00150000001303852;-18.3740253448486;
2207;220.70009856;-77.8669509887695;0.00139999995008111;-18.3822441101074;
2208;220.800122879999;-77.8599014282227;0.00139999995008111;-18.3901691436768;
2209;220.90002432;-77.8731994628906;0.00150000001303852;-18.3988265991211;
2210;221.000048639999;-77.8744735717773;0.00130000000353903;-18.4069156646729;
2211;221.10007296;-77.8860092163086;0.00139999995008111;-18.4155254364014;
2212;221.20009728;-77.8891754150391;0.00139999995008111;-18.4237594604492;
2213;221.300121599999;-77.906135559082;0.00150000001303852;-18.4326133728027;
2214;221.40002304;-77.8978958129883;0.00139999995008111;-18.4404411315918;
2215;221.500047359999;-77.9046249389648;0.00139999995008111;-18.4489841461182;
2216;221.60007168;-77.9071502685547;0.00139999995008111;-18.4570579528809;
2217;221.700096;-77.9102325439453;0.00139999995008111;-18.4653568267822;
2218;221.800120319999;-77.9164810180664;0.00139999995008111;-18.4735584259033;
2219;221.90002176;-77.9223327636719;0.00139999995008111;-18.4820880889893;
2220;222.000046079999;-77.9261093139648;0.00139999995008111;-18.4901752471924;
2221;222.1000704;-77.927490234375;0.00130000000353903;-18.4984264373779;
2222;222.200094719999;-77.9407577514648;0.00139999995008111;-18.5070686340332;
2223;222.30011904;-77.9354934692383;0.00139999995008111;-18.515043258667;
2224;222.40002048;-77.9470291137695;0.00139999995008111;-18.5236682891846;
2225;222.500044799999;-77.9495544433594;0.00139999995008111;-18.5321311950684;
2226;222.60006912;-77.9593963623047;0.00139999995008111;-18.5406913757324;
2227;222.700093439999;-77.9597930908203;0.00139999995008111;-18.548957824707;
2228;222.80011776;-77.9723129272461;0.00139999995008111;-18.5576171875;
2229;222.900019199999;-77.9654006958008;0.00150000001303852;-18.5654277801514;
2230;223.00004352;-77.9722061157227;0.00139999995008111;-18.5737285614014;
2231;223.10006784;-77.9683532714844;0.00139999995008111;-18.5816059112549;
2232;223.200092159999;-77.9855270385742;0.00139999995008111;-18.5905895233154;
2233;223.30011648;-77.9862213134766;0.00130000000353903;-18.5987739562988;
2234;223.400017919999;-77.9960861206055;0.00139999995008111;-18.6073341369629;
2235;223.50004224;-77.9981842041016;0.00130000000353903;-18.6157169342041;
2236;223.60006656;-78.0032119750977;0.00150000001303852;-18.6240329742432;
2237;223.700090879999;-77.9988250732422;0.00139999995008111;-18.6317958831787;
2238;223.8001152;-78.0053329467773;0.00139999995008111;-18.6402587890625;
2239;223.900016639999;-78.0041885375977;0.00139999995008111;-18.6481666564941;
2240;224.00004096;-78.0081253051758;0.00139999995008111;-18.6566143035889;
2241;224.100065279999;-78.022216796875;0.00139999995008111;-18.6652717590332;
2242;224.2000896;-78.0250396728516;0.00130000000353903;-18.6736526489258;
2243;224.30011392;-78.0366516113281;0.00150000001303852;-18.6822299957275;
2244;224.40001536;-78.0424499511719;0.00139999995008111;-18.6906757354736;
2245;224.50003968;-78.0484313964844;0.00139999995008111;-18.6992359161377;
2246;224.600063999999;-78.0415725708008;0.00150000001303852;-18.7069988250732;
2247;224.70008832;-78.0474472045898;0.00139999995008111;-18.7152347564697;
2248;224.80011264;-78.0479278564453;0.00139999995008111;-18.7233219146729;
2249;224.90001408;-78.0585861206055;0.00150000001303852;-18.7318668365479;
2250;225.0000384;-78.0628204345703;0.00139999995008111;-18.7400856018066;
2251;225.100062719999;-78.0743560791016;0.00150000001303852;-18.7490043640137;
2252;225.20008704;-78.0773620605469;0.00130000000353903;-18.7571086883545;
2253;225.300111359999;-78.0839233398438;0.00139999995008111;-18.7657985687256;
2254;225.4000128;-78.0773849487305;0.00139999995008111;-18.7736759185791;
2255;225.500037119999;-78.0765075683594;0.00139999995008111;-18.7817802429199;
2256;225.60006144;-78.0774917602539;0.0015999999595806;-18.7897396087646;
2257;225.70008576;-78.0917663574219;0.00130000000353903;-18.7984447479248;
2258;225.800110079999;-78.0974884033203;0.00150000001303852;-18.8069076538086;
2259;225.90001152;-78.1068954467773;0.00139999995008111;-18.8154029846191;
2260;226.000035839999;-78.1121597290039;0.00150000001303852;-18.8238658905029;
2261;226.10006016;-78.1156158447266;0.00139999995008111;-18.8322639465332;
2262;226.20008448;-78.1182479858398;0.00139999995008111;-18.840482711792;
2263;226.300108799999;-78.1136474609375;0.0015999999595806;-18.8486194610596;
2264;226.40001024;-78.1256713867188;0.00139999995008111;-18.8573417663574;
2265;226.500034559999;-78.1285171508789;0.00150000001303852;-18.8653984069824;
2266;226.60005888;-78.1330337524414;0.00139999995008111;-18.8737964630127;
2267;226.700083199999;-78.1380615234375;0.00150000001303852;-18.8819980621338;
2268;226.80010752;-78.1444931030273;0.00150000001303852;-18.8903789520264;
2269;226.900008959999;-78.1353225708008;0.00139999995008111;-18.8981742858887;
2270;227.00003328;-78.1557083129883;0.00150000001303852;-18.9071254730225;
2271;227.1000576;-78.1470413208008;0.00139999995008111;-18.9149055480957;
2272;227.200081919999;-78.1601486206055;0.00150000001303852;-18.9236602783203;
2273;227.30010624;-78.1588745117188;0.00150000001303852;-18.9319610595703;
2274;227.400007679999;-78.1650695800781;0.00139999995008111;-18.9404067993164;
2275;227.500032;-78.1682052612305;0.00139999995008111;-18.9486103057861;
2276;227.60005632;-78.1772766113281;0.00139999995008111;-18.9571380615234;
2277;227.700080639999;-78.1736068725586;0.00139999995008111;-18.9651279449463;
2278;227.80010496;-78.1805191040039;0.00150000001303852;-18.9735412597656;
2279;227.900006399999;-78.1848754882813;0.00139999995008111;-18.9816303253174;
2280;228.00003072;-78.1905670166016;0.00139999995008111;-18.9902076721191;
2281;228.100055039999;-78.1965484619141;0.00139999995008111;-18.9985237121582;
2282;228.20007936;-78.2010955810547;0.00139999995008111;-19.006872177124;
2283;228.30010368;-78.2103729248047;0.00139999995008111;-19.0154972076416;
2284;228.400005119999;-78.2089691162109;0.00139999995008111;-19.0235862731934;
2285;228.50002944;-78.2115478515625;0.00139999995008111;-19.0318374633789;
2286;228.600053759999;-78.2078247070313;0.00139999995008111;-19.0397129058838;
2287;228.70007808;-78.2119979858398;0.00139999995008111;-19.047981262207;
2288;228.8001024;-78.2196502685547;0.00139999995008111;-19.0562801361084;
2289;228.90000384;-78.2351303100586;0.00139999995008111;-19.0652313232422;
2290;229.00002816;-78.2384262084961;0.00150000001303852;-19.0736141204834;
2291;229.100052479999;-78.2476501464844;0.00139999995008111;-19.0824012756348;
2292;229.2000768;-78.2488174438477;0.00150000001303852;-19.0907020568848;
2293;229.300101119999;-78.2566070556641;0.00139999995008111;-19.0992450714111;
2294;229.40000256;-78.2396469116211;0.00139999995008111;-19.1066341400146;
2295;229.50002688;-78.2509231567383;0.00139999995008111;-19.1150646209717;
2296;229.600051199999;-78.2569580078125;0.00150000001303852;-19.1234130859375;
2297;229.70007552;-78.2643203735352;0.00130000000353903;-19.1319236755371;
2298;229.800099839999;-78.2680130004883;0.00150000001303852;-19.1402568817139;
2299;229.90000128;-78.2789154052734;0.00139999995008111;-19.1488666534424;
2300;230.000025599999;-78.2798767089844;0.00150000001303852;-19.1570529937744;
2301;230.10004992;-78.282585144043;0.00139999995008111;-19.1653518676758;
2302;230.20007424;-78.2914886474609;0.00150000001303852;-19.1738319396973;
2303;230.300098559999;-78.2787322998047;0.00139999995008111;-19.1815948486328;
2304;230.40012288;-78.2874526977539;0.00139999995008111;-19.1900234222412;
2305;230.500024319999;-78.2940216064453;0.00150000001303852;-19.1983394622803;
2306;230.60004864;-78.3036956787109;0.00139999995008111;-19.2068347930908;
2307;230.700072959999;-78.3097839355469;0.00139999995008111;-19.2150859832764;
2308;230.80009728;-78.3169631958008;0.00150000001303852;-19.2237453460693;
2309;230.9001216;-78.3154220581055;0.00130000000353903;-19.2318820953369;
2310;231.000023039999;-78.3243560791016;0.00150000001303852;-19.2404594421387;
2311;231.10004736;-78.3204956054688;0.00130000000353903;-19.2483024597168;
2312;231.200071679999;-78.3302536010742;0.00150000001303852;-19.2569599151611;
2313;231.300096;-78.3281860351563;0.00139999995008111;-19.2648696899414;
2314;231.40012032;-78.3387603759766;0.00139999995008111;-19.2734146118164;
2315;231.50002176;-78.3406219482422;0.00150000001303852;-19.2816333770752;
2316;231.60004608;-78.3498764038086;0.00130000000353903;-19.2902088165283;
2317;231.700070399999;-78.3442916870117;0.00150000001303852;-19.2980537414551;
2318;231.80009472;-78.3567657470703;0.00130000000353903;-19.3069725036621;
2319;231.900119039999;-78.3491363525391;0.00150000001303852;-19.3148155212402;
2320;232.00002048;-78.3533630371094;0.00150000001303852;-19.323263168335;
2321;232.1000448;-78.3698425292969;0.00139999995008111;-19.3319702148438;
2322;232.200069119999;-78.3655090332031;0.00150000001303852;-19.3402690887451;
2323;232.30009344;-78.3767318725586;0.00130000000353903;-19.3487968444824;
2324;232.400117759999;-78.3789138793945;0.00150000001303852;-19.3570003509521;
2325;232.5000192;-78.3814392089844;0.00139999995008111;-19.3652667999268;
2326;232.600043519999;-78.3750534057617;0.00150000001303852;-19.373046875;
2327;232.70006784;-78.3867263793945;0.00139999995008111;-19.3815898895264;
2328;232.80009216;-78.3918609619141;0.00139999995008111;-19.3900852203369;
2329;232.900116479999;-78.4024658203125;0.0015999999595806;-19.3987598419189;
2330;233.00001792;-78.4037399291992;0.00130000000353903;-19.40696144104;
2331;233.100042239999;-78.4103622436523;0.00139999995008111;-19.4155883789063;
2332;233.20006656;-78.4042739868164;0.00150000001303852;-19.4233665466309;
2333;233.30009088;-78.4089508056641;0.00150000001303852;-19.4316673278809;
2334;233.400115199999;-78.4031600952148;0.00139999995008111;-19.4395923614502;
2335;233.50001664;-78.4140090942383;0.00139999995008111;-19.448055267334;
2336;233.600040959999;-78.4173278808594;0.0015999999595806;-19.456371307373;
2337;233.70006528;-78.4290237426758;0.00150000001303852;-19.4651432037354;
2338;233.800089599999;-78.4319229125977;0.00150000001303852;-19.4734916687012;
2339;233.90011392;-78.4392929077148;0.00139999995008111;-19.4819869995117;
2340;234.000015359999;-78.4421081542969;0.00150000001303852;-19.4903678894043;
2341;234.10003968;-78.4449005126953;0.00150000001303852;-19.4986515045166;
2342;234.200064;-78.4411010742188;0.00139999995008111;-19.5066757202148;
2343;234.300088319999;-78.4424819946289;0.00150000001303852;-19.5146980285645;
2344;234.40011264;-78.4547119140625;0.00139999995008111;-19.5232582092285;
2345;234.500014079999;-78.4561462402344;0.00150000001303852;-19.531494140625;
2346;234.6000384;-78.4688568115234;0.00150000001303852;-19.5400543212891;
2347;234.70006272;-78.4719924926758;0.00130000000353903;-19.5484676361084;
2348;234.800087039999;-78.4822845458984;0.00139999995008111;-19.5570449829102;
2349;234.90011136;-78.47265625;0.00150000001303852;-19.5648899078369;
2350;235.000012799999;-78.4831848144531;0.00139999995008111;-19.5736122131348;
2351;235.10003712;-78.4686431884766;0.00139999995008111;-19.5810165405273;
2352;235.200061439999;-78.482177734375;0.00139999995008111;-19.5896911621094;
2353;235.30008576;-78.4858703613281;0.00150000001303852;-19.5979747772217;
2354;235.40011008;-78.5001754760742;0.00139999995008111;-19.6067790985107;
2355;235.50001152;-78.5027236938477;0.00139999995008111;-19.6150798797607;
2356;235.60003584;-78.5134963989258;0.00139999995008111;-19.6238842010498;
2357;235.700060159999;-78.5086288452148;0.00150000001303852;-19.6318092346191;
2358;235.80008448;-78.509162902832;0.00150000001303852;-19.6402225494385;
2359;235.9001088;-78.5121917724609;0.00130000000353903;-19.6483287811279;
2360;236.00001024;-78.5179595947266;0.00150000001303852;-19.6568241119385;
2361;236.10003456;-78.524658203125;0.00139999995008111;-19.6651878356934;
2362;236.200058879999;-78.5266036987305;0.00150000001303852;-19.6734237670898;
2363;236.3000832;-78.5369186401367;0.00139999995008111;-19.6819190979004;
2364;236.400107519999;-78.5317611694336;0.00139999995008111;-19.6898593902588;
2365;236.50000896;-78.5368347167969;0.00150000001303852;-19.6981601715088;
2366;236.600033279999;-78.53955078125;0.00130000000353903;-19.7065258026123;
2367;236.7000576;-78.5401077270508;0.00139999995008111;-19.7149887084961;
2368;236.80008192;-78.5426635742188;0.00130000000353903;-19.7231903076172;
2369;236.900106239999;-78.5546493530273;0.00150000001303852;-19.731912612915;
2370;237.00000768;-78.5540161132813;0.00150000001303852;-19.73996925354;
2371;237.100031999999;-78.5652313232422;0.00130000000353903;-19.7484645843506;
2372;237.20005632;-78.5577850341797;0.00150000001303852;-19.7563571929932;
2373;237.30008064;-78.5696182250977;0.00139999995008111;-19.7649993896484;
2374;237.400104959999;-78.563346862793;0.00150000001303852;-19.7728099822998;
2375;237.5000064;-78.5764007568359;0.00130000000353903;-19.7815341949463;
2376;237.600030719999;-78.5767974853516;0.0015999999595806;-19.7897529602051;
2377;237.70005504;-78.5861587524414;0.00150000001303852;-19.7983131408691;
2378;237.800079359999;-78.5897445678711;0.00150000001303852;-19.8065967559814;
2379;237.90010368;-78.5970077514648;0.00150000001303852;-19.8151569366455;
2380;238.00000512;-78.5944519042969;0.00139999995008111;-19.8230171203613;
2381;238.100029439999;-78.594108581543;0.0015999999595806;-19.8311538696289;
2382;238.20005376;-78.6024551391602;0.00150000001303852;-19.8397312164307;
2383;238.300078079999;-78.6000900268555;0.00150000001303852;-19.8476886749268;
2384;238.4001024;-78.6103210449219;0.00150000001303852;-19.8564128875732;
2385;238.500003839999;-78.6162567138672;0.00150000001303852;-19.8649406433105;
2386;238.60002816;-78.6254806518555;0.0015999999595806;-19.8736152648926;
2387;238.70005248;-78.6296234130859;0.00139999995008111;-19.8819961547852;
2388;238.800076799999;-78.6355056762695;0.00150000001303852;-19.8906707763672;
2389;238.90010112;-78.6281127929688;0.00150000001303852;-19.898401260376;
2390;239.000002559999;-78.6283493041992;0.00150000001303852;-19.9065208435059;
2391;239.10002688;-78.6240692138672;0.00139999995008111;-19.9143333435059;
2392;239.2000512;-78.6418533325195;0.00139999995008111;-19.9232196807861;
2393;239.300075519999;-78.6444091796875;0.00150000001303852;-19.9314708709717;
2394;239.40009984;-78.6575469970703;0.00150000001303852;-19.9401435852051;
2395;239.500001279999;-78.6567993164063;0.00150000001303852;-19.9484767913818;
2396;239.6000256;-78.6647186279297;0.00150000001303852;-19.9568748474121;
2397;239.700049919999;-78.6564788818359;0.00139999995008111;-19.9647521972656;
2398;239.80007424;-78.6636581420898;0.0015999999595806;-19.973295211792;
2399;239.90009856;-78.6566162109375;0.00139999995008111;-19.9811553955078;
2400;240.000122879999;-78.6611557006836;0.0015999999595806;-19.9895858764648;
2401;240.10002432;-78.6736297607422;0.00150000001303852;-19.9981307983398;
2402;240.200048639999;-78.6763153076172;0.00139999995008111;-20.0064792633057;
2403;240.30007296;-78.6850891113281;0.00130000000353903;-20.014892578125;
2404;240.40009728;-78.6874542236328;0.00139999995008111;-20.0232410430908;
2405;240.500121599999;-78.6955337524414;0.00150000001303852;-20.0317859649658;
2406;240.60002304;-78.6883316040039;0.00139999995008111;-20.0397605895996;
2407;240.700047359999;-78.6967086791992;0.00150000001303852;-20.0481910705566;
2408;240.80007168;-78.6966781616211;0.00139999995008111;-20.0563430786133;
2409;240.900095999999;-78.7045211791992;0.00170000002253801;-20.064790725708;
2410;241.00012032;-78.7060928344727;0.00139999995008111;-20.0728454589844;
2411;241.100021759999;-78.719970703125;0.00139999995008111;-20.0816822052002;
2412;241.20004608;-78.7133255004883;0.00130000000353903;-20.0895118713379;
2413;241.3000704;-78.7231903076172;0.00130000000353903;-20.0982513427734;
2414;241.400094719999;-78.7179794311523;0.00139999995008111;-20.1061916351318;
2415;241.50011904;-78.7219924926758;0.00139999995008111;-20.1146392822266;
2416;241.600020479999;-78.7245941162109;0.00139999995008111;-20.1228733062744;
2417;241.7000448;-78.7355728149414;0.00139999995008111;-20.1315975189209;
2418;241.80006912;-78.7398300170898;0.00139999995008111;-20.1399459838867;
2419;241.900093439999;-78.74267578125;0.00130000000353903;-20.1483764648438;
2420;242.00011776;-78.7433929443359;0.00139999995008111;-20.1564311981201;
2421;242.100019199999;-78.7452239990234;0.00130000000353903;-20.1646499633789;
2422;242.20004352;-78.7452774047852;0.00150000001303852;-20.1728687286377;
2423;242.300067839999;-78.7539749145508;0.00150000001303852;-20.181266784668;
2424;242.40009216;-78.7660980224609;0.00150000001303852;-20.190071105957;
2425;242.50011648;-78.7675323486328;0.00139999995008111;-20.1984024047852;
2426;242.60001792;-78.7759857177734;0.0015999999595806;-20.2068653106689;
2427;242.70004224;-78.7753219604492;0.00130000000353903;-20.2151012420654;
2428;242.800066559999;-78.7754821777344;0.00150000001303852;-20.2232208251953;
2429;242.90009088;-78.766975402832;0.00139999995008111;-20.2308540344238;
2430;243.0001152;-78.7787551879883;0.00130000000353903;-20.2395935058594;
2431;243.10001664;-78.7757263183594;0.0015999999595806;-20.2475852966309;
2432;243.20004096;-78.7886199951172;0.00139999995008111;-20.256404876709;
2433;243.300065279999;-78.7946014404297;0.0015999999595806;-20.2647705078125;
2434;243.4000896;-78.8007431030273;0.00139999995008111;-20.273380279541;
2435;243.500113919999;-78.8066177368164;0.0015999999595806;-20.2816467285156;
2436;243.60001536;-78.8120422363281;0.00150000001303852;-20.2901916503906;
2437;243.700039679999;-78.8027114868164;0.00150000001303852;-20.2979698181152;
2438;243.800064;-78.805290222168;0.00150000001303852;-20.3062534332275;
2439;243.90008832;-78.8090667724609;0.00139999995008111;-20.3143424987793;
2440;244.000112639999;-78.8182907104492;0.00150000001303852;-20.3229351043701;
2441;244.10001408;-78.8221206665039;0.00139999995008111;-20.3312015533447;
2442;244.200038399999;-78.8307571411133;0.00150000001303852;-20.3396816253662;
2443;244.30006272;-78.8400650024414;0.00150000001303852;-20.3482093811035;
2444;244.40008704;-78.836311340332;0.00139999995008111;-20.3564281463623;
2445;244.500111359999;-78.8404922485352;0.00150000001303852;-20.3647594451904;
2446;244.6000128;-78.8326721191406;0.00139999995008111;-20.3726692199707;
2447;244.700037119999;-78.8382263183594;0.00150000001303852;-20.3809375762939;
2448;244.80006144;-78.8425903320313;0.00150000001303852;-20.3892364501953;
2449;244.900085759999;-78.8558044433594;0.00139999995008111;-20.3980731964111;
2450;245.00011008;-78.8605346679688;0.00150000001303852;-20.4064712524414;
2451;245.10001152;-78.8715972900391;0.00130000000353903;-20.4152603149414;
2452;245.200035839999;-78.8649215698242;0.00150000001303852;-20.4233798980713;
2453;245.30006016;-78.8748397827148;0.00150000001303852;-20.4320068359375;
2454;245.400084479999;-78.8642578125;0.00150000001303852;-20.4396057128906;
2455;245.5001088;-78.8735885620117;0.00139999995008111;-20.4480686187744;
2456;245.600010239999;-78.8753204345703;0.00139999995008111;-20.45631980896;
2457;245.70003456;-78.8848114013672;0.00150000001303852;-20.4648151397705;
2458;245.80005888;-78.885498046875;0.00139999995008111;-20.4729690551758;
2459;245.900083199999;-78.8930816650391;0.00150000001303852;-20.4815616607666;
2460;246.00010752;-78.8877105712891;0.00139999995008111;-20.4893741607666;
2461;246.100008959999;-78.8925476074219;0.00150000001303852;-20.497802734375;
2462;246.20003328;-78.8957672119141;0.00139999995008111;-20.5062828063965;
2463;246.300057599999;-78.8968505859375;0.00139999995008111;-20.5144844055176;
2464;246.40008192;-78.9063491821289;0.0015999999595806;-20.5230617523193;
2465;246.50010624;-78.9128036499023;0.00139999995008111;-20.5314102172852;
2466;246.600007679999;-78.918098449707;0.00150000001303852;-20.5398406982422;
2467;246.700032;-78.9157333374023;0.00150000001303852;-20.5479125976563;
2468;246.800056319999;-78.9228591918945;0.00139999995008111;-20.5562934875488;
2469;246.90008064;-78.9215774536133;0.00139999995008111;-20.5643978118896;
2470;247.00010496;-78.9283294677734;0.00150000001303852;-20.5729579925537;
2471;247.1000064;-78.9273529052734;0.0015999999595806;-20.580997467041;
2472;247.20003072;-78.9409103393555;0.00130000000353903;-20.5898036956787;
2473;247.300055039999;-78.9400329589844;0.00150000001303852;-20.5979232788086;
2474;247.40007936;-78.9494934082031;0.00130000000353903;-20.6064834594727;
2475;247.500103679999;-78.9476318359375;0.00150000001303852;-20.6145553588867;
2476;247.60000512;-78.9530868530273;0.00150000001303852;-20.622953414917;
2477;247.70002944;-78.943115234375;0.00139999995008111;-20.63063621521;
2478;247.800053759999;-78.9561996459961;0.00150000001303852;-20.6394081115723;
2479;247.90007808;-78.9522323608398;0.00139999995008111;-20.6474628448486;
2480;248.000102399999;-78.963005065918;0.00150000001303852;-20.656120300293;
2481;248.10000384;-78.9702606201172;0.00139999995008111;-20.6647796630859;
2482;248.200028159999;-78.9748077392578;0.00130000000353903;-20.6732902526855;
2483;248.30005248;-78.9831008911133;0.00150000001303852;-20.6818828582764;
2484;248.4000768;-78.9823608398438;0.00139999995008111;-20.6899871826172;
2485;248.500101119999;-78.9795379638672;0.00150000001303852;-20.6980762481689;
2486;248.60000256;-78.9758148193359;0.00130000000353903;-20.705774307251;
2487;248.700026879999;-78.9871139526367;0.00150000001303852;-20.7142524719238;
2488;248.8000512;-78.9955978393555;0.00139999995008111;-20.7227649688721;
2489;248.90007552;-79.0059967041016;0.00150000001303852;-20.7314720153809;
2490;249.000099839999;-79.0083312988281;0.00139999995008111;-20.7397060394287;
2491;249.10000128;-79.015510559082;0.00130000000353903;-20.748477935791;
2492;249.200025599999;-79.0088424682617;0.00150000001303852;-20.7562580108643;
2493;249.30004992;-79.0121612548828;0.00139999995008111;-20.7646064758301;
2494;249.400074239999;-79.0072708129883;0.00150000001303852;-20.7724838256836;
2495;249.50009856;-79.0145263671875;0.00139999995008111;-20.7809619903564;
2496;249.60012288;-79.0170822143555;0.00139999995008111;-20.7892303466797;
2497;249.70002432;-79.0295791625977;0.00150000001303852;-20.7979202270508;
2498;249.80004864;-79.0342025756836;0.00139999995008111;-20.8062534332275;
2499;249.900072959999;-79.0406112670898;0.00150000001303852;-20.8147964477539;
2500;250.00009728;-79.0387191772461;0.00139999995008111;-20.8229503631592;
2501;250.1001216;-79.047233581543;0.00150000001303852;-20.8314609527588;
2502;250.20002304;-79.0461959838867;0.00150000001303852;-20.8396320343018;
2503;250.30004736;-79.0464096069336;0.00130000000353903;-20.8477039337158;
2504;250.400071679999;-79.0537185668945;0.00150000001303852;-20.8561992645264;
2505;250.500096;-79.0556335449219;0.00139999995008111;-20.8643856048584;
2506;250.600120319999;-79.0625152587891;0.00150000001303852;-20.8727493286133;
2507;250.70002176;-79.0624084472656;0.00130000000353903;-20.8810005187988;
2508;250.800046079999;-79.0696716308594;0.00150000001303852;-20.8894138336182;
2509;250.9000704;-79.0634765625;0.00139999995008111;-20.8973560333252;
2510;251.00009472;-79.0776977539063;0.00139999995008111;-20.906192779541;
2511;251.100119039999;-79.0719299316406;0.00150000001303852;-20.9140377044678;
2512;251.20002048;-79.0804138183594;0.00139999995008111;-20.9227771759033;
2513;251.300044799999;-79.0838394165039;0.0015999999595806;-20.9310455322266;
2514;251.40006912;-79.0949249267578;0.00139999995008111;-20.9397678375244;
2515;251.50009344;-79.0917663574219;0.00139999995008111;-20.9478721618652;
2516;251.600117759999;-79.1034622192383;0.00150000001303852;-20.9564647674561;
2517;251.7000192;-79.0947952270508;0.00139999995008111;-20.9643096923828;
2518;251.800043519999;-79.0994186401367;0.00150000001303852;-20.9728050231934;
2519;251.90006784;-79.1032257080078;0.00139999995008111;-20.9809741973877;
2520;252.000092159999;-79.1138610839844;0.0015999999595806;-20.98974609375;
2521;252.10011648;-79.1210098266602;0.00139999995008111;-20.9982089996338;
2522;252.200017919999;-79.12353515625;0.00139999995008111;-21.0064449310303;
2523;252.30004224;-79.1265106201172;0.00150000001303852;-21.0147438049316;
2524;252.40006656;-79.1188583374023;0.00139999995008111;-21.022424697876;
2525;252.500090879999;-79.1186981201172;0.00150000001303852;-21.0306282043457;
2526;252.6001152;-79.1258773803711;0.00139999995008111;-21.0389595031738;
2527;252.700016639999;-79.1316680908203;0.00130000000353903;-21.0475692749023;
2528;252.80004096;-79.1372833251953;0.00150000001303852;-21.0559825897217;
2529;252.90006528;-79.1508102416992;0.00139999995008111;-21.0647869110107;
2530;253.000089599999;-79.1479415893555;0.00139999995008111;-21.0730381011963;
2531;253.10011392;-79.1564483642578;0.00130000000353903;-21.0815505981445;
2532;253.200015359999;-79.1470947265625;0.00139999995008111;-21.0893287658691;
2533;253.30003968;-79.1552276611328;0.00139999995008111;-21.0978412628174;
2534;253.400063999999;-79.1484985351563;0.00139999995008111;-21.1056041717529;
2535;253.50008832;-79.1599884033203;0.00139999995008111;-21.1142616271973;
2536;253.60011264;-79.1636581420898;0.00139999995008111;-21.1225452423096;
2537;253.700014079999;-79.1758041381836;0.00150000001303852;-21.1311225891113;
2538;253.8000384;-79.1733856201172;0.00130000000353903;-21.1391620635986;
2539;253.900062719999;-79.1826629638672;0.00150000001303852;-21.1479988098145;
2540;254.00008704;-79.1804885864258;0.00130000000353903;-21.1559085845947;
2541;254.10011136;-79.1787338256836;0.00150000001303852;-21.1640949249268;
2542;254.2000128;-79.1850280761719;0.00139999995008111;-21.1725254058838;
2543;254.30003712;-79.1834335327148;0.00130000000353903;-21.1805801391602;
2544;254.400061439999;-79.1938552856445;0.00139999995008111;-21.1892223358154;
2545;254.50008576;-79.2010116577148;0.00139999995008111;-21.197717666626;
2546;254.600110079999;-79.2110061645508;0.00139999995008111;-21.206392288208;
2547;254.70001152;-79.2082672119141;0.00150000001303852;-21.2147884368896;
2548;254.80003584;-79.2212448120117;0.00139999995008111;-21.2233657836914;
2549;254.900060159999;-79.2135314941406;0.00139999995008111;-21.2312755584717;
2550;255.00008448;-79.2149658203125;0.00139999995008111;-21.2395915985107;
2551;255.100108799999;-79.2082138061523;0.00139999995008111;-21.2474365234375;
2552;255.20001024;-79.2211608886719;0.00130000000353903;-21.2562236785889;
2553;255.300034559999;-79.2250213623047;0.00150000001303852;-21.2643280029297;
2554;255.40005888;-79.2362899780273;0.00139999995008111;-21.2728729248047;
2555;255.5000832;-79.2332077026367;0.00130000000353903;-21.2810592651367;
2556;255.600107519999;-79.2392425537109;0.00130000000353903;-21.2893905639648;
2557;255.70000896;-79.2295684814453;0.00139999995008111;-21.2971534729004;
2558;255.800033279999;-79.2419281005859;0.0015999999595806;-21.3059902191162;
2559;255.9000576;-79.2429656982422;0.00139999995008111;-21.3141613006592;
2560;256.00008192;-79.2479629516602;0.00150000001303852;-21.3226566314697;
2561;256.100106239999;-79.2577743530273;0.00139999995008111;-21.3311195373535;
2562;256.20000768;-79.2599258422852;0.00150000001303852;-21.3394184112549;
2563;256.300031999999;-79.2630615234375;0.00139999995008111;-21.3475551605225;
2564;256.40005632;-79.2591857910156;0.00139999995008111;-21.3556613922119;
2565;256.500080639999;-79.26904296875;0.00139999995008111;-21.364221572876;
2566;256.60010496;-79.2668914794922;0.00139999995008111;-21.3724384307861;
2567;256.700006399999;-79.2766265869141;0.00150000001303852;-21.3809833526611;
2568;256.80003072;-79.2798690795898;0.00150000001303852;-21.3894138336182;
2569;256.90005504;-79.2897338867188;0.00139999995008111;-21.397891998291;
2570;257.000079359999;-79.2868576049805;0.00139999995008111;-21.4058990478516;
2571;257.10010368;-79.2973861694336;0.00130000000353903;-21.4145412445068;
2572;257.200005119999;-79.2866973876953;0.00150000001303852;-21.4221248626709;
2573;257.30002944;-79.2928695678711;0.00130000000353903;-21.4306697845459;
2574;257.40005376;-79.2937164306641;0.00130000000353903;-21.438756942749;
2575;257.500078079999;-79.299674987793;0.00150000001303852;-21.4473495483398;
2576;257.6001024;-79.3033981323242;0.00139999995008111;-21.4556999206543;
2577;257.700003839999;-79.3166656494141;0.00150000001303852;-21.4645366668701;
2578;257.80002816;-79.3228073120117;0.00130000000353903;-21.473014831543;
2579;257.900052479999;-79.3271102905273;0.00139999995008111;-21.4814624786377;
2580;258.0000768;-79.3192138671875;0.00139999995008111;-21.4893379211426;
2581;258.10010112;-79.3199844360352;0.00150000001303852;-21.4974765777588;
2582;258.20000256;-79.3178863525391;0.00150000001303852;-21.5055961608887;
2583;258.30002688;-79.3239212036133;0.00139999995008111;-21.5139617919922;
2584;258.400051199999;-79.3374557495117;0.00150000001303852;-21.5227661132813;
2585;258.50007552;-79.3416290283203;0.00130000000353903;-21.5311965942383;
2586;258.60009984;-79.345832824707;0.00139999995008111;-21.5396747589111;
2587;258.70000128;-79.3557510375977;0.00150000001303852;-21.548023223877;
2588;258.8000256;-79.3518371582031;0.00139999995008111;-21.5560970306396;
2589;258.900049919999;-79.3394775390625;0.00139999995008111;-21.5637607574463;
2590;259.00007424;-79.3519973754883;0.00150000001303852;-21.5723876953125;
2591;259.100098559999;-79.3474502563477;0.0015999999595806;-21.580394744873;
2592;259.20012288;-79.3596267700195;0.00130000000353903;-21.5891494750977;
2593;259.300024319999;-79.3670501708984;0.00139999995008111;-21.5975303649902;
2594;259.40004864;-79.3765640258789;0.00150000001303852;-21.6062049865723;
2595;259.50007296;-79.3733444213867;0.00139999995008111;-21.614294052124;
2596;259.600097279999;-79.3810882568359;0.00150000001303852;-21.6229019165039;
2597;259.7001216;-79.3761367797852;0.00139999995008111;-21.6309585571289;
2598;259.800023039999;-79.3794097900391;0.00130000000353903;-21.6393070220947;
2599;259.90004736;-79.3788223266602;0.00150000001303852;-21.647331237793;
2600;260.00007168;-79.3870391845703;0.00139999995008111;-21.6558742523193;
2601;260.100095999999;-79.3871765136719;0.00150000001303852;-21.6639461517334;
2602;260.20012032;-79.3956527709961;0.00130000000353903;-21.6722793579102;
2603;260.300021759999;-79.4005737304688;0.00150000001303852;-21.6806774139404;
2604;260.40004608;-79.3982315063477;0.00130000000353903;-21.688928604126;
2605;260.500070399999;-79.4028854370117;0.00150000001303852;-21.6973094940186;
2606;260.60009472;-79.405143737793;0.00139999995008111;-21.7055931091309;
2607;260.70011904;-79.4094009399414;0.00139999995008111;-21.7139911651611;
2608;260.800020479999;-79.4135971069336;0.00150000001303852;-21.7222747802734;
2609;260.9000448;-79.4263610839844;0.00130000000353903;-21.7309818267822;
2610;261.000069119999;-79.4246368408203;0.00139999995008111;-21.7392654418945;
2611;261.10009344;-79.4348449707031;0.00139999995008111;-21.7479381561279;
2612;261.20011776;-79.4255905151367;0.00150000001303852;-21.7557506561279;
2613;261.3000192;-79.4368362426758;0.00130000000353903;-21.76442527771;
2614;261.40004352;-79.4284591674805;0.00150000001303852;-21.7721881866455;
2615;261.500067839999;-79.4413070678711;0.0015999999595806;-21.7809600830078;
2616;261.60009216;-79.4423675537109;0.00139999995008111;-21.7894058227539;
2617;261.700116479999;-79.4513244628906;0.00150000001303852;-21.7979335784912;
2618;261.80001792;-79.4489059448242;0.00139999995008111;-21.8059253692627;
2619;261.900042239999;-79.4573135375977;0.00150000001303852;-21.814453125;
2620;262.00006656;-79.4433517456055;0.00139999995008111;-21.8219394683838;
2621;262.10009088;-79.4463043212891;0.00150000001303852;-21.8302555084229;
2622;262.200115199999;-79.4572830200195;0.00139999995008111;-21.8387660980225;
2623;262.30001664;-79.4607925415039;0.00139999995008111;-21.8472290039063;
2624;262.400040959999;-79.4704971313477;0.00150000001303852;-21.8558864593506;
2625;262.50006528;-79.4788970947266;0.00139999995008111;-21.8644313812256;
2626;262.6000896;-79.4832305908203;0.00139999995008111;-21.8728942871094;
2627;262.700113919999;-79.4787139892578;0.00150000001303852;-21.880916595459;
2628;262.80001536;-79.4748840332031;0.00139999995008111;-21.8890705108643;
2629;262.900039679999;-79.4747543334961;0.00150000001303852;-21.897045135498;
2630;263.000064;-79.485595703125;0.00139999995008111;-21.9055557250977;
2631;263.100088319999;-79.4872741699219;0.0015999999595806;-21.9137592315674;
2632;263.20011264;-79.4976654052734;0.00139999995008111;-21.9225959777832;
2633;263.30001408;-79.4969482421875;0.00150000001303852;-21.930700302124;
2634;263.400038399999;-79.5067367553711;0.00139999995008111;-21.9393424987793;
2635;263.50006272;-79.5016555786133;0.00139999995008111;-21.9475440979004;
2636;263.600087039999;-79.5036239624023;0.00139999995008111;-21.9559593200684;
2637;263.70011136;-79.4930953979492;0.00139999995008111;-21.9635581970215;
2638;263.800012799999;-79.5010757446289;0.00150000001303852;-21.9721832275391;
2639;263.90003712;-79.5029602050781;0.00139999995008111;-21.9802570343018;
2640;264.00006144;-79.5155334472656;0.00139999995008111;-21.9888973236084;
2641;264.100085759999;-79.5307464599609;0.00150000001303852;-21.9974746704102;
2642;264.20011008;-79.5358505249023;0.0015999999595806;-22.0060997009277;
2643;264.300011519999;-79.5397262573242;0.00139999995008111;-22.0145950317383;
2644;264.40003584;-79.5391464233398;0.0015999999595806;-22.0227966308594;
2645;264.50006016;-79.5388259887695;0.00139999995008111;-22.0310974121094;
2646;264.600084479999;-79.5267562866211;0.00139999995008111;-22.0388107299805;
2647;264.7001088;-79.5407104492188;0.00139999995008111;-22.0472412109375;
2648;264.800010239999;-79.5459213256836;0.00150000001303852;-22.0556888580322;
2649;264.90003456;-79.5560302734375;0.00139999995008111;-22.064281463623;
2650;265.000058879999;-79.5545425415039;0.00150000001303852;-22.0723857879639;
2651;265.1000832;-79.5668487548828;0.00139999995008111;-22.0812072753906;
2652;265.20010752;-79.5525207519531;0.00150000001303852;-22.0887908935547;
2653;265.30000896;-79.5600662231445;0.00150000001303852;-22.0973014831543;
2654;265.40003328;-79.5594329833984;0.0015999999595806;-22.1054878234863;
2655;265.500057599999;-79.567512512207;0.00150000001303852;-22.1140155792236;
2656;265.60008192;-79.5693740844727;0.00150000001303852;-22.1222496032715;
2657;265.70010624;-79.5800628662109;0.00139999995008111;-22.1308765411377;
2658;265.80000768;-79.577033996582;0.00150000001303852;-22.1390132904053;
2659;265.900032;-79.5828552246094;0.00139999995008111;-22.147346496582;
2660;266.000056319999;-79.5768966674805;0.00150000001303852;-22.1552715301514;
2661;266.10008064;-79.5851669311523;0.00130000000353903;-22.1639785766602;
2662;266.200104959999;-79.5859146118164;0.00139999995008111;-22.1722946166992;
2663;266.3000064;-79.591178894043;0.00139999995008111;-22.1806926727295;
2664;266.400030719999;-79.6018142700195;0.0015999999595806;-22.1893005371094;
2665;266.50005504;-79.6041488647461;0.00139999995008111;-22.1974544525146;
2666;266.60007936;-79.6086959838867;0.0015999999595806;-22.2056732177734;
2667;266.700103679999;-79.6044158935547;0.00150000001303852;-22.2137775421143;
2668;266.80000512;-79.6092834472656;0.00139999995008111;-22.2219467163086;
2669;266.900029439999;-79.604866027832;0.00150000001303852;-22.2299709320068;
2670;267.00005376;-79.6191711425781;0.0015999999595806;-22.2387580871582;
2671;267.10007808;-79.6167526245117;0.00150000001303852;-22.2468643188477;
2672;267.200102399999;-79.6299667358398;0.00150000001303852;-22.2556838989258;
2673;267.30000384;-79.6368560791016;0.00139999995008111;-22.2640323638916;
2674;267.400028159999;-79.6423263549805;0.00139999995008111;-22.2728042602539;
2675;267.50005248;-79.6357116699219;0.00150000001303852;-22.2807140350342;
2676;267.600076799999;-79.6421203613281;0.00150000001303852;-22.2891120910645;
2677;267.70010112;-79.6334457397461;0.00150000001303852;-22.296875;
2678;267.800002559999;-79.6393814086914;0.00139999995008111;-22.3053379058838;
2679;267.90002688;-79.6467132568359;0.0015999999595806;-22.3136692047119;
2680;268.0000512;-79.6582794189453;0.00139999995008111;-22.3225727081299;
2681;268.100075519999;-79.6679840087891;0.0015999999595806;-22.3310031890869;
2682;268.20009984;-79.6662292480469;0.00130000000353903;-22.3394165039063;
2683;268.300001279999;-79.6714401245117;0.0015999999595806;-22.3478145599365;
2684;268.4000256;-79.6581497192383;0.00139999995008111;-22.3554782867432;
2685;268.50004992;-79.6606979370117;0.0015999999595806;-22.3635177612305;
2686;268.600074239999;-79.6626968383789;0.00139999995008111;-22.3718357086182;
2687;268.70009856;-79.6740493774414;0.00139999995008111;-22.3803310394287;
2688;268.800122879999;-79.6773147583008;0.0015999999595806;-22.3887767791748;
2689;268.90002432;-79.6923370361328;0.00139999995008111;-22.3975315093994;
2690;269.000048639999;-79.6895446777344;0.0015999999595806;-22.405782699585;
2691;269.10007296;-79.6969146728516;0.00139999995008111;-22.4142627716064;
2692;269.20009728;-79.6924209594727;0.00139999995008111;-22.4221725463867;
2693;269.300121599999;-79.7013549804688;0.0015999999595806;-22.4307975769043;
2694;269.40002304;-79.6916732788086;0.00150000001303852;-22.4386081695557;
2695;269.500047359999;-79.7020950317383;0.00150000001303852;-22.4472007751465;
2696;269.60007168;-79.7056045532227;0.00139999995008111;-22.455451965332;
2697;269.700096;-79.7158126831055;0.00139999995008111;-22.4638996124268;
2698;269.800120319999;-79.7078399658203;0.00150000001303852;-22.4716300964355;
2699;269.90002176;-79.7247772216797;0.00139999995008111;-22.4806289672852;
2700;270.000046079999;-79.7155532836914;0.00150000001303852;-22.4884090423584;
2701;270.1000704;-79.7202835083008;0.00150000001303852;-22.4969367980957;
2702;270.200094719999;-79.7265319824219;0.0015999999595806;-22.5055294036865;
2703;270.30011904;-79.7244873046875;0.00139999995008111;-22.5136833190918;
2704;270.40002048;-79.7371673583984;0.00139999995008111;-22.5221939086914;
2705;270.500044799999;-79.7416305541992;0.00150000001303852;-22.5306243896484;
2706;270.60006912;-79.7492370605469;0.00139999995008111;-22.539134979248;
2707;270.700093439999;-79.7480163574219;0.00139999995008111;-22.5473384857178;
2708;270.80011776;-79.75439453125;0.00139999995008111;-22.5557842254639;
2709;270.900019199999;-79.7472152709961;0.00150000001303852;-22.5637912750244;
2710;271.00004352;-79.7553482055664;0.00139999995008111;-22.5722541809082;
2711;271.10006784;-79.7550888061523;0.00150000001303852;-22.5804557800293;
2712;271.200092159999;-79.767822265625;0.00139999995008111;-22.5892772674561;
2713;271.30011648;-79.7660140991211;0.00139999995008111;-22.5973491668701;
2714;271.400017919999;-79.7704772949219;0.00150000001303852;-22.6057300567627;
2715;271.50004224;-79.7656936645508;0.00130000000353903;-22.6136569976807;
2716;271.60006656;-79.7695999145508;0.00150000001303852;-22.6218433380127;
2717;271.700090879999;-79.7639389038086;0.00139999995008111;-22.629768371582;
2718;271.8001152;-79.7777633666992;0.00150000001303852;-22.6387023925781;
2719;271.900016639999;-79.7847061157227;0.00139999995008111;-22.6469860076904;
2720;272.00004096;-79.7891693115234;0.00130000000353903;-22.6556606292725;
2721;272.100065279999;-79.796745300293;0.0015999999595806;-22.6641712188721;
2722;272.2000896;-79.8018798828125;0.00139999995008111;-22.6724891662598;
2723;272.30011392;-79.7935028076172;0.00150000001303852;-22.6803321838379;
2724;272.40001536;-79.7896728515625;0.00139999995008111;-22.6883392333984;
2725;272.50003968;-79.80126953125;0.00150000001303852;-22.6968021392822;
2726;272.600063999999;-79.8019027709961;0.0015999999595806;-22.7050380706787;
2727;272.70008832;-79.8155975341797;0.00139999995008111;-22.7136459350586;
2728;272.80011264;-79.8245544433594;0.00150000001303852;-22.7222385406494;
2729;272.90001408;-79.8270263671875;0.00139999995008111;-22.7307014465332;
2730;273.0000384;-79.8261566162109;0.00150000001303852;-22.738790512085;
2731;273.100062719999;-79.8385925292969;0.00150000001303852;-22.7475776672363;
2732;273.20008704;-79.8235244750977;0.00130000000353903;-22.7551136016846;
2733;273.300111359999;-79.8305130004883;0.00139999995008111;-22.7635917663574;
2734;273.4000128;-79.8275909423828;0.00150000001303852;-22.7715835571289;
2735;273.500037119999;-79.8377685546875;0.00170000002253801;-22.7801933288574;
2736;273.60006144;-79.8436737060547;0.00139999995008111;-22.7885093688965;
2737;273.70008576;-79.8567581176758;0.00150000001303852;-22.7973785400391;
2738;273.800110079999;-79.8570175170898;0.00150000001303852;-22.8056297302246;
2739;273.90001152;-79.8652114868164;0.00150000001303852;-22.8142719268799;
2740;274.000035839999;-79.8591232299805;0.00150000001303852;-22.8221797943115;
2741;274.10006016;-79.8556671142578;0.00139999995008111;-22.8303985595703;
2742;274.20008448;-79.8589859008789;0.00150000001303852;-22.8384704589844;
2743;274.300108799999;-79.8647003173828;0.00139999995008111;-22.8468532562256;
2744;274.40001024;-79.8774108886719;0.00139999995008111;-22.8555755615234;
2745;274.500034559999;-79.8795166015625;0.00150000001303852;-22.8639240264893;
2746;274.60005888;-79.8875122070313;0.00139999995008111;-22.8723049163818;
2747;274.700083199999;-79.887939453125;0.00150000001303852;-22.880687713623;
2748;274.80010752;-79.883903503418;0.00150000001303852;-22.8887271881104;
2749;274.900008959999;-79.8795166015625;0.00139999995008111;-22.8967170715332;
2750;275.00003328;-79.8909454345703;0.0015999999595806;-22.9054412841797;
2751;275.1000576;-79.8866653442383;0.00139999995008111;-22.9134960174561;
2752;275.200081919999;-79.9013671875;0.00150000001303852;-22.9222030639648;
2753;275.30010624;-79.8994293212891;0.00139999995008111;-22.9304218292236;
2754;275.400007679999;-79.9091873168945;0.00150000001303852;-22.9389495849609;
2755;275.500032;-79.9020843505859;0.00139999995008111;-22.9466953277588;
2756;275.60005632;-79.9128799438477;0.00150000001303852;-22.9553375244141;
2757;275.700080639999;-79.9088668823242;0.00150000001303852;-22.9634590148926;
2758;275.80010496;-79.9163665771484;0.00150000001303852;-22.9720840454102;
2759;275.900006399999;-79.9208297729492;0.00139999995008111;-22.9803352355957;
2760;276.00003072;-79.9258804321289;0.00150000001303852;-22.9889278411865;
2761;276.100055039999;-79.924072265625;0.00139999995008111;-22.9967727661133;
2762;276.20007936;-79.9257507324219;0.00139999995008111;-23.0049591064453;
2763;276.30010368;-79.9281387329102;0.00150000001303852;-23.0131282806396;
2764;276.400005119999;-79.9297103881836;0.00139999995008111;-23.0213623046875;
2765;276.50002944;-79.9388809204102;0.00130000000353903;-23.0298900604248;
2766;276.600053759999;-79.9388275146484;0.00150000001303852;-23.0383052825928;
2767;276.70007808;-79.952018737793;0.00139999995008111;-23.0468654632568;
2768;276.8001024;-79.955207824707;0.00150000001303852;-23.0553283691406;
2769;276.90000384;-79.9666366577148;0.00139999995008111;-23.0641002655029;
2770;277.00002816;-79.9663162231445;0.00150000001303852;-23.0723190307617;
2771;277.100052479999;-79.9739227294922;0.00139999995008111;-23.0808296203613;
2772;277.2000768;-79.961799621582;0.00139999995008111;-23.0884304046631;
2773;277.300101119999;-79.9706039428711;0.0015999999595806;-23.0969734191895;
2774;277.40000256;-79.9647216796875;0.00139999995008111;-23.1049327850342;
2775;277.50002688;-79.9796905517578;0.0015999999595806;-23.1137371063232;
2776;277.600051199999;-79.9867401123047;0.00139999995008111;-23.1222648620605;
2777;277.70007552;-79.9924011230469;0.00139999995008111;-23.1309051513672;
2778;277.800099839999;-79.9919204711914;0.0015999999595806;-23.1390266418457;
2779;277.90000128;-79.9960479736328;0.00139999995008111;-23.1475391387939;
2780;278.000025599999;-79.9833068847656;0.0015999999595806;-23.1548614501953;
2781;278.10004992;-79.9833602905273;0.00139999995008111;-23.1631298065186;
2782;278.20007424;-79.99365234375;0.0015999999595806;-23.1715755462646;
2783;278.300098559999;-79.999153137207;0.00150000001303852;-23.1800384521484;
2784;278.40012288;-80.0110092163086;0.00150000001303852;-23.1887283325195;
2785;278.500024319999;-80.0202102661133;0.00150000001303852;-23.1972885131836;
2786;278.60004864;-80.0214385986328;0.00139999995008111;-23.2057361602783;
2787;278.700072959999;-80.017822265625;0.0015999999595806;-23.2137908935547;
2788;278.80009728;-80.0173645019531;0.00139999995008111;-23.2219944000244;
2789;278.9001216;-80.0123977661133;0.00150000001303852;-23.230016708374;
2790;279.000023039999;-80.0212249755859;0.00150000001303852;-23.2384147644043;
2791;279.10004736;-80.0220718383789;0.00150000001303852;-23.2466011047363;
2792;279.200071679999;-80.0361633300781;0.0015999999595806;-23.2553558349609;
2793;279.300096;-80.0317764282227;0.00139999995008111;-23.2631683349609;
2794;279.40012032;-80.0438232421875;0.0015999999595806;-23.2717781066895;
2795;279.50002176;-80.0426788330078;0.00139999995008111;-23.2799301147461;
2796;279.60004608;-80.0536346435547;0.0015999999595806;-23.2886543273926;
2797;279.700070399999;-80.0457077026367;0.00150000001303852;-23.2965641021729;
2798;279.80009472;-80.0525970458984;0.00139999995008111;-23.305269241333;
2799;279.900119039999;-80.0500946044922;0.0015999999595806;-23.3133106231689;
2800;280.00002048;-80.0608901977539;0.00139999995008111;-23.3219032287598;
2801;280.1000448;-80.0703582763672;0.0015999999595806;-23.3302516937256;
2802;280.200069119999;-80.0738372802734;0.00139999995008111;-23.3388271331787;
2803;280.30009344;-80.0734405517578;0.00150000001303852;-23.347110748291;
2804;280.400117759999;-80.0782241821289;0.00150000001303852;-23.3553466796875;
2805;280.5000192;-80.0795822143555;0.00139999995008111;-23.3636627197266;
2806;280.600043519999;-80.0772705078125;0.00150000001303852;-23.3717517852783;
2807;280.70006784;-80.0863876342773;0.00139999995008111;-23.3802623748779;
2808;280.80009216;-80.0896606445313;0.00150000001303852;-23.3887577056885;
2809;280.900116479999;-80.0974731445313;0.00150000001303852;-23.3971710205078;
2810;281.00001792;-80.0934066772461;0.00150000001303852;-23.4049835205078;
2811;281.100042239999;-80.1036987304688;0.0015999999595806;-23.4136734008789;
2812;281.20006656;-80.089973449707;0.00139999995008111;-23.4212417602539;
2813;281.30009088;-80.1031875610352;0.0015999999595806;-23.4298992156982;
2814;281.400115199999;-80.1061706542969;0.00139999995008111;-23.4382152557373;
2815;281.50001664;-80.1155548095703;0.0015999999595806;-23.4469394683838;
2816;281.600040959999;-80.1228637695313;0.00150000001303852;-23.4553527832031;
2817;281.70006528;-80.1322479248047;0.00139999995008111;-23.4639949798584;
2818;281.800089599999;-80.1212997436523;0.0015999999595806;-23.4719200134277;
2819;281.90011392;-80.1264801025391;0.00139999995008111;-23.4801387786865;
2820;282.000015359999;-80.1173858642578;0.00150000001303852;-23.4878368377686;
2821;282.10003968;-80.1271438598633;0.00139999995008111;-23.4965114593506;
2822;282.200064;-80.1342468261719;0.00150000001303852;-23.5048599243164;
2823;282.300088319999;-80.1421432495117;0.00150000001303852;-23.5135021209717;
2824;282.40011264;-80.1513671875;0.00139999995008111;-23.5221271514893;
2825;282.500014079999;-80.1516571044922;0.00150000001303852;-23.5303783416748;
2826;282.6000384;-80.1534118652344;0.00139999995008111;-23.5386123657227;
2827;282.70006272;-80.1528015136719;0.0015999999595806;-23.5466842651367;
2828;282.800087039999;-80.1507568359375;0.00150000001303852;-23.5547885894775;
2829;282.90011136;-80.1489486694336;0.00139999995008111;-23.562780380249;
2830;283.000012799999;-80.1598510742188;0.00150000001303852;-23.5715026855469;
2831;283.10003712;-80.1632232666016;0.00150000001303852;-23.5797214508057;
2832;283.200061439999;-80.1762008666992;0.0015999999595806;-23.5885429382324;
2833;283.30008576;-80.1778717041016;0.00130000000353903;-23.5968418121338;
2834;283.40011008;-80.190185546875;0.0015999999595806;-23.6057453155518;
2835;283.50001152;-80.1858520507813;0.00139999995008111;-23.6137523651123;
2836;283.60003584;-80.1887512207031;0.00150000001303852;-23.6221981048584;
2837;283.700060159999;-80.1785125732422;0.00150000001303852;-23.6298789978027;
2838;283.80008448;-80.1855316162109;0.00139999995008111;-23.6382942199707;
2839;283.9001088;-80.1877136230469;0.0015999999595806;-23.6465282440186;
2840;284.00001024;-80.2021484375;0.00139999995008111;-23.6553325653076;
2841;284.10003456;-80.2053909301758;0.0015999999595806;-23.6635684967041;
2842;284.200058879999;-80.211799621582;0.00139999995008111;-23.6721115112305;
2843;284.3000832;-80.2124862670898;0.00150000001303852;-23.6804275512695;
2844;284.400107519999;-80.2047500610352;0.00150000001303852;-23.688304901123;
2845;284.50000896;-80.2062149047852;0.00139999995008111;-23.6965713500977;
2846;284.600033279999;-80.2056274414063;0.0015999999595806;-23.7048892974854;
2847;284.7000576;-80.2180709838867;0.00139999995008111;-23.7133674621582;
2848;284.80008192;-80.2228317260742;0.0015999999595806;-23.7217330932617;
2849;284.900106239999;-80.2311553955078;0.0015999999595806;-23.7303085327148;
2850;285.00000768;-80.2293167114258;0.00150000001303852;-23.7383804321289;
2851;285.100031999999;-80.2323532104492;0.00150000001303852;-23.7467460632324;
2852;285.20005632;-80.2275085449219;0.00150000001303852;-23.7547378540039;
2853;285.30008064;-80.2426147460938;0.00139999995008111;-23.763557434082;
2854;285.400104959999;-80.2376174926758;0.00150000001303852;-23.7716464996338;
2855;285.5000064;-80.247428894043;0.00150000001303852;-23.7802715301514;
2856;285.600030719999;-80.2516555786133;0.00139999995008111;-23.7884407043457;
2857;285.70005504;-80.2514419555664;0.00139999995008111;-23.7967090606689;
2858;285.800079359999;-80.240966796875;0.0015999999595806;-23.8041133880615;
2859;285.90010368;-80.2596054077148;0.00139999995008111;-23.8130970001221;
2860;286.00000512;-80.2517318725586;0.00139999995008111;-23.8209571838379;
2861;286.100029439999;-80.2622375488281;0.00139999995008111;-23.8296642303467;
2862;286.20005376;-80.2676849365234;0.00139999995008111;-23.8382568359375;
2863;286.300078079999;-80.2710647583008;0.00139999995008111;-23.8466548919678;
2864;286.4001024;-80.2811660766602;0.00130000000353903;-23.8553123474121;
2865;286.500003839999;-80.284538269043;0.0015999999595806;-23.8636779785156;
2866;286.60002816;-80.2885284423828;0.00139999995008111;-23.872091293335;
2867;286.70005248;-80.281852722168;0.00150000001303852;-23.8800506591797;
2868;286.800076799999;-80.2857131958008;0.00139999995008111;-23.8883495330811;
2869;286.90010112;-80.2827301025391;0.00139999995008111;-23.8964061737061;
2870;287.000002559999;-80.2924118041992;0.00150000001303852;-23.9049167633057;
2871;287.10002688;-80.2966918945313;0.00130000000353903;-23.9132499694824;
2872;287.2000512;-80.3095321655273;0.0015999999595806;-23.9221839904785;
2873;287.300075519999;-80.3121643066406;0.00139999995008111;-23.9303550720215;
2874;287.40009984;-80.3155136108398;0.00139999995008111;-23.9387683868408;
2875;287.500001279999;-80.3066329956055;0.00150000001303852;-23.9465465545654;
2876;287.6000256;-80.3080673217773;0.00139999995008111;-23.9545707702637;
2877;287.700049919999;-80.3050155639648;0.0015999999595806;-23.9625606536865;
2878;287.80007424;-80.3209381103516;0.00139999995008111;-23.9713497161865;
2879;287.90009856;-80.3254852294922;0.0015999999595806;-23.9797630310059;
2880;288.000122879999;-80.3366775512695;0.00139999995008111;-23.9885520935059;
2881;288.10002432;-80.3410949707031;0.00150000001303852;-23.9969329833984;
2882;288.200048639999;-80.3480606079102;0.00139999995008111;-24.005428314209;
2883;288.30007296;-80.3418655395508;0.00139999995008111;-24.013370513916;
2884;288.40009728;-80.3354568481445;0.00150000001303852;-24.0214099884033;
2885;288.500121599999;-80.3444976806641;0.00139999995008111;-24.0297412872314;
2886;288.60002304;-80.3446273803711;0.00150000001303852;-24.0379600524902;
2887;288.700047359999;-80.3532180786133;0.00130000000353903;-24.0464401245117;
2888;288.80007168;-80.3625717163086;0.00150000001303852;-24.054967880249;
2889;288.900095999999;-80.3649139404297;0.00150000001303852;-24.0632514953613;
2890;289.00012032;-80.3613510131836;0.00139999995008111;-24.0712738037109;
2891;289.100021759999;-80.376823425293;0.00150000001303852;-24.0801601409912;
2892;289.20004608;-80.3697280883789;0.00130000000353903;-24.0880374908447;
2893;289.3000704;-80.3740081787109;0.0015999999595806;-24.0966129302979;
2894;289.400094719999;-80.3711090087891;0.00139999995008111;-24.1046524047852;
2895;289.50011904;-80.3760299682617;0.00139999995008111;-24.1131801605225;
2896;289.600020479999;-80.3798828125;0.00150000001303852;-24.1213340759277;
2897;289.7000448;-80.39453125;0.00139999995008111;-24.1300582885742;
2898;289.80006912;-80.3920364379883;0.0015999999595806;-24.1380653381348;
2899;289.900093439999;-80.4004592895508;0.00150000001303852;-24.1469497680664;
2900;290.00011776;-80.3939971923828;0.00139999995008111;-24.1547451019287;
2901;290.100019199999;-80.4008026123047;0.00150000001303852;-24.1632900238037;
2902;290.20004352;-80.4028015136719;0.00139999995008111;-24.1715564727783;
2903;290.300067839999;-80.4075317382813;0.00139999995008111;-24.1799716949463;
2904;290.40009216;-80.4175796508789;0.00139999995008111;-24.1885471343994;
2905;290.50011648;-80.4167556762695;0.00139999995008111;-24.1967182159424;
2906;290.60001792;-80.4157485961914;0.00139999995008111;-24.2048225402832;
2907;290.70004224;-80.4189682006836;0.00139999995008111;-24.2130565643311;
2908;290.800066559999;-80.4203186035156;0.00150000001303852;-24.2211933135986;
2909;290.90009088;-80.4207229614258;0.00139999995008111;-24.2294120788574;
2910;291.0001152;-80.4339065551758;0.00150000001303852;-24.2382164001465;
2911;291.10001664;-80.4375534057617;0.00139999995008111;-24.2465496063232;
2912;291.20004096;-80.4457931518555;0.00150000001303852;-24.2553062438965;
2913;291.300065279999;-80.4436111450195;0.00139999995008111;-24.2634258270264;
2914;291.4000896;-80.4495162963867;0.00150000001303852;-24.2718410491943;
2915;291.500113919999;-80.4366760253906;0.00139999995008111;-24.2794075012207;
2916;291.60001536;-80.4454956054688;0.00150000001303852;-24.2879028320313;
2917;291.700039679999;-80.4445724487305;0.0015999999595806;-24.2961711883545;
2918;291.800064;-80.4575958251953;0.00139999995008111;-24.3048610687256;
2919;291.90008832;-80.4608383178711;0.00150000001303852;-24.3131942749023;
2920;292.000112639999;-80.4736785888672;0.00139999995008111;-24.3219337463379;
2921;292.10001408;-80.4646987915039;0.00150000001303852;-24.3297290802002;
2922;292.200038399999;-80.4664993286133;0.00150000001303852;-24.3379306793213;
2923;292.30006272;-80.4648284912109;0.00139999995008111;-24.3459053039551;
2924;292.40008704;-80.4686279296875;0.0015999999595806;-24.3541889190674;
2925;292.500111359999;-80.4782791137695;0.00139999995008111;-24.3626518249512;
2926;292.6000128;-80.4809646606445;0.00150000001303852;-24.3710823059082;
2927;292.700037119999;-80.4940185546875;0.00139999995008111;-24.379674911499;
2928;292.80006144;-80.4977416992188;0.00139999995008111;-24.3882026672363;
2929;292.900085759999;-80.5090942382813;0.0015999999595806;-24.3969421386719;
2930;293.00011008;-80.5086135864258;0.00139999995008111;-24.4053058624268;
2931;293.10001152;-80.5123672485352;0.00150000001303852;-24.4138336181641;
2932;293.200035839999;-80.4983291625977;0.00139999995008111;-24.4213523864746;
2933;293.30006016;-80.5045471191406;0.0015999999595806;-24.4298152923584;
2934;293.400084479999;-80.5001373291016;0.00139999995008111;-24.4377899169922;
2935;293.5001088;-80.5169372558594;0.00139999995008111;-24.4464817047119;
2936;293.600010239999;-80.5205307006836;0.00150000001303852;-24.4549598693848;
2937;293.70003456;-80.5319061279297;0.00139999995008111;-24.4636173248291;
2938;293.80005888;-80.5250778198242;0.00150000001303852;-24.4714450836182;
2939;293.900083199999;-80.5379409790039;0.00130000000353903;-24.4802341461182;
2940;294.00010752;-80.52685546875;0.0015999999595806;-24.4878177642822;
2941;294.100008959999;-80.5277099609375;0.00150000001303852;-24.496150970459;
2942;294.20003328;-80.5362930297852;0.00139999995008111;-24.5044994354248;
2943;294.300057599999;-80.544059753418;0.0015999999595806;-24.5129623413086;
2944;294.40008192;-80.5508880615234;0.00130000000353903;-24.521505355835;
2945;294.50010624;-80.5548248291016;0.0015999999595806;-24.5299034118652;
2946;294.600007679999;-80.55615234375;0.00150000001303852;-24.5381870269775;
2947;294.700032;-80.5560989379883;0.00139999995008111;-24.5462760925293;
2948;294.800056319999;-80.5565032958984;0.0015999999595806;-24.5546073913574;
2949;294.90008064;-80.5575942993164;0.00139999995008111;-24.5630054473877;
2950;295.00010496;-80.5697174072266;0.0015999999595806;-24.5715179443359;
2951;295.1000064;-80.5697937011719;0.00139999995008111;-24.5797023773193;
2952;295.20003072;-80.5805892944336;0.00139999995008111;-24.5883617401123;
2953;295.300055039999;-80.5665740966797;0.00150000001303852;-24.5958957672119;
2954;295.40007936;-80.5746307373047;0.00139999995008111;-24.6042613983154;
2955;295.500103679999;-80.5789108276367;0.00150000001303852;-24.6124477386475;
2956;295.60000512;-80.5892028808594;0.00150000001303852;-24.621187210083;
2957;295.70002944;-80.5849227905273;0.00150000001303852;-24.6293067932129;
2958;295.800053759999;-80.5946273803711;0.00139999995008111;-24.6381607055664;
2959;295.90007808;-80.5943832397461;0.00150000001303852;-24.6463966369629;
2960;296.000102399999;-80.6075973510742;0.00150000001303852;-24.6550045013428;
2961;296.10000384;-80.6074981689453;0.0015999999595806;-24.6631259918213;
2962;296.200028159999;-80.6116943359375;0.00150000001303852;-24.6716041564941;
2963;296.30005248;-80.60693359375;0.00139999995008111;-24.6796112060547;
2964;296.4000768;-80.6102294921875;0.00150000001303852;-24.6878147125244;
2965;296.500101119999;-80.6150970458984;0.00150000001303852;-24.6962928771973;
2966;296.60000256;-80.616584777832;0.00150000001303852;-24.7045936584473;
2967;296.700026879999;-80.6253051757813;0.00139999995008111;-24.7131366729736;
2968;296.8000512;-80.6330947875977;0.00139999995008111;-24.7217960357666;
2969;296.90007552;-80.6409149169922;0.00150000001303852;-24.7302894592285;
2970;297.000099839999;-80.6314468383789;0.00139999995008111;-24.7380523681641;
2971;297.10000128;-80.6389770507813;0.00150000001303852;-24.7465324401855;
2972;297.200025599999;-80.6245880126953;0.00139999995008111;-24.7540340423584;
2973;297.30004992;-80.6344528198242;0.0015999999595806;-24.7625617980957;
2974;297.400074239999;-80.6393737792969;0.00150000001303852;-24.7709445953369;
2975;297.50009856;-80.6526107788086;0.00139999995008111;-24.779748916626;
2976;297.60012288;-80.6563110351563;0.0015999999595806;-24.7881622314453;
2977;297.70002432;-80.6673126220703;0.00150000001303852;-24.7968845367432;
2978;297.80004864;-80.6630859375;0.00150000001303852;-24.8048915863037;
2979;297.900072959999;-80.6654510498047;0.00150000001303852;-24.813175201416;
2980;298.00009728;-80.6576080322266;0.00150000001303852;-24.8208408355713;
2981;298.1001216;-80.6642837524414;0.00150000001303852;-24.8294506072998;
2982;298.20002304;-80.6715698242188;0.00139999995008111;-24.8377017974854;
2983;298.30004736;-80.6774749755859;0.00150000001303852;-24.8462619781494;
2984;298.400071679999;-80.6916427612305;0.00139999995008111;-24.8548545837402;
2985;298.500096;-80.6908950805664;0.00150000001303852;-24.8630561828613;
2986;298.600120319999;-80.6893539428711;0.00150000001303852;-24.871129989624;
2987;298.70002176;-80.6921234130859;0.00139999995008111;-24.8794784545898;
2988;298.800046079999;-80.694221496582;0.00150000001303852;-24.8877620697021;
2989;298.9000704;-80.6894912719727;0.00139999995008111;-24.8958015441895;
2990;299.00009472;-80.7046966552734;0.0015999999595806;-24.9044761657715;
2991;299.100119039999;-80.70458984375;0.00150000001303852;-24.9126453399658;
2992;299.20002048;-80.7187118530273;0.00150000001303852;-24.9212875366211;
2993;299.300044799999;-80.7156219482422;0.00150000001303852;-24.9292945861816;
2994;299.40006912;-80.7311782836914;0.00139999995008111;-24.938325881958;
2995;299.50009344;-80.7226409912109;0.0015999999595806;-24.946268081665;
2996;299.600117759999;-80.7286758422852;0.00139999995008111;-24.9549427032471;
2997;299.7000192;-80.7256774902344;0.0015999999595806;-24.9629001617432;
2998;299.800043519999;-80.7301635742188;0.00139999995008111;-24.9713802337646;
2999;299.90006784;-80.7315216064453;0.00150000001303852;-24.9795322418213;
3000;300.000092159999;-80.7420272827148;0.00139999995008111;-24.9882564544678;
3001;300.10011648;-80.7393951416016;0.00150000001303852;-24.9961338043213;
3002;300.200017919999;-80.7431716918945;0.0015999999595806;-25.0044822692871;
3003;300.30004224;-80.7450790405273;0.00139999995008111;-25.0127334594727;
3004;300.40006656;-80.7454833984375;0.00150000001303852;-25.0208854675293;
3005;300.500090879999;-80.7493133544922;0.00139999995008111;-25.0292835235596;
3006;300.6001152;-80.7571258544922;0.00150000001303852;-25.0378284454346;
3007;300.700016639999;-80.7664337158203;0.00150000001303852;-25.0464038848877;
3008;300.80004096;-80.7699661254883;0.00130000000353903;-25.054801940918;
3009;300.90006528;-80.7767486572266;0.0015999999595806;-25.0631999969482;
3010;301.000089599999;-80.7669372558594;0.00139999995008111;-25.0710773468018;
3011;301.10011392;-80.7735595703125;0.00150000001303852;-25.0792961120605;
3012;301.200015359999;-80.7705230712891;0.00139999995008111;-25.0873184204102;
3013;301.30003968;-80.7862396240234;0.00139999995008111;-25.0962200164795;
3014;301.400063999999;-80.7847213745117;0.00150000001303852;-25.1044387817383;
3015;301.50008832;-80.8020324707031;0.00139999995008111;-25.1131782531738;
3016;301.60011264;-80.8006210327148;0.0015999999595806;-25.1214942932129;
3017;301.700014079999;-80.8046875;0.00139999995008111;-25.1297302246094;
3018;301.8000384;-80.7880706787109;0.0015999999595806;-25.1370697021484;
3019;301.900062719999;-80.8044281005859;0.00139999995008111;-25.1459064483643;
3020;302.00008704;-80.7975387573242;0.00139999995008111;-25.1537017822266;
3021;302.10011136;-80.8117370605469;0.0015999999595806;-25.1623916625977;
3022;302.2000128;-80.8169708251953;0.00139999995008111;-25.1709365844727;
3023;302.30003712;-80.8251647949219;0.00150000001303852;-25.1795463562012;
3024;302.400061439999;-80.8345489501953;0.00139999995008111;-25.1880741119385;
3025;302.50008576;-80.8380813598633;0.00139999995008111;-25.196569442749;
3026;302.600110079999;-80.843879699707;0.00150000001303852;-25.2050151824951;
3027;302.70001152;-80.8357467651367;0.00139999995008111;-25.2129726409912;
3028;302.80003584;-80.8348388671875;0.00150000001303852;-25.2211589813232;
3029;302.900060159999;-80.8349761962891;0.00139999995008111;-25.229248046875;
3030;303.00008448;-80.8406372070313;0.0015999999595806;-25.2376613616943;
3031;303.100108799999;-80.8474426269531;0.00139999995008111;-25.2459945678711;
3032;303.20001024;-80.8645629882813;0.00139999995008111;-25.2548789978027;
3033;303.300034559999;-80.8582382202148;0.00150000001303852;-25.2629528045654;
3034;303.40005888;-80.8664245605469;0.00139999995008111;-25.271448135376;
3035;303.5000832;-80.8667221069336;0.00150000001303852;-25.2795352935791;
3036;303.600107519999;-80.8637390136719;0.00130000000353903;-25.2876892089844;
3037;303.70000896;-80.8600692749023;0.00150000001303852;-25.2956314086914;
3038;303.800033279999;-80.871826171875;0.0015999999595806;-25.3043060302734;
3039;303.9000576;-80.8789520263672;0.00139999995008111;-25.3126049041748;
3040;304.00008192;-80.8869781494141;0.0015999999595806;-25.3213119506836;
3041;304.100106239999;-80.8897705078125;0.00139999995008111;-25.3293838500977;
3042;304.20000768;-80.8951110839844;0.0015999999595806;-25.3380088806152;
3043;304.300031999999;-80.8910446166992;0.00139999995008111;-25.3458709716797;
3044;304.40005632;-80.8920822143555;0.00150000001303852;-25.3542671203613;
3045;304.500080639999;-80.9010391235352;0.00139999995008111;-25.3628273010254;
3046;304.60010496;-80.9015502929688;0.00150000001303852;-25.3710632324219;
3047;304.700006399999;-80.9080047607422;0.00150000001303852;-25.37939453125;
3048;304.80003072;-80.9148406982422;0.00139999995008111;-25.3877925872803;
3049;304.90005504;-80.9113845825195;0.00139999995008111;-25.3957347869873;
3050;305.000079359999;-80.9054794311523;0.0015999999595806;-25.4036121368408;
3051;305.10010368;-80.9255828857422;0.00139999995008111;-25.4125957489014;
3052;305.200005119999;-80.9216995239258;0.00150000001303852;-25.4206829071045;
3053;305.30002944;-80.9312438964844;0.00150000001303852;-25.429407119751;
3054;305.40005376;-80.9316177368164;0.00139999995008111;-25.4376907348633;
3055;305.500078079999;-80.9405517578125;0.0015999999595806;-25.4462661743164;
3056;305.6001024;-80.9410858154297;0.00150000001303852;-25.4543399810791;
3057;305.700003839999;-80.9492416381836;0.00139999995008111;-25.4628677368164;
3058;305.80002816;-80.93994140625;0.00150000001303852;-25.4705638885498;
3059;305.900052479999;-80.9541397094727;0.00139999995008111;-25.4793853759766;
3060;306.0000768;-80.9470901489258;0.00139999995008111;-25.4872779846191;
3061;306.10010112;-80.9595336914063;0.00139999995008111;-25.4960498809814;
3062;306.20000256;-80.9601211547852;0.00130000000353903;-25.5043334960938;
3063;306.30002688;-80.9699020385742;0.00139999995008111;-25.512975692749;
3064;306.400051199999;-80.978385925293;0.00139999995008111;-25.5216178894043;
3065;306.50007552;-80.978759765625;0.00139999995008111;-25.5298042297363;
3066;306.60009984;-80.9716339111328;0.00150000001303852;-25.5376796722412;
3067;306.70000128;-80.9750900268555;0.00130000000353903;-25.5458011627197;
3068;306.8000256;-80.9730911254883;0.0015999999595806;-25.5539054870605;
3069;306.900049919999;-80.9778289794922;0.00139999995008111;-25.5621738433838;
3070;307.00007424;-80.9938354492188;0.00130000000353903;-25.5709457397461;
3071;307.100098559999;-80.9986953735352;0.00150000001303852;-25.5794086456299;
3072;307.20012288;-81.0100784301758;0.00130000000353903;-25.5881805419922;
3073;307.300024319999;-81.0110855102539;0.0015999999595806;-25.5963821411133;
3074;307.40004864;-81.0139846801758;0.00130000000353903;-25.6048278808594;
3075;307.50007296;-80.9996795654297;0.00139999995008111;-25.6122989654541;
3076;307.600097279999;-81.0071792602539;0.00139999995008111;-25.6207447052002;
3077;307.7001216;-81.0084533691406;0.00139999995008111;-25.628963470459;
3078;307.800023039999;-81.0199127197266;0.00150000001303852;-25.6376056671143;
3079;307.90004736;-81.0231323242188;0.00139999995008111;-25.6458396911621;
3080;308.00007168;-81.0406494140625;0.00139999995008111;-25.6547756195068;
3081;308.100095999999;-81.0231552124023;0.00150000001303852;-25.6622447967529;
3082;308.20012032;-81.032356262207;0.00130000000353903;-25.6707897186279;
3083;308.300021759999;-81.0336303710938;0.00150000001303852;-25.6789741516113;
3084;308.40004608;-81.0366134643555;0.00139999995008111;-25.6872901916504;
3085;308.500070399999;-81.0399627685547;0.00139999995008111;-25.6956405639648;
3086;308.60009472;-81.048095703125;0.00139999995008111;-25.7040367126465;
3087;308.70011904;-81.0544204711914;0.00139999995008111;-25.7124671936035;
3088;308.800020479999;-81.0621643066406;0.00139999995008111;-25.720832824707;
3089;308.9000448;-81.0686721801758;0.00150000001303852;-25.7293434143066;
3090;309.000069119999;-81.070671081543;0.00130000000353903;-25.7377910614014;
3091;309.10009344;-81.0800247192383;0.00139999995008111;-25.746431350708;
3092;309.20011776;-81.0701599121094;0.00139999995008111;-25.754358291626;
3093;309.3000192;-81.0784606933594;0.00139999995008111;-25.7628860473633;
3094;309.40004352;-81.0754013061523;0.00150000001303852;-25.7708435058594;
3095;309.500067839999;-81.0848693847656;0.00139999995008111;-25.7794532775879;
3096;309.60009216;-81.0874710083008;0.00139999995008111;-25.7877197265625;
3097;309.700116479999;-81.0944671630859;0.00150000001303852;-25.7961025238037;
3098;309.80001792;-81.0863037109375;0.0015999999595806;-25.8038158416748;
3099;309.900042239999;-81.0995407104492;0.00139999995008111;-25.8127822875977;
3100;310.00006656;-81.092041015625;0.00139999995008111;-25.8205451965332;
3101;310.10009088;-81.0982666015625;0.00139999995008111;-25.8291053771973;
3102;310.200115199999;-81.1085815429688;0.00139999995008111;-25.8376178741455;
3103;310.30001664;-81.1117706298828;0.00150000001303852;-25.8460807800293;
3104;310.400040959999;-81.1211318969727;0.00130000000353903;-25.8544788360596;
3105;310.50006528;-81.121208190918;0.00130000000353903;-25.8626480102539;
3106;310.6000896;-81.1198806762695;0.00150000001303852;-25.8707027435303;
3107;310.700113919999;-81.1169586181641;0.00139999995008111;-25.8787593841553;
3108;310.80001536;-81.1265258789063;0.00139999995008111;-25.8872051239014;
3109;310.900039679999;-81.1311569213867;0.00139999995008111;-25.8957500457764;
3110;311.000064;-81.1418914794922;0.00139999995008111;-25.9043750762939;
3111;311.100088319999;-81.1426391601563;0.00150000001303852;-25.9127407073975;
3112;311.20011264;-81.1563034057617;0.00139999995008111;-25.9214477539063;
3113;311.30001408;-81.1400909423828;0.00139999995008111;-25.92893409729;
3114;311.400038399999;-81.1451950073242;0.00150000001303852;-25.9371681213379;
3115;311.50006272;-81.1469192504883;0.00130000000353903;-25.9452247619629;
3116;311.600087039999;-81.1557769775391;0.0015999999595806;-25.9538822174072;
3117;311.70011136;-81.1586990356445;0.00130000000353903;-25.9621334075928;
3118;311.800012799999;-81.1716461181641;0.00139999995008111;-25.9709701538086;
3119;311.90003712;-81.1737442016602;0.00130000000353903;-25.9792385101318;
3120;312.00006144;-81.1831588745117;0.00150000001303852;-25.9879608154297;
3121;312.100085759999;-81.1819076538086;0.00139999995008111;-25.9960174560547;
3122;312.20011008;-81.1876754760742;0.00139999995008111;-26.0045604705811;
3123;312.300011519999;-81.1794357299805;0.00139999995008111;-26.0123405456543;
3124;312.40003584;-81.1819381713867;0.00150000001303852;-26.0205917358398;
3125;312.50006016;-81.1857070922852;0.00130000000353903;-26.0290050506592;
3126;312.600084479999;-81.1931304931641;0.00139999995008111;-26.0373039245605;
3127;312.7001088;-81.2002563476563;0.00139999995008111;-26.0457515716553;
3128;312.800010239999;-81.2097473144531;0.00139999995008111;-26.0544910430908;
3129;312.90003456;-81.2166290283203;0.00130000000353903;-26.0628395080566;
3130;313.000058879999;-81.2084197998047;0.00139999995008111;-26.0708465576172;
3131;313.1000832;-81.2181701660156;0.00139999995008111;-26.0794563293457;
3132;313.20010752;-81.2050094604492;0.00150000001303852;-26.0870552062988;
3133;313.30000896;-81.2158050537109;0.00130000000353903;-26.0955677032471;
3134;313.40003328;-81.21923828125;0.00139999995008111;-26.1038665771484;
3135;313.500057599999;-81.2295761108398;0.00139999995008111;-26.112606048584;
3136;313.60008192;-81.2373962402344;0.00130000000353903;-26.120922088623;
3137;313.70010624;-81.2491760253906;0.00150000001303852;-26.1295318603516;
3138;313.80000768;-81.2377700805664;0.00130000000353903;-26.1374092102051;
3139;313.900032;-81.2423706054688;0.00150000001303852;-26.1458549499512;
3140;314.000056319999;-81.2405090332031;0.00139999995008111;-26.1538467407227;
3141;314.10008064;-81.2490158081055;0.00139999995008111;-26.1624870300293;
3142;314.200104959999;-81.2488784790039;0.00130000000353903;-26.1706733703613;
3143;314.3000064;-81.2576293945313;0.00139999995008111;-26.1791362762451;
3144;314.400030719999;-81.2615661621094;0.00139999995008111;-26.1874198913574;
3145;314.50005504;-81.2589340209961;0.00139999995008111;-26.1953296661377;
3146;314.60007936;-81.2587966918945;0.00139999995008111;-26.2034511566162;
3147;314.700103679999;-81.2655258178711;0.00150000001303852;-26.2120590209961;
3148;314.80000512;-81.2742156982422;0.00139999995008111;-26.2205066680908;
3149;314.900029439999;-81.2793502807617;0.00139999995008111;-26.2288551330566;
3150;315.00005376;-81.2884140014648;0.00139999995008111;-26.2375621795654;
3151;315.10007808;-81.2864227294922;0.00139999995008111;-26.2457466125488;
3152;315.200102399999;-81.2973251342773;0.00139999995008111;-26.2542095184326;
3153;315.30000384;-81.2873764038086;0.00130000000353903;-26.2619247436523;
3154;315.400028159999;-81.3043670654297;0.00139999995008111;-26.2707939147949;
3155;315.50005248;-81.2979049682617;0.00150000001303852;-26.2787189483643;
3156;315.600076799999;-81.309684753418;0.00139999995008111;-26.2874908447266;
3157;315.70010112;-81.3062286376953;0.00130000000353903;-26.2956619262695;
3158;315.800002559999;-81.3165740966797;0.00139999995008111;-26.3043022155762;
3159;315.90002688;-81.3187026977539;0.00139999995008111;-26.3125534057617;
3160;316.0000512;-81.3297576904297;0.00139999995008111;-26.3213577270508;
3161;316.100075519999;-81.3200836181641;0.00139999995008111;-26.3289909362793;
3162;316.20009984;-81.3233489990234;0.00139999995008111;-26.3372421264648;
3163;316.300001279999;-81.3222885131836;0.00150000001303852;-26.3453464508057;
3164;316.4000256;-81.3250274658203;0.00139999995008111;-26.3535823822021;
3165;316.50004992;-81.3335342407227;0.00139999995008111;-26.3620452880859;
3166;316.600074239999;-81.3412704467773;0.00139999995008111;-26.3706703186035;
3167;316.70009856;-81.3514251708984;0.00139999995008111;-26.3792953491211;
3168;316.800122879999;-81.3565292358398;0.00139999995008111;-26.3878402709961;
3169;316.90002432;-81.3629684448242;0.00139999995008111;-26.3962535858154;
3170;317.000048639999;-81.3532104492188;0.00150000001303852;-26.4040813446045;
3171;317.10007296;-81.3517990112305;0.00130000000353903;-26.4121704101563;
3172;317.20009728;-81.3544082641602;0.00150000001303852;-26.4202098846436;
3173;317.300121599999;-81.3642730712891;0.00139999995008111;-26.4289321899414;
3174;317.40002304;-81.3686294555664;0.00139999995008111;-26.437183380127;
3175;317.500047359999;-81.3796081542969;0.00150000001303852;-26.445873260498;
3176;317.60007168;-81.3799591064453;0.00130000000353903;-26.4541416168213;
3177;317.700096;-81.3805694580078;0.00150000001303852;-26.4623928070068;
3178;317.800120319999;-81.3731460571289;0.00130000000353903;-26.4700584411621;
3179;317.90002176;-81.3879089355469;0.00150000001303852;-26.478910446167;
3180;318.000046079999;-81.3798751831055;0.00139999995008111;-26.486722946167;
3181;318.1000704;-81.3920516967773;0.00139999995008111;-26.4953651428223;
3182;318.200094719999;-81.3979797363281;0.00139999995008111;-26.5037612915039;
3183;318.30011904;-81.406120300293;0.00139999995008111;-26.5123558044434;
3184;318.40002048;-81.4078216552734;0.00150000001303852;-26.520622253418;
3185;318.500044799999;-81.4150543212891;0.00130000000353903;-26.5291347503662;
3186;318.60006912;-81.4191436767578;0.00150000001303852;-26.5375156402588;
3187;318.700093439999;-81.4170989990234;0.00139999995008111;-26.5458145141602;
3188;318.80011776;-81.4216995239258;0.00139999995008111;-26.5541801452637;
3189;318.900019199999;-81.4206314086914;0.00150000001303852;-26.5623168945313;
3190;319.00004352;-81.4213027954102;0.00130000000353903;-26.570650100708;
3191;319.10006784;-81.4300994873047;0.00150000001303852;-26.5788192749023;
3192;319.200092159999;-81.4407577514648;0.00130000000353903;-26.5874938964844;
3193;319.30011648;-81.4324645996094;0.00150000001303852;-26.5953216552734;
3194;319.400017919999;-81.4416885375977;0.00150000001303852;-26.6038665771484;
3195;319.50004224;-81.4383392333984;0.00139999995008111;-26.6120681762695;
3196;319.60006656;-81.4465560913086;0.00139999995008111;-26.6205139160156;
3197;319.700090879999;-81.4482040405273;0.00130000000353903;-26.6287002563477;
3198;319.8001152;-81.4586029052734;0.00139999995008111;-26.6374073028564;
3199;319.900016639999;-81.4595031738281;0.00139999995008111;-26.645658493042;
3200;320.00004096;-81.4683074951172;0.00150000001303852;-26.6542682647705;
3201;320.100065279999;-81.4633865356445;0.00150000001303852;-26.6619491577148;
3202;320.2000896;-81.4648208618164;0.00139999995008111;-26.6704444885254;
3203;320.30011392;-81.4667358398438;0.0015999999595806;-26.6783695220947;
3204;320.40001536;-81.4757232666016;0.00139999995008111;-26.6869792938232;
3205;320.50003968;-81.4812774658203;0.00139999995008111;-26.695556640625;
3206;320.600063999999;-81.4885940551758;0.00139999995008111;-26.7040195465088;
3207;320.70008832;-81.4964065551758;0.00139999995008111;-26.7124481201172;
3208;320.80011264;-81.4987716674805;0.00150000001303852;-26.7208309173584;
3209;320.90001408;-81.4905853271484;0.00139999995008111;-26.7285614013672;
3210;321.0000384;-81.4852447509766;0.00139999995008111;-26.7364044189453;
3211;321.100062719999;-81.5002059936523;0.00150000001303852;-26.7452259063721;
3212;321.20008704;-81.5023880004883;0.00139999995008111;-26.7534275054932;
3213;321.300111359999;-81.512809753418;0.00150000001303852;-26.7621669769287;
3214;321.4000128;-81.5156021118164;0.00139999995008111;-26.7705478668213;
3215;321.500037119999;-81.5276489257813;0.00150000001303852;-26.7792224884033;
3216;321.60006144;-81.5245361328125;0.00139999995008111;-26.7873764038086;
3217;321.70008576;-81.529670715332;0.00139999995008111;-26.7958717346191;
3218;321.800110079999;-81.5206527709961;0.00139999995008111;-26.8035526275635;
3219;321.90001152;-81.5270080566406;0.00150000001303852;-26.8121776580811;
3220;322.000035839999;-81.523796081543;0.00139999995008111;-26.8201198577881;
3221;322.10006016;-81.5327224731445;0.00139999995008111;-26.8287792205811;
3222;322.20008448;-81.5360260009766;0.00150000001303852;-26.8369483947754;
3223;322.300108799999;-81.5499572753906;0.00130000000353903;-26.8457355499268;
3224;322.40001024;-81.5559387207031;0.00150000001303852;-26.8541984558105;
3225;322.500034559999;-81.55712890625;0.00130000000353903;-26.8625640869141;
3226;322.60005888;-81.5542907714844;0.00150000001303852;-26.8706035614014;
3227;322.700083199999;-81.5525360107422;0.00150000001303852;-26.8787899017334;
3228;322.80010752;-81.5535202026367;0.00130000000353903;-26.8868789672852;
3229;322.900008959999;-81.5539703369141;0.00150000001303852;-26.8951301574707;
3230;323.00003328;-81.5691528320313;0.00139999995008111;-26.9037704467773;
3231;323.1000576;-81.5762786865234;0.00150000001303852;-26.9122180938721;
3232;323.200081919999;-81.5834274291992;0.00139999995008111;-26.9208908081055;
3233;323.30010624;-81.5821228027344;0.00139999995008111;-26.9289798736572;
3234;323.400007679999;-81.5864028930664;0.00139999995008111;-26.9375076293945;
3235;323.500032;-81.5793075561523;0.00139999995008111;-26.9453029632568;
3236;323.60005632;-81.5861129760742;0.00150000001303852;-26.9538154602051;
3237;323.700080639999;-81.5886154174805;0.00139999995008111;-26.9620342254639;
3238;323.80010496;-81.5907669067383;0.00139999995008111;-26.9705448150635;
3239;323.900006399999;-81.5938491821289;0.00150000001303852;-26.978551864624;
3240;324.00003072;-81.6066131591797;0.00139999995008111;-26.9873065948486;
3241;324.100055039999;-81.5909271240234;0.00150000001303852;-26.9945812225342;
3242;324.20007936;-81.6036071777344;0.00139999995008111;-27.003288269043;
3243;324.30010368;-81.606315612793;0.00150000001303852;-27.0115718841553;
3244;324.400005119999;-81.6120376586914;0.00139999995008111;-27.0202140808105;
3245;324.50002944;-81.6211242675781;0.00139999995008111;-27.0287418365479;
3246;324.600053759999;-81.6236572265625;0.00150000001303852;-27.0371227264404;
3247;324.70007808;-81.6264724731445;0.00139999995008111;-27.0454387664795;
3248;324.8001024;-81.6321105957031;0.00150000001303852;-27.0536575317383;
3249;324.90000384;-81.6320037841797;0.00130000000353903;-27.0618762969971;
3250;325.00002816;-81.6346893310547;0.00150000001303852;-27.0702247619629;
3251;325.100052479999;-81.6438293457031;0.00139999995008111;-27.0789165496826;
3252;325.2000768;-81.6404571533203;0.00150000001303852;-27.0870532989502;
3253;325.300101119999;-81.647819519043;0.00139999995008111;-27.0957279205322;
3254;325.40000256;-81.6484069824219;0.00130000000353903;-27.1038494110107;
3255;325.50002688;-81.6594924926758;0.00150000001303852;-27.1124420166016;
3256;325.600051199999;-81.6595993041992;0.00130000000353903;-27.1205940246582;
3257;325.70007552;-81.6602630615234;0.00150000001303852;-27.1288452148438;
3258;325.800099839999;-81.648193359375;0.00139999995008111;-27.1364459991455;
3259;325.90000128;-81.6644134521484;0.00120000005699694;-27.1452350616455;
3260;326.000025599999;-81.6635360717773;0.00150000001303852;-27.1532421112061;
3261;326.10004992;-81.6720123291016;0.00130000000353903;-27.1619319915771;
3262;326.20007424;-81.6796722412109;0.00139999995008111;-27.17041015625;
3263;326.300098559999;-81.6851196289063;0.00139999995008111;-27.179084777832;
3264;326.40012288;-81.6914749145508;0.00139999995008111;-27.1875476837158;
3265;326.500024319999;-81.6892700195313;0.00139999995008111;-27.1956691741943;
3266;326.60004864;-81.6839828491211;0.00139999995008111;-27.2035465240479;
3267;326.700072959999;-81.6828384399414;0.00150000001303852;-27.2116012573242;
3268;326.80009728;-81.6899337768555;0.00139999995008111;-27.2199821472168;
3269;326.9001216;-81.6942138671875;0.00150000001303852;-27.2285423278809;
3270;327.000023039999;-81.7043991088867;0.00139999995008111;-27.2370376586914;
3271;327.10004736;-81.7103042602539;0.00150000001303852;-27.2454528808594;
3272;327.200071679999;-81.7172698974609;0.00139999995008111;-27.2541255950928;
3273;327.300096;-81.707878112793;0.00130000000353903;-27.2617263793945;
3274;327.40012032;-81.7108612060547;0.00150000001303852;-27.2700748443604;
3275;327.50002176;-81.7135696411133;0.00139999995008111;-27.2782287597656;
3276;327.60004608;-81.7199554443359;0.00139999995008111;-27.2867889404297;
3277;327.700070399999;-81.7207489013672;0.00150000001303852;-27.2950401306152;
3278;327.80009472;-81.7361450195313;0.00130000000353903;-27.3037643432617;
3279;327.900119039999;-81.7348937988281;0.00139999995008111;-27.3119812011719;
3280;328.00002048;-81.7452392578125;0.00139999995008111;-27.3206729888916;
3281;328.1000448;-81.7340698242188;0.00139999995008111;-27.3284187316895;
3282;328.200069119999;-81.7493057250977;0.00150000001303852;-27.3373374938965;
3283;328.30009344;-81.7460632324219;0.00139999995008111;-27.3454093933105;
3284;328.400117759999;-81.7467803955078;0.00139999995008111;-27.3536930084229;
3285;328.5000192;-81.7482681274414;0.00139999995008111;-27.3619937896729;
3286;328.600043519999;-81.7516174316406;0.00139999995008111;-27.3702278137207;
3287;328.70006784;-81.7515106201172;0.00150000001303852;-27.3782844543457;
3288;328.80009216;-81.7624664306641;0.00130000000353903;-27.386926651001;
3289;328.900116479999;-81.761962890625;0.00150000001303852;-27.3950958251953;
3290;329.00001792;-81.7655792236328;0.00139999995008111;-27.4032649993896;
3291;329.100042239999;-81.7747192382813;0.00150000001303852;-27.4120540618896;
3292;329.20006656;-81.7698593139648;0.00130000000353903;-27.4200611114502;
3293;329.30009088;-81.7780151367188;0.00150000001303852;-27.4286365509033;
3294;329.400115199999;-81.7841567993164;0.00130000000353903;-27.4369049072266;
3295;329.50001664;-81.7911758422852;0.00150000001303852;-27.4455299377441;
3296;329.600040959999;-81.7903518676758;0.00139999995008111;-27.4535865783691;
3297;329.70006528;-81.7933578491211;0.00139999995008111;-27.461935043335;
3298;329.800089599999;-81.7883071899414;0.00139999995008111;-27.4698276519775;
3299;329.90011392;-81.7972640991211;0.00139999995008111;-27.4784526824951;
3300;330.000015359999;-81.7972640991211;0.00150000001303852;-27.4866065979004;
3301;330.10003968;-81.8078994750977;0.00139999995008111;-27.4954433441162;
3302;330.200064;-81.8102188110352;0.00139999995008111;-27.5037441253662;
3303;330.300088319999;-81.8147888183594;0.00139999995008111;-27.51220703125;
3304;330.40011264;-81.8162231445313;0.00150000001303852;-27.5203266143799;
3305;330.500014079999;-81.8064651489258;0.00139999995008111;-27.5280570983887;
3306;330.6000384;-81.808219909668;0.00139999995008111;-27.5361461639404;
3307;330.70006272;-81.8187484741211;0.00150000001303852;-27.5447063446045;
3308;330.800087039999;-81.8255844116211;0.00150000001303852;-27.5532341003418;
3309;330.90011136;-81.8305816650391;0.00139999995008111;-27.5617122650146;
3310;331.000012799999;-81.8437423706055;0.00150000001303852;-27.5704040527344;
3311;331.10003712;-81.8420639038086;0.00139999995008111;-27.5787353515625;
3312;331.200061439999;-81.8484725952148;0.00139999995008111;-27.587215423584;
3313;331.30008576;-81.8383712768555;0.00139999995008111;-27.5948810577393;
3314;331.40011008;-81.8505477905273;0.00150000001303852;-27.6035537719727;
3315;331.50001152;-81.8456268310547;0.00150000001303852;-27.6114959716797;
3316;331.60003584;-81.8559417724609;0.00139999995008111;-27.6201877593994;
3317;331.700060159999;-81.8561553955078;0.00139999995008111;-27.6284713745117;
3318;331.80008448;-81.8647689819336;0.00139999995008111;-27.6371116638184;
3319;331.9001088;-81.8625946044922;0.00170000002253801;-27.6451835632324;
3320;332.00001024;-81.8804550170898;0.00130000000353903;-27.6541843414307;
3321;332.10003456;-81.8653869628906;0.00150000001303852;-27.6618328094482;
3322;332.200058879999;-81.869873046875;0.00139999995008111;-27.6702136993408;
3323;332.3000832;-81.8682022094727;0.00139999995008111;-27.6782207489014;
3324;332.400107519999;-81.8724517822266;0.00139999995008111;-27.6864719390869;
3325;332.50000896;-81.8755111694336;0.00139999995008111;-27.6948699951172;
3326;332.600033279999;-81.8866500854492;0.00130000000353903;-27.7034149169922;
3327;332.7000576;-81.8957748413086;0.00139999995008111;-27.7119750976563;
3328;332.80008192;-81.9031600952148;0.00139999995008111;-27.7205352783203;
3329;332.900106239999;-81.9047317504883;0.00130000000353903;-27.7287693023682;
3330;333.00000768;-81.8994979858398;0.00150000001303852;-27.736873626709;
3331;333.100031999999;-81.9032135009766;0.00130000000353903;-27.7451419830322;
3332;333.20005632;-81.9004287719727;0.00150000001303852;-27.7532138824463;
3333;333.30008064;-81.9093551635742;0.00139999995008111;-27.7618713378906;
3334;333.400104959999;-81.9098663330078;0.00150000001303852;-27.7699928283691;
3335;333.5000064;-81.9175186157227;0.00139999995008111;-27.7785205841064;
3336;333.600030719999;-81.9161148071289;0.00150000001303852;-27.7865924835205;
3337;333.70005504;-81.9168548583984;0.00130000000353903;-27.7947788238525;
3338;333.800079359999;-81.9139556884766;0.00139999995008111;-27.8026714324951;
3339;333.90010368;-81.9316635131836;0.00139999995008111;-27.8116722106934;
3340;334.00000512;-81.9301223754883;0.00130000000353903;-27.8198413848877;
3341;334.100029439999;-81.9390563964844;0.00130000000353903;-27.8284664154053;
3342;334.20005376;-81.9420852661133;0.00139999995008111;-27.8367671966553;
3343;334.300078079999;-81.9492416381836;0.00139999995008111;-27.8452949523926;
3344;334.4001024;-81.9458923339844;0.00139999995008111;-27.8532371520996;
3345;334.500003839999;-81.9492950439453;0.00150000001303852;-27.8614883422852;
3346;334.60002816;-81.9539947509766;0.00139999995008111;-27.869966506958;
3347;334.70005248;-81.9567108154297;0.00139999995008111;-27.8784446716309;
3348;334.800076799999;-81.9597396850586;0.00150000001303852;-27.8869247436523;
3349;334.90010112;-81.963996887207;0.00130000000353903;-27.8953227996826;
3350;335.000002559999;-81.9680099487305;0.00150000001303852;-27.9037189483643;
3351;335.10002688;-81.9681701660156;0.00130000000353903;-27.9118404388428;
3352;335.2000512;-81.9765472412109;0.0015999999595806;-27.9203681945801;
3353;335.300075519999;-81.9676132202148;0.00130000000353903;-27.9280166625977;
3354;335.40009984;-81.9751892089844;0.00150000001303852;-27.9363994598389;
3355;335.500001279999;-81.9760360717773;0.00130000000353903;-27.9446983337402;
3356;335.6000256;-81.9830551147461;0.00170000002253801;-27.9532585144043;
3357;335.700049919999;-81.9852676391602;0.00139999995008111;-27.9615268707275;
3358;335.80007424;-81.99853515625;0.00150000001303852;-27.9703140258789;
3359;335.90009856;-82.0012435913086;0.00130000000353903;-27.9786624908447;
3360;336.000122879999;-82.0105743408203;0.00139999995008111;-27.9872894287109;
3361;336.10002432;-81.9954223632813;0.00150000001303852;-27.9948081970215;
3362;336.200048639999;-82.0023040771484;0.00139999995008111;-28.0031890869141;
3363;336.30007296;-81.9964599609375;0.00139999995008111;-28.0111312866211;
3364;336.40009728;-82.0085525512695;0.00139999995008111;-28.0197238922119;
3365;336.500121599999;-82.013313293457;0.00139999995008111;-28.0283012390137;
3366;336.60002304;-82.0231246948242;0.00130000000353903;-28.03684425354;
3367;336.700047359999;-82.0233383178711;0.00150000001303852;-28.0451126098633;
3368;336.80007168;-82.03173828125;0.00130000000353903;-28.0537204742432;
3369;336.900095999999;-82.0257034301758;0.00139999995008111;-28.061580657959;
3370;337.00012032;-82.0205688476563;0.00130000000353903;-28.0694255828857;
3371;337.100021759999;-82.0315780639648;0.00150000001303852;-28.0781154632568;
3372;337.20004608;-82.0363616943359;0.00130000000353903;-28.0863189697266;
3373;337.3000704;-82.0457229614258;0.00139999995008111;-28.0949611663818;
3374;337.400094719999;-82.0476379394531;0.00139999995008111;-28.10329246521;
3375;337.50011904;-82.0561752319336;0.00130000000353903;-28.1119518280029;
3376;337.600020479999;-82.054443359375;0.00150000001303852;-28.1198768615723;
3377;337.7000448;-82.0650253295898;0.00130000000353903;-28.1284694671631;
3378;337.80006912;-82.0573120117188;0.00139999995008111;-28.1365089416504;
3379;337.900093439999;-82.0685653686523;0.00139999995008111;-28.1452312469482;
3380;338.00011776;-82.0613861083984;0.00139999995008111;-28.1531410217285;
3381;338.100019199999;-82.0711669921875;0.00139999995008111;-28.1617832183838;
3382;338.20004352;-82.0665969848633;0.00120000005699694;-28.1697406768799;
3383;338.300067839999;-82.0820388793945;0.00150000001303852;-28.1783828735352;
3384;338.40009216;-82.080207824707;0.00130000000353903;-28.1866836547852;
3385;338.50011648;-82.0833435058594;0.00139999995008111;-28.1950798034668;
3386;338.60001792;-82.0824127197266;0.00139999995008111;-28.2031192779541;
3387;338.70004224;-82.0879974365234;0.00139999995008111;-28.2116470336914;
3388;338.800066559999;-82.0885848999023;0.00139999995008111;-28.219898223877;
3389;338.90009088;-82.0933685302734;0.00130000000353903;-28.2281818389893;
3390;339.0001152;-82.1037368774414;0.00130000000353903;-28.2366619110107;
3391;339.10001664;-82.1061553955078;0.00139999995008111;-28.2449779510498;
3392;339.20004096;-82.1152725219727;0.00139999995008111;-28.2534408569336;
3393;339.300065279999;-82.1067962646484;0.00139999995008111;-28.261251449585;
3394;339.4000896;-82.1170043945313;0.00150000001303852;-28.2698783874512;
3395;339.500113919999;-82.1118698120117;0.00139999995008111;-28.2779502868652;
3396;339.60001536;-82.1250076293945;0.00150000001303852;-28.2866401672363;
3397;339.700039679999;-82.1280899047852;0.00130000000353903;-28.2950706481934;
3398;339.800064;-82.1339111328125;0.00150000001303852;-28.3036155700684;
3399;339.90008832;-82.1295776367188;0.00130000000353903;-28.3115558624268;
3400;340.000112639999;-82.1386184692383;0.00150000001303852;-28.3201503753662;
3401;340.10001408;-82.1199035644531;0.00139999995008111;-28.3273105621338;
3402;340.200038399999;-82.1302719116211;0.00139999995008111;-28.3359184265137;
3403;340.30006272;-82.1437759399414;0.00130000000353903;-28.3443012237549;
3404;340.40008704;-82.1497344970703;0.00150000001303852;-28.3530559539795;
3405;340.500111359999;-82.1598052978516;0.00150000001303852;-28.3615188598633;
3406;340.6000128;-82.1634750366211;0.00139999995008111;-28.3700790405273;
3407;340.700037119999;-82.1672821044922;0.00139999995008111;-28.3784122467041;
3408;340.80006144;-82.1681594848633;0.00139999995008111;-28.3865661621094;
3409;340.900085759999;-82.1680526733398;0.00150000001303852;-28.3945732116699;
3410;341.00011008;-82.1700210571289;0.00150000001303852;-28.402889251709;
3411;341.10001152;-82.1785278320313;0.00139999995008111;-28.4115142822266;
3412;341.200035839999;-82.1790313720703;0.00150000001303852;-28.4197807312012;
3413;341.30006016;-82.1900405883789;0.00130000000353903;-28.42848777771;
3414;341.400084479999;-82.1874618530273;0.0015999999595806;-28.4366245269775;
3415;341.5001088;-82.1997985839844;0.00130000000353903;-28.4452991485596;
3416;341.600010239999;-82.2011260986328;0.00150000001303852;-28.4535827636719;
3417;341.70003456;-82.2013931274414;0.00139999995008111;-28.4619312286377;
3418;341.80005888;-82.1884994506836;0.00139999995008111;-28.4694671630859;
3419;341.900083199999;-82.2039184570313;0.00150000001303852;-28.478157043457;
3420;342.00010752;-82.1985168457031;0.00139999995008111;-28.4861316680908;
3421;342.100008959999;-82.2094497680664;0.00150000001303852;-28.494758605957;
3422;342.20003328;-82.2182464599609;0.00139999995008111;-28.5030746459961;
3423;342.300057599999;-82.2321243286133;0.00139999995008111;-28.5118618011475;
3424;342.40008192;-82.2293853759766;0.00139999995008111;-28.5200653076172;
3425;342.50010624;-82.2328720092773;0.00130000000353903;-28.5284290313721;
3426;342.600007679999;-82.2299957275391;0.00150000001303852;-28.5365505218506;
3427;342.700032;-82.2309799194336;0.00139999995008111;-28.5446720123291;
3428;342.800056319999;-82.2338790893555;0.00150000001303852;-28.5529556274414;
3429;342.90008064;-82.2397537231445;0.00139999995008111;-28.5614337921143;
3430;343.00010496;-82.2442245483398;0.00139999995008111;-28.5697174072266;
3431;343.1000064;-82.2486114501953;0.00150000001303852;-28.5779190063477;
3432;343.20003072;-82.2559204101563;0.00139999995008111;-28.5865612030029;
3433;343.300055039999;-82.2449645996094;0.00150000001303852;-28.5942916870117;
3434;343.40007936;-82.2563705444336;0.00139999995008111;-28.602819442749;
3435;343.500103679999;-82.2640075683594;0.00150000001303852;-28.6112670898438;
3436;343.60000512;-82.2697448730469;0.00139999995008111;-28.6198749542236;
3437;343.70002944;-82.2709732055664;0.00130000000353903;-28.6280784606934;
3438;343.800053759999;-82.2816848754883;0.00150000001303852;-28.6367359161377;
3439;343.90007808;-82.2775344848633;0.00139999995008111;-28.644645690918;
3440;344.000102399999;-82.2843399047852;0.00150000001303852;-28.6531410217285;
3441;344.10000384;-82.275276184082;0.00139999995008111;-28.6607723236084;
3442;344.200028159999;-82.2929534912109;0.00130000000353903;-28.6698532104492;
3443;344.30005248;-82.2908325195313;0.00150000001303852;-28.6780567169189;
3444;344.4000768;-82.3009567260742;0.00130000000353903;-28.6866493225098;
3445;344.500101119999;-82.305290222168;0.00150000001303852;-28.6951274871826;
3446;344.60000256;-82.3042602539063;0.00130000000353903;-28.7033309936523;
3447;344.700026879999;-82.2993927001953;0.00150000001303852;-28.7111587524414;
3448;344.8000512;-82.3126068115234;0.00139999995008111;-28.7197017669678;
3449;344.90007552;-82.3088836669922;0.00150000001303852;-28.7277412414551;
3450;345.000099839999;-82.3125;0.00139999995008111;-28.7359275817871;
3451;345.10000128;-82.3240127563477;0.00139999995008111;-28.7446994781494;
3452;345.200025599999;-82.3215103149414;0.00150000001303852;-28.7529182434082;
3453;345.30004992;-82.3366394042969;0.00139999995008111;-28.7615432739258;
3454;345.400074239999;-82.3403625488281;0.00150000001303852;-28.7699413299561;
3455;345.50009856;-82.3495330810547;0.00139999995008111;-28.7786159515381;
3456;345.60012288;-82.3449096679688;0.00139999995008111;-28.7865905761719;
3457;345.70002432;-82.3471984863281;0.00150000001303852;-28.7946949005127;
3458;345.80004864;-82.3390579223633;0.00130000000353903;-28.8025226593018;
3459;345.900072959999;-82.3521957397461;0.00150000001303852;-28.8111324310303;
3460;346.00009728;-82.3532867431641;0.00139999995008111;-28.8193836212158;
3461;346.1001216;-82.3693161010742;0.00130000000353903;-28.8282527923584;
3462;346.20002304;-82.3684616088867;0.0015999999595806;-28.8364219665527;
3463;346.30004736;-82.3774490356445;0.00120000005699694;-28.8450813293457;
3464;346.400071679999;-82.3756408691406;0.00150000001303852;-28.85325050354;
3465;346.500096;-82.371711730957;0.00130000000353903;-28.8610954284668;
3466;346.600120319999;-82.3691558837891;0.00150000001303852;-28.8691024780273;
3467;346.70002176;-82.3815689086914;0.00139999995008111;-28.8776454925537;
3468;346.800046079999;-82.389762878418;0.00139999995008111;-28.8861255645752;
3469;346.9000704;-82.397819519043;0.00139999995008111;-28.8945713043213;
3470;347.00009472;-82.4050750732422;0.00139999995008111;-28.903148651123;
3471;347.100119039999;-82.4071502685547;0.00150000001303852;-28.9114475250244;
3472;347.20002048;-82.4132919311523;0.00150000001303852;-28.9198608398438;
3473;347.300044799999;-82.4089050292969;0.00139999995008111;-28.9277057647705;
3474;347.40006912;-82.4189834594727;0.00150000001303852;-28.9365425109863;
3475;347.50009344;-82.412223815918;0.00139999995008111;-28.9445018768311;
3476;347.600117759999;-82.423713684082;0.00150000001303852;-28.9531269073486;
3477;347.7000192;-82.4235229492188;0.00130000000353903;-28.9613132476807;
3478;347.800043519999;-82.4312133789063;0.00139999995008111;-28.9697589874268;
3479;347.90006784;-82.4260025024414;0.00139999995008111;-28.9775714874268;
3480;348.000092159999;-82.4446640014648;0.00150000001303852;-28.9867000579834;
3481;348.10011648;-82.434928894043;0.00150000001303852;-28.9943656921387;
3482;348.200017919999;-82.4441070556641;0.00130000000353903;-29.0030727386475;
3483;348.30004224;-82.4487075805664;0.0015999999595806;-29.0113735198975;
3484;348.40006656;-82.4479598999023;0.00139999995008111;-29.0196399688721;
3485;348.500090879999;-82.4523239135742;0.00150000001303852;-29.0279407501221;
3486;348.6001152;-82.4606704711914;0.00139999995008111;-29.0364036560059;
3487;348.700016639999;-82.4635391235352;0.00150000001303852;-29.0446376800537;
3488;348.80004096;-82.4664916992188;0.00139999995008111;-29.0529708862305;
3489;348.90006528;-82.470344543457;0.00130000000353903;-29.0610904693604;
3490;349.000089599999;-82.4727935791016;0.00150000001303852;-29.0694732666016;
3491;349.10011392;-82.4807434082031;0.00139999995008111;-29.07790184021;
3492;349.200015359999;-82.4803161621094;0.00150000001303852;-29.0862503051758;
3493;349.30003968;-82.4900207519531;0.00139999995008111;-29.0949897766113;
3494;349.400063999999;-82.4900970458984;0.00139999995008111;-29.103063583374;
3495;349.50008832;-82.4970397949219;0.00150000001303852;-29.1113624572754;
3496;349.60011264;-82.4874420166016;0.00130000000353903;-29.1191253662109;
3497;349.700014079999;-82.4933471679688;0.00150000001303852;-29.1272945404053;
3498;349.8000384;-82.4949951171875;0.00139999995008111;-29.135383605957;
3499;349.900062719999;-82.5118789672852;0.00150000001303852;-29.144416809082;
3500;350.00008704;-82.5124588012695;0.00150000001303852;-29.1526832580566;
3501;350.10011136;-82.5308303833008;0.00130000000353903;-29.1614551544189;
3502;350.2000128;-82.5315780639648;0.00150000001303852;-29.1698036193848;
3503;350.30003712;-82.5385665893555;0.00130000000353903;-29.1783962249756;
3504;350.400061439999;-82.5292358398438;0.00150000001303852;-29.1860942840576;
3505;350.50008576;-82.5319213867188;0.00139999995008111;-29.1942157745361;
3506;350.600110079999;-82.5362014770508;0.00150000001303852;-29.2025966644287;
3507;350.70001152;-82.5417861938477;0.00139999995008111;-29.2110595703125;
3508;350.80003584;-82.5510635375977;0.00130000000353903;-29.2196197509766;
3509;350.900060159999;-82.5561141967773;0.00150000001303852;-29.2281646728516;
3510;351.00008448;-82.5588836669922;0.00130000000353903;-29.2364635467529;
3511;351.100108799999;-82.5589599609375;0.00150000001303852;-29.2447147369385;
3512;351.20001024;-82.572624206543;0.00139999995008111;-29.2533569335938;
3513;351.300034559999;-82.5615386962891;0.00139999995008111;-29.2609577178955;
3514;351.40005888;-82.5637741088867;0.00150000001303852;-29.2692890167236;
3515;351.5000832;-82.5681076049805;0.00130000000353903;-29.2775573730469;
3516;351.600107519999;-82.5801544189453;0.00150000001303852;-29.2860851287842;
3517;351.70000896;-82.5833435058594;0.00130000000353903;-29.2943515777588;
3518;351.800033279999;-82.5991592407227;0.00150000001303852;-29.303108215332;
3519;351.9000576;-82.5992660522461;0.00139999995008111;-29.3114070892334;
3520;352.00008192;-82.6077728271484;0.00139999995008111;-29.3200988769531;
3521;352.100106239999;-82.599853515625;0.00150000001303852;-29.327730178833;
3522;352.20000768;-82.6010208129883;0.00139999995008111;-29.3361930847168;
3523;352.300031999999;-82.598388671875;0.00150000001303852;-29.344087600708;
3524;352.40005632;-82.6109619140625;0.00139999995008111;-29.3526630401611;
3525;352.500080639999;-82.6156997680664;0.00139999995008111;-29.3609962463379;
3526;352.60010496;-82.622184753418;0.00150000001303852;-29.3694095611572;
3527;352.700006399999;-82.618278503418;0.00130000000353903;-29.3773193359375;
3528;352.80003072;-82.6299209594727;0.00150000001303852;-29.386173248291;
3529;352.90005504;-82.6307220458984;0.00130000000353903;-29.3941631317139;
3530;353.000079359999;-82.6312789916992;0.00139999995008111;-29.4023971557617;
3531;353.10010368;-82.6459503173828;0.00150000001303852;-29.4112033843994;
3532;353.200005119999;-82.6453170776367;0.00130000000353903;-29.4194202423096;
3533;353.30002944;-82.6539001464844;0.00150000001303852;-29.428014755249;
3534;353.40005376;-82.6550445556641;0.00130000000353903;-29.4361839294434;
3535;353.500078079999;-82.6663436889648;0.00150000001303852;-29.444694519043;
3536;353.6001024;-82.6556015014648;0.00139999995008111;-29.4523448944092;
3537;353.700003839999;-82.6655502319336;0.00139999995008111;-29.4608879089355;
3538;353.80002816;-82.664192199707;0.00150000001303852;-29.469123840332;
3539;353.900052479999;-82.6806793212891;0.00130000000353903;-29.4780254364014;
3540;354.0000768;-82.6792678833008;0.00150000001303852;-29.4861793518066;
3541;354.10010112;-82.6896667480469;0.00130000000353903;-29.49485206604;
3542;354.20000256;-82.682243347168;0.00150000001303852;-29.5025997161865;
3543;354.30002688;-82.6890258789063;0.00139999995008111;-29.5111274719238;
3544;354.400051199999;-82.6898727416992;0.00139999995008111;-29.5191173553467;
3545;354.50007552;-82.6916580200195;0.00150000001303852;-29.5274829864502;
3546;354.60009984;-82.696044921875;0.00139999995008111;-29.5357513427734;
3547;354.70000128;-82.7054290771484;0.00139999995008111;-29.5444240570068;
3548;354.8000256;-82.7103500366211;0.00139999995008111;-29.552806854248;
3549;354.900049919999;-82.7161712646484;0.00150000001303852;-29.5612525939941;
3550;355.00007424;-82.7236175537109;0.00139999995008111;-29.5698127746582;
3551;355.100098559999;-82.7285842895508;0.00139999995008111;-29.5780811309814;
3552;355.20012288;-82.732551574707;0.00150000001303852;-29.586332321167;
3553;355.300024319999;-82.7236404418945;0.00139999995008111;-29.5939960479736;
3554;355.40004864;-82.7308731079102;0.00130000000353903;-29.6024913787842;
3555;355.50007296;-82.7342758178711;0.00139999995008111;-29.6106452941895;
3556;355.600097279999;-82.7472534179688;0.00139999995008111;-29.619384765625;
3557;355.7001216;-82.7514495849609;0.00139999995008111;-29.6278476715088;
3558;355.800023039999;-82.7631530761719;0.00139999995008111;-29.6364574432373;
3559;355.90004736;-82.7571716308594;0.00139999995008111;-29.6443977355957;
3560;356.00007168;-82.7692108154297;0.00139999995008111;-29.6531047821045;
3561;356.100095999999;-82.7478637695313;0.00139999995008111;-29.6602668762207;
3562;356.20012032;-82.7589721679688;0.0015999999595806;-29.6688423156738;
3563;356.300021759999;-82.7642135620117;0.00139999995008111;-29.6771430969238;
3564;356.40004608;-82.780029296875;0.00139999995008111;-29.6858825683594;
3565;356.500070399999;-82.7858047485352;0.00139999995008111;-29.694263458252;
3566;356.60009472;-82.7933502197266;0.00150000001303852;-29.702938079834;
3567;356.70011904;-82.7914657592773;0.00139999995008111;-29.7110919952393;
3568;356.800020479999;-82.7986679077148;0.00139999995008111;-29.7194404602051;
3569;356.9000448;-82.8010101318359;0.00150000001303852;-29.7276268005371;
3570;357.000069119999;-82.801383972168;0.00130000000353903;-29.7359580993652;
3571;357.10009344;-82.8056335449219;0.0015999999595806;-29.7444705963135;
3572;357.20011776;-82.8073654174805;0.00130000000353903;-29.7526721954346;
3573;357.3000192;-82.8182678222656;0.00139999995008111;-29.7612819671631;
3574;357.40004352;-82.812255859375;0.00109999999403954;-29.769157409668;
3575;357.500067839999;-82.8239288330078;0.00150000001303852;-29.7777519226074;
3576;357.60009216;-82.8236618041992;0.00120000005699694;-29.7860355377197;
3577;357.700116479999;-82.8276519775391;0.00139999995008111;-29.7945461273193;
3578;357.80001792;-82.8273010253906;0.00120000005699694;-29.8024711608887;
3579;357.900042239999;-82.8357620239258;0.00130000000353903;-29.811243057251;
3580;358.00006656;-82.833869934082;0.00139999995008111;-29.819185256958;
3581;358.10009088;-82.8439178466797;0.00139999995008111;-29.827730178833;
3582;358.200115199999;-82.8447189331055;0.00120000005699694;-29.8358345031738;
3583;358.30001664;-82.8578796386719;0.00130000000353903;-29.8444766998291;
3584;358.400040959999;-82.8557281494141;0.00130000000353903;-29.8524513244629;
3585;358.50006528;-82.8609390258789;0.00130000000353903;-29.8609466552734;
3586;358.6000896;-82.8631973266602;0.00130000000353903;-29.869213104248;
3587;358.700113919999;-82.8665771484375;0.00130000000353903;-29.8776111602783;
3588;358.80001536;-82.8767852783203;0.00139999995008111;-29.8860244750977;
3589;358.900039679999;-82.8778228759766;0.00130000000353903;-29.8945045471191;
3590;359.000064;-82.8786468505859;0.00130000000353903;-29.9025268554688;
3591;359.100088319999;-82.8770751953125;0.00130000000353903;-29.910551071167;
3592;359.20011264;-82.8880310058594;0.00139999995008111;-29.9189643859863;
3593;359.30001408;-82.8786468505859;0.00139999995008111;-29.9267597198486;
3594;359.400038399999;-82.8933486938477;0.00120000005699694;-29.9354343414307;
3595;359.50006272;-82.9011611938477;0.00139999995008111;-29.9440097808838;
3596;359.600087039999;-82.9147796630859;0.00130000000353903;-29.9527988433838;
3597;359.70011136;-82.9148330688477;0.00139999995008111;-29.9611644744873;
3598;359.800012799999;-82.9280166625977;0.00130000000353903;-29.9698047637939;
3599;359.90003712;-82.9204406738281;0.00139999995008111;-29.977632522583;
3600;360.00006144;-82.9221649169922;0.00130000000353903;-29.9859008789063;
3601;360.100085759999;-82.9154663085938;0.00130000000353903;-29.9935493469238;
