R1B2_1,,,R1B2_2,,,R1B2_3,,,R1R2_1,,,R1R2_2,,,R1R2_3,,
Temps,Force,Course_Traverse,Temps,Force,Course_Traverse,Temps,Force,Course_Traverse,Temps,Force,Course_Traverse,Temps,Force,Course_Traverse,Temps,Force,Course_Traverse
sec,N,mm,sec,N,mm,sec,N,mm,sec,N,mm,sec,N,mm,sec,N,mm
0,0.009536743,7.50E-05,0,0.09854635,3.75E-05,0,-0.07311503,3.75E-05,0,0.3306071,3.75E-05,0,0.6612142,8.75E-05,0,0.3560384,7.50E-05
0.01,0.0222524,0.0004125,0.01,0.1303355,0.0003875,0.01,-0.07311503,0.00035,0.01,0.3465017,0.0003625,0.01,0.6612142,0.00055,0.01,0.3814697,0.0004375
0.02,0.06357829,0.0012125,0.02,0.1335144,0.0012125,0.02,-0.07629395,0.001275,0.02,0.3782908,0.00115,0.02,0.6961823,0.001375,0.02,0.4037221,0.0012
0.03,0.1080831,0.00215,0.03,0.1207987,0.0022,0.03,-0.08900961,0.00225,0.03,0.4164378,0.0021125,0.03,0.7470449,0.0022125,0.03,0.4037221,0.002125
0.04,0.1748403,0.003,0.04,0.149409,0.0030375,0.04,-0.04132589,0.0030375,0.04,0.4673004,0.00295,0.04,0.8265178,0.003025,0.04,0.4545847,0.0029875
0.05,0.3210703,0.00385,0.05,0.2924601,0.0038625,0.05,0.1303355,0.0038375,0.05,0.5849202,0.0037625,0.05,0.9886423,0.0038625,0.05,0.6103516,0.003875
0.06,0.5880992,0.004725,0.06,0.5880992,0.0047125,0.06,0.4577637,0.0046625,0.06,0.8424123,0.0046,0.06,1.296997,0.0047375,0.06,0.9028117,0.00475
0.07,0.9791056,0.0056125,0.07,1.0554,0.0055625,0.07,0.9123484,0.0055125,0.07,1.277924,0.005475,0.07,1.751582,0.005625,0.07,1.300176,0.0056375
0.08,1.43369,0.0064875,0.08,1.614889,0.0064125,0.08,1.424154,0.006375,0.08,1.811981,0.0063625,0.08,2.291997,0.0065,0.08,1.767476,0.0065
0.09,1.913706,0.0073625,0.09,2.190272,0.007275,0.09,1.951853,0.007275,0.09,2.384186,0.00725,0.09,2.857844,0.0073625,0.09,2.266566,0.0073375
0.1,2.428691,0.0082,0.1,2.75294,0.0081375,0.1,2.498627,0.00815,0.1,2.959569,0.00815,0.1,3.423691,0.0081875,0.1,2.800624,0.0081875
0.11,2.988179,0.009037499,0.11,3.302892,0.008987499,0.11,3.048579,0.0090125,0.11,3.576279,0.009025,0.11,3.989538,0.009025,0.11,3.379186,0.00905
0.12,3.585815,0.009862499,0.12,3.862381,0.0098375,0.12,3.614426,0.00985,0.12,4.227956,0.009875,0.12,4.555384,0.009862499,0.12,3.989538,0.0099
0.13,4.18663,0.0107125,0.13,4.434586,0.0107,0.13,4.205704,0.0106875,0.13,4.898707,0.0107125,0.13,5.137125,0.0106875,0.13,4.615784,0.0107375
0.14,4.768372,0.01155,0.14,5.025864,0.01155,0.14,4.83195,0.0115125,0.14,5.566279,0.0115375,0.14,5.741119,0.0115375,0.14,5.251566,0.011575
0.15,5.334219,0.0124,0.15,5.626678,0.0123875,0.15,5.474091,0.0123625,0.15,6.227493,0.012375,0.15,6.367365,0.0123875,0.15,5.874634,0.0124125
0.16,5.903244,0.0132375,0.16,6.252924,0.0132125,0.16,6.109873,0.0132,0.16,6.898244,0.0132125,0.16,6.993612,0.013225,0.16,6.469091,0.0132375
0.17,6.465912,0.014075,0.17,6.904602,0.014025,0.17,6.742477,0.0140375,0.17,7.575353,0.01405,0.17,7.610321,0.0140625,0.17,7.076263,0.014075
0.18,7.031759,0.0149125,0.18,7.559458,0.014875,0.18,7.359187,0.0148875,0.18,8.261998,0.0148875,0.18,8.223851,0.0149,0.18,7.718404,0.0148875
0.19,7.591248,0.01575,0.19,8.198421,0.0157125,0.19,7.960002,0.015725,0.19,8.96136,0.015725,0.19,8.862813,0.015725,0.19,8.382797,0.0157125
0.2,8.1412,0.016575,0.2,8.811951,0.0165375,0.2,8.576711,0.0165625,0.2,9.651184,0.0165625,0.2,9.520848,0.01655,0.2,9.059906,0.0165375
0.21,8.665721,0.0174,0.21,9.419124,0.0173875,0.21,9.237926,0.0174,0.21,10.33783,0.0174,0.21,10.17253,0.0173875,0.21,9.727478,0.0173625
0.22,9.145737,0.018225,0.22,10.01994,0.018225,0.22,9.915034,0.018225,0.22,11.0213,0.018225,0.22,10.80513,0.018225,0.22,10.38869,0.0182
0.23,9.562175,0.0190375,0.23,10.63665,0.0190625,0.23,10.56671,0.0190625,0.23,11.7143,0.01905,0.23,11.42502,0.0190625,0.23,11.05626,0.0190375
0.24,9.940465,0.0198875,0.24,11.27879,0.0199,0.24,11.21839,0.019875,0.24,12.41684,0.019875,0.24,12.02583,0.0199,0.24,11.72702,0.019875
0.25,10.30922,0.020725,0.25,11.93682,0.020725,0.25,11.87007,0.0207,0.25,13.12256,0.0206875,0.25,12.58214,0.020725,0.25,12.40412,0.020725
0.26,10.6589,0.0215625,0.26,12.59168,0.02155,0.26,12.52174,0.0215375,0.26,13.82828,0.0215125,0.26,13.10349,0.0215625,0.26,13.08123,0.0215625
0.27,10.95454,0.0224125,0.27,13.24018,0.022375,0.27,13.16706,0.0223625,0.27,14.53082,0.0223375,0.27,13.61211,0.0224,0.27,13.74881,0.0224
0.28,11.20249,0.02325,0.28,13.87596,0.0232,0.28,13.82828,0.0232,0.28,15.20793,0.0231875,0.28,14.12392,0.0232375,0.28,14.41002,0.023225
0.29,11.41866,0.0240875,0.29,14.47995,0.024025,0.29,14.49267,0.0240375,0.29,15.88186,0.024025,0.29,14.60393,0.0240625,0.29,15.08395,0.02405
0.3,11.62211,0.0249125,0.3,15.06805,0.0248625,0.3,15.15706,0.0248875,0.3,16.57804,0.0248625,0.3,15.05852,0.0248875,0.3,15.78013,0.0248875
0.31,11.8192,0.0257375,0.31,15.63708,0.0256875,0.31,15.84053,0.025725,0.31,17.32191,0.0257125,0.31,15.47178,0.0257125,0.31,16.48585,0.025725
0.32,12.00676,0.026575,0.32,16.18385,0.0265375,0.32,16.54625,0.0265625,0.32,18.08802,0.02655,0.32,15.82146,0.0265375,0.32,17.17249,0.02655
0.33,12.18796,0.0274125,0.33,16.71473,0.0273875,0.33,17.25515,0.0274,0.33,18.8605,0.027375,0.33,16.07895,0.0273625,0.33,17.82417,0.0273875
0.34,12.37551,0.0282375,0.34,17.24879,0.028225,0.34,17.95133,0.0282125,0.34,19.6298,0.0282,0.34,16.26968,0.0282,0.34,18.46313,0.028225
0.35,12.53764,0.029075,0.35,17.78921,0.0290625,0.35,18.63798,0.02905,0.35,20.38638,0.02905,0.35,16.44135,0.0290375,0.35,19.12753,0.0290625
0.36,12.65844,0.0299125,0.36,18.29465,0.0298875,0.36,19.29601,0.0298875,0.36,21.13342,0.0298875,0.36,16.63208,0.0298875,0.36,19.82053,0.0299125
0.37,12.73791,0.03075,0.37,18.74606,0.0307,0.37,19.94769,0.030725,0.37,21.86775,0.030725,0.37,16.87686,0.030725,0.37,20.51353,0.0307375
0.38,12.78877,0.0315875,0.38,19.15932,0.0315375,0.38,20.62798,0.0315625,0.38,22.60526,0.0315625,0.38,17.18521,0.0315625,0.38,21.19064,0.03155
0.39,12.83963,0.0324125,0.39,19.58847,0.032375,0.39,21.33051,0.0324,0.39,23.33641,0.0324125,0.39,17.51264,0.0324,0.39,21.87093,0.0323875
0.4,12.90003,0.03325,0.4,20.05259,0.0332125,0.4,22.03306,0.0332375,0.4,24.08028,0.03325,0.4,17.81146,0.0332125,0.4,22.5544,0.0332
0.41,12.96997,0.034075,0.41,20.52943,0.03405,0.41,22.7197,0.0340625,0.41,24.83368,0.034075,0.41,18.07213,0.0340375,0.41,23.23151,0.034025
0.42,13.03037,0.0349,0.42,20.9713,0.0348875,0.42,23.39363,0.0349,0.42,25.58072,0.0349125,0.42,18.32962,0.0348875,0.42,23.91179,0.0348625
0.43,13.07805,0.035725,0.43,21.3623,0.035725,0.43,24.05485,0.035725,0.43,26.34366,0.0357375,0.43,18.61254,0.0357125,0.43,24.6048,0.0357
0.44,13.11302,0.03655,0.44,21.73424,0.03655,0.44,24.71606,0.03655,0.44,27.1066,0.0365625,0.44,18.92726,0.03655,0.44,25.2978,0.03655
0.45,13.14799,0.0373875,0.45,22.12524,0.0373875,0.45,25.37727,0.037375,0.45,27.85365,0.037375,0.45,19.24515,0.0373875,0.45,25.96537,0.0374
0.46,13.16706,0.0382375,0.46,22.51943,0.0382125,0.46,26.0512,0.0382,0.46,28.58162,0.0382,0.46,19.53761,0.038225,0.46,26.61069,0.0382375
0.47,13.17342,0.039075,0.47,22.91361,0.03905,0.47,26.73149,0.039025,0.47,29.28416,0.039025,0.47,19.82689,0.0390625,0.47,27.27826,0.0390625
0.48,13.18932,0.039925,0.48,23.28237,0.039875,0.48,27.41814,0.039875,0.48,29.98988,0.0398625,0.48,20.13524,0.0399,0.48,27.96809,0.0398875
0.49,13.22746,0.0407625,0.49,23.61933,0.0406875,0.49,28.1016,0.0407125,0.49,30.72739,0.0407,0.49,20.48174,0.040725,0.49,28.67699,0.0407125
0.5,13.28468,0.0415875,0.5,23.92769,0.041525,0.5,28.75646,0.041575,0.5,31.5094,0.04155,0.5,20.84732,0.0415625,0.5,29.38271,0.04155
0.51,13.32919,0.0424125,0.51,24.21697,0.0423625,0.51,29.43039,0.0424125,0.51,32.30413,0.0423875,0.51,21.19382,0.042375,0.51,30.1075,0.0423875
0.52,13.36416,0.0432375,0.52,24.484,0.0432,0.52,30.12657,0.0432375,0.52,33.06707,0.0432375,0.52,21.51807,0.0432,0.52,30.83865,0.043225
0.53,13.40548,0.044075,0.53,24.76056,0.04405,0.53,30.83865,0.0440625,0.53,33.78868,0.0440625,0.53,21.82643,0.044025,0.53,31.56026,0.044075
0.54,13.45952,0.0449,0.54,25.09117,0.0449,0.54,31.54119,0.0448875,0.54,34.50076,0.0448875,0.54,22.16975,0.0448625,0.54,32.27234,0.0449125
0.55,13.54535,0.0457375,0.55,25.44403,0.0457375,0.55,32.21194,0.045725,0.55,35.23827,0.0457125,0.55,22.55758,0.0457,0.55,32.97488,0.04575
0.56,13.6439,0.046575,0.56,25.77146,0.0465625,0.56,32.86362,0.04655,0.56,35.99803,0.0465625,0.56,22.96766,0.0465625,0.56,33.65834,0.046575
0.57,13.74245,0.0474125,0.57,26.07346,0.047375,0.57,33.50576,0.0473875,0.57,36.74825,0.0474125,0.57,23.37774,0.0474,0.57,34.3132,0.0474125
0.58,13.83464,0.04825,0.58,26.36909,0.0482125,0.58,34.16379,0.048225,0.58,37.47622,0.0482375,0.58,23.7751,0.0482375,0.58,34.98077,0.0482375
0.59,13.93,0.049075,0.59,26.67109,0.04905,0.59,34.82501,0.0490625,0.59,38.20419,0.0490875,0.59,24.19154,0.0490625,0.59,35.64835,0.04905
0.6,14.01583,0.0499,0.6,26.96355,0.0498875,0.6,35.47668,0.0499,0.6,38.92263,0.049925,0.6,24.63659,0.0498875,0.6,36.31592,0.049875
0.61,14.09213,0.050725,0.61,27.2433,0.050725,0.61,36.1379,0.0507375,0.61,39.6347,0.0507625,0.61,25.10071,0.050725,0.61,36.97713,0.0507
0.62,14.15889,0.0515375,0.62,27.50079,0.0515625,0.62,36.81501,0.0515625,0.62,40.34042,0.0516,0.62,25.55529,0.05155,0.62,37.62245,0.0515375
0.63,14.22882,0.0523625,0.63,27.74557,0.0524,0.63,37.48576,0.052375,0.63,41.06839,0.052425,0.63,25.98763,0.0523875,0.63,38.22327,0.052375
0.64,14.33055,0.0531875,0.64,28.00624,0.053225,0.64,38.13744,0.0532,0.64,41.79637,0.05325,0.64,26.41996,0.053225,0.64,38.73825,0.0532125
0.65,14.48631,0.054025,0.65,28.27644,0.0540625,0.65,38.75415,0.054025,0.65,42.51798,0.0540625,0.65,26.86183,0.0540625,0.65,39.10382,0.0540625
0.66,14.67705,0.0548625,0.66,28.56573,0.0548875,0.66,39.36132,0.05485,0.66,43.26184,0.054875,0.66,27.34184,0.0549,0.66,39.21827,0.0549
0.67,14.88686,0.0557125,0.67,28.86454,0.0557125,0.67,39.97167,0.0556875,0.67,43.99936,0.0557125,0.67,27.84411,0.0557375,0.67,38.97031,0.055725
0.68,15.11256,0.0565625,0.68,29.14747,0.0565375,0.68,40.60745,0.0565125,0.68,44.70189,0.05655,0.68,28.35274,0.0565625,0.68,38.35678,0.05655
0.69,15.34462,0.0574,0.69,29.38906,0.0573625,0.69,41.24959,0.05735,0.69,45.36629,0.0574,0.69,28.86772,0.0573875,0.69,37.54616,0.057375
0.7,15.5735,0.058225,0.7,29.60523,0.0581875,0.7,41.90127,0.0582,0.7,46.04022,0.05825,0.7,29.38906,0.058225,0.7,36.90084,0.0582125
0.71,15.78967,0.0590625,0.71,29.83729,0.059025,0.71,42.56248,0.05905,0.71,46.74276,0.0590875,0.71,29.90405,0.0590375,0.71,36.71328,0.0590375
0.72,16.00266,0.0599,0.72,30.0916,0.0598875,0.72,43.24913,0.0598875,0.72,47.46755,0.0599125,0.72,30.38406,0.059875,0.72,36.98667,0.059875
0.73,16.21564,0.0607375,0.73,30.38406,0.0607375,0.73,43.94213,0.0607125,0.73,48.20506,0.0607375,0.73,30.82275,0.0607,0.73,37.47622,0.0607125
0.74,16.46678,0.061575,0.74,30.73374,0.061575,0.74,44.61606,0.0615375,0.74,48.95528,0.0615625,0.74,31.24237,0.0615375,0.74,37.94988,0.06155
0.75,16.75606,0.0624125,0.75,31.13747,0.0624,0.75,45.26138,0.0623875,0.75,49.70551,0.0623875,0.75,31.68742,0.0623875,0.75,38.31863,0.0623875
0.76,17.04852,0.06325,0.76,31.55708,0.063225,0.76,45.89717,0.063225,0.76,50.44937,0.063225,0.76,32.1579,0.063225,0.76,38.60156,0.063225
0.77,17.32191,0.0641,0.77,31.9767,0.06405,0.77,46.52977,0.0640625,0.77,51.1678,0.06405,0.77,32.62838,0.064075,0.77,38.87494,0.0640625
0.78,17.59847,0.064925,0.78,32.40903,0.0648875,0.78,47.13376,0.0649,0.78,51.83856,0.0648875,0.78,33.0766,0.0649125,0.78,39.20555,0.0648875
0.79,17.88139,0.0657625,0.79,32.86044,0.065725,0.79,47.7314,0.0657375,0.79,52.50613,0.065725,0.79,33.52165,0.0657375,0.79,39.58702,0.0657125
0.8,18.18975,0.0665875,0.8,33.32456,0.06655,0.8,48.364,0.066575,0.8,53.18642,0.06655,0.8,33.98577,0.06655,0.8,39.98756,0.06655
0.81,18.52353,0.0674,0.81,33.79822,0.0673875,0.81,49.04429,0.0674125,0.81,53.88578,0.0673875,0.81,34.45625,0.0673875,0.81,40.39128,0.067375
0.82,18.8605,0.0682375,0.82,34.26234,0.068225,0.82,49.75637,0.0682375,0.82,54.58514,0.0682125,0.82,34.90448,0.068225,0.82,40.79501,0.0682
0.83,19.16885,0.06905,0.83,34.70421,0.0690625,0.83,50.45891,0.0690625,0.83,55.30357,0.06905,0.83,35.33999,0.0690625,0.83,41.22098,0.0690375
0.84,19.4486,0.069875,0.84,35.12383,0.0699,0.84,51.14238,0.0698875,0.84,56.03154,0.0698625,0.84,35.77868,0.0698875,0.84,41.63424,0.0699
0.85,19.71563,0.0707,0.85,35.55298,0.070725,0.85,51.79723,0.0707125,0.85,56.74998,0.0707,0.85,36.22373,0.070725,0.85,42.0316,0.0707375
0.86,20.00173,0.07155,0.86,36.01074,0.07155,0.86,52.45527,0.071525,0.86,57.47159,0.07153749,0.86,36.67196,0.0715625,0.86,42.40672,0.071575
0.87,20.31008,0.0724,0.87,36.49076,0.0723625,0.87,53.12602,0.0723625,0.87,58.19321,0.0723625,0.87,37.11383,0.0724,0.87,42.79137,0.0724125
0.88,20.62798,0.0732375,0.88,36.98031,0.0731875,0.88,53.80948,0.0731875,0.88,58.90528,0.07319999,0.88,37.54298,0.073225,0.88,43.18555,0.0732375
0.89,20.96176,0.0740875,0.89,37.45715,0.0740125,0.89,54.48977,0.0740375,0.89,59.60782,0.07405,0.89,37.99756,0.07405,0.89,43.60517,0.07405
0.9,21.32734,0.0749125,0.9,37.89584,0.0748375,0.9,55.1637,0.074875,0.9,60.31036,0.0749,0.9,38.49665,0.074875,0.9,44.02478,0.0748875
0.91,21.71516,0.0757375,0.91,38.32499,0.075675,0.91,55.82492,0.075725,0.91,61.01291,0.0757375,0.91,39.03707,0.0757,0.91,44.4444,0.07571249
0.92,22.08392,0.0765625,0.92,38.77958,0.0765125,0.92,56.49249,0.0765625,0.92,61.72498,0.0765625,0.92,39.57748,0.076525,0.92,44.84813,0.07655
0.93,22.4177,0.0774125,0.93,39.25959,0.0773625,0.93,57.16324,0.0773875,0.93,62.44659,0.0774,0.93,40.08929,0.07735,0.93,45.24549,0.07737499
0.94,22.72606,0.07825,0.94,39.72371,0.0782125,0.94,57.84352,0.0782125,0.94,63.16821,0.078225,0.94,40.57884,0.078175,0.94,45.65557,0.078225
0.95,23.05349,0.0790875,0.95,40.16558,0.07905,0.95,58.52063,0.07905,0.95,63.86757,0.07905,0.95,41.07475,0.0790125,0.95,46.09108,0.0790625
0.96,23.4127,0.079925,0.96,40.60427,0.079875,0.96,59.17231,0.0799,0.96,64.52879,0.0799,0.96,41.59927,0.0798625,0.96,46.5552,0.07988749
0.97,23.78146,0.080775,0.97,41.06839,0.0807,0.97,59.8367,0.0807375,0.97,65.17092,0.080725,0.97,42.15876,0.0807125,0.97,47.04475,0.080725
0.98,24.14068,0.0816125,0.98,41.55477,0.08154999,0.98,60.53289,0.081575,0.98,65.79717,0.0815625,0.98,42.73097,0.0815625,0.98,47.52795,0.08154999
0.99,24.49989,0.08244999,0.99,42.0475,0.0823875,0.99,61.24814,0.0824125,0.99,66.41706,0.0824,0.99,43.29045,0.0823875,0.99,48.00797,0.0823625
1,24.86865,0.083275,1,42.53387,0.083225,1,61.9634,0.0832625,1,67.04012,0.0832375,1,43.83723,0.0832,1,48.49434,0.0832
1.01,25.2374,0.0841,1.01,43.00435,0.08406249,1.01,62.65958,0.0840875,1.01,67.6314,0.08406249,1.01,44.36811,0.08405,1.01,48.98389,0.084025
1.02,25.60933,0.0849125,1.02,43.44622,0.0849,1.02,63.33987,0.084925,1.02,68.14639,0.0849125,1.02,44.87674,0.0848875,1.02,49.47345,0.0848625
1.03,25.98763,0.0857375,1.03,43.86584,0.0857375,1.03,64.0138,0.08575,1.03,68.57554,0.0857375,1.03,45.38218,0.08572499,1.03,49.963,0.0857
1.04,26.38817,0.0865625,1.04,44.26956,0.086575,1.04,64.69408,0.086575,1.04,68.96973,0.08655,1.04,45.88763,0.0865625,1.04,50.46527,0.08655
1.05,26.81732,0.0874,1.05,44.686,0.0874125,1.05,65.39663,0.08738749,1.05,69.37663,0.087375,1.05,46.40261,0.0874125,1.05,50.97071,0.0874
1.06,27.26873,0.08825,1.06,45.1088,0.08823749,1.06,66.11506,0.0882125,1.06,69.79307,0.0882,1.06,46.94939,0.08825,1.06,51.47934,0.08823749
1.07,27.72649,0.0891,1.07,45.53477,0.08904999,1.07,66.82714,0.0890375,1.07,70.21586,0.089025,1.07,47.52477,0.089075,1.07,51.97525,0.089075
1.08,28.18108,0.0899375,1.08,45.9671,0.089875,1.08,67.50742,0.0898875,1.08,70.66727,0.0898625,1.08,48.10969,0.0899125,1.08,52.47116,0.08989999
1.09,28.63566,0.090775,1.09,46.42169,0.0907,1.09,68.1591,0.0907375,1.09,71.11549,0.0907125,1.09,48.69779,0.0907375,1.09,52.97025,0.090725
1.1,29.09025,0.0916,1.1,46.89217,0.091525,1.1,68.81078,0.091575,1.1,71.55418,0.09156249,1.1,49.27635,0.09155,1.1,53.4757,0.09156249
1.11,29.55119,0.09241249,1.11,47.34675,0.09235,1.11,69.49743,0.09241249,1.11,71.99606,0.0924,1.11,49.8422,0.092375,1.11,53.99068,0.0924
1.12,30.03438,0.0932375,1.12,47.77591,0.0932,1.12,70.21586,0.09325,1.12,72.46017,0.0932375,1.12,50.39215,0.0932,1.12,54.5152,0.09322499
1.13,30.53983,0.09407499,1.13,48.19552,0.09405,1.13,70.92476,0.0940625,1.13,72.94019,0.09407499,1.13,50.94846,0.094025,1.13,55.03972,0.09407499
1.14,31.05164,0.0949,1.14,48.63103,0.0948875,1.14,71.59551,0.094875,1.14,73.40431,0.0949,1.14,51.51113,0.0948625,1.14,55.55789,0.0949125
1.15,31.55072,0.09573749,1.15,49.10151,0.095725,1.15,72.25672,0.095725,1.15,73.83982,0.095725,1.15,52.05154,0.0957125,1.15,56.05698,0.09573749
1.16,32.06253,0.096575,1.16,49.58471,0.09655,1.16,72.93383,0.09655,1.16,74.26897,0.0965625,1.16,52.5856,0.09655,1.16,56.53064,0.096575
1.17,32.57751,0.0974125,1.17,50.06472,0.097375,1.17,73.62048,0.0973875,1.17,74.70766,0.09739999,1.17,53.13556,0.0973875,1.17,56.98204,0.09739999
1.18,33.0925,0.0982375,1.18,50.56063,0.0982,1.18,74.31348,0.098225,1.18,75.16225,0.0982375,1.18,53.71412,0.098225,1.18,57.43027,0.0982125
1.19,33.62338,0.09906249,1.19,51.07562,0.09906249,1.19,75.00648,0.09905,1.19,75.61684,0.099075,1.19,54.31811,0.09905,1.19,57.90075,0.09905
1.2,34.15108,0.0999,1.2,51.58107,0.0999,1.2,75.68678,0.0998875,1.2,76.06188,0.09991249,1.2,54.92846,0.099875,1.2,58.40619,0.099875
1.21,34.67242,0.100725,1.21,52.07698,0.1007375,1.21,76.34481,0.100725,1.21,76.49422,0.10075,1.21,55.53563,0.1007,1.21,58.93707,0.1006875
1.22,35.1874,0.10155,1.22,52.56653,0.1015875,1.22,77.00602,0.10155,1.22,76.92973,0.101575,1.22,56.14281,0.1015625,1.22,59.45206,0.1015125
1.23,35.7151,0.102375,1.23,53.06244,0.102425,1.23,77.68313,0.102375,1.23,77.38432,0.1024,1.23,56.73409,0.1024,1.23,59.93525,0.10235
1.24,36.27777,0.1032125,1.24,53.55199,0.1032625,1.24,78.37931,0.1032,1.24,77.84525,0.103225,1.24,57.30311,0.1032375,1.24,60.41209,0.1032
1.25,36.87541,0.10405,1.25,54.01929,0.1040875,1.25,79.06596,0.1040375,1.25,78.30302,0.1040375,1.25,57.85624,0.1040875,1.25,60.89211,0.1040375
1.26,37.47304,0.1049,1.26,54.47388,0.1049125,1.26,79.72717,0.1048625,1.26,78.74807,0.10485,1.26,58.40619,0.104925,1.26,61.39755,0.1048875
1.27,38.05161,0.10575,1.27,54.92846,0.1057375,1.27,80.39156,0.1056875,1.27,79.18676,0.1057,1.27,58.96568,0.10575,1.27,61.91254,0.1057125
1.28,38.64288,0.1065875,1.28,55.37351,0.10655,1.28,81.06867,0.1065375,1.28,79.64134,0.106525,1.28,59.54107,0.1065875,1.28,62.41798,0.1065625
1.29,39.25323,0.107425,1.29,55.80266,0.107375,1.29,81.78075,0.1073875,1.29,80.11818,0.1073625,1.29,60.1387,0.1074125,1.29,62.91708,0.107375
1.3,39.86995,0.10825,1.3,56.23182,0.1082125,1.3,82.48647,0.1082375,1.3,80.5823,0.1082125,1.3,60.75859,0.10825,1.3,63.43842,0.1082125
1.31,40.50255,0.109075,1.31,56.66415,0.1090625,1.31,83.16994,0.109075,1.31,81.02099,0.1090625,1.31,61.39755,0.1090625,1.31,63.9979,0.1090625
1.32,41.12244,0.1099,1.32,57.11238,0.1099,1.32,83.83433,0.1099,1.32,81.4565,0.1098875,1.32,62.0079,0.109875,1.32,64.56375,0.1099
1.33,41.7455,0.11075,1.33,57.5765,0.1107375,1.33,84.51144,0.110725,1.33,81.91744,0.110725,1.33,62.57375,0.1107125,1.33,65.09781,0.1107375
1.34,42.37811,0.1115875,1.34,58.05333,0.111575,1.34,85.19491,0.11155,1.34,82.407,0.11155,1.34,63.13006,0.11155,1.34,65.60007,0.111575
1.35,43.01707,0.1124125,1.35,58.52699,0.1124125,1.35,85.87202,0.1123875,1.35,82.89655,0.1123875,1.35,63.68955,0.1124,1.35,66.11506,0.112425
1.36,43.63378,0.11325,1.36,59.02608,0.1132375,1.36,86.52369,0.1132375,1.36,83.37021,0.113225,1.36,64.24904,0.11325,1.36,66.65865,0.1132625
1.37,44.24731,0.1140875,1.37,59.51245,0.11405,1.37,87.15311,0.1140625,1.37,83.83115,0.1140625,1.37,64.80535,0.114075,1.37,67.19907,0.1140875
1.38,44.88309,0.114925,1.38,59.96068,0.1148875,1.38,87.79208,0.1149,1.38,84.28892,0.1149,1.38,65.38073,0.1149125,1.38,67.71723,0.1149125
1.39,45.53477,0.11575,1.39,60.40573,0.115725,1.39,88.45329,0.1157375,1.39,84.76575,0.115725,1.39,65.96883,0.1157375,1.39,68.21632,0.115725
1.4,46.1642,0.1165875,1.4,60.87621,0.11655,1.4,89.12405,0.1165625,1.4,85.22987,0.116575,1.4,66.56011,0.1165625,1.4,68.72495,0.11655
1.41,46.77137,0.1174125,1.41,61.35941,0.1173875,1.41,89.79797,0.1174,1.41,85.69082,0.1174125,1.41,67.14503,0.1173875,1.41,69.26537,0.117375
1.42,47.38172,0.118225,1.42,61.83624,0.1182125,1.42,90.4719,0.1182375,1.42,86.17083,0.1182375,1.42,67.72677,0.118225,1.42,69.82803,0.1182
1.43,48.00479,0.11905,1.43,62.28447,0.11905,1.43,91.16173,0.1190625,1.43,86.66992,0.1190625,1.43,68.30215,0.11905,1.43,70.37798,0.11905
1.44,48.64057,0.119875,1.44,62.71998,0.1198875,1.44,91.84202,0.1198875,1.44,87.16901,0.1198875,1.44,68.8521,0.1198875,1.44,70.89933,0.1199
1.45,49.29225,0.1207125,1.45,63.14278,0.1207125,1.45,92.51913,0.1207125,1.45,87.65539,0.1207125,1.45,69.38934,0.1207125,1.45,71.42385,0.1207375
1.46,49.95028,0.1215625,1.46,63.57193,0.1215375,1.46,93.20577,0.121525,1.46,88.13858,0.1215375,1.46,69.92976,0.12155,1.46,71.96426,0.121575
1.47,50.60514,0.1224125,1.47,64.01698,0.122375,1.47,93.90195,0.1223625,1.47,88.62814,0.1223625,1.47,70.48925,0.1223875,1.47,72.50468,0.1224
1.48,51.25682,0.12325,1.48,64.46203,0.1232,1.48,94.56953,0.1232,1.48,89.12086,0.1231875,1.48,71.08053,0.1232125,1.48,73.03556,0.123225
1.49,51.91485,0.1240875,1.49,64.90072,0.124025,1.49,95.19259,0.12405,1.49,89.60088,0.1240375,1.49,71.66544,0.12405,1.49,73.57915,0.12405
1.5,52.56017,0.124925,1.5,65.34576,0.12485,1.5,95.7934,0.1249,1.5,90.06818,0.124875,1.5,72.24718,0.124875,1.5,74.13546,0.1248875
1.51,53.19595,0.12575,1.51,65.80988,0.1257,1.51,96.41012,0.1257375,1.51,90.54819,0.125725,1.51,72.82257,0.1257,1.51,74.67588,0.125725
1.52,53.82856,0.126575,1.52,66.27718,0.12655,1.52,97.05544,0.126575,1.52,91.03457,0.1265625,1.52,73.39796,0.126525,1.52,75.19722,0.12655
1.53,54.48659,0.1274125,1.53,66.72541,0.1274,1.53,97.73254,0.1274,1.53,91.50505,0.1274,1.53,73.9797,0.12735,1.53,75.70902,0.1274
1.54,55.1637,0.12825,1.54,67.18954,0.1282375,1.54,98.41919,0.128225,1.54,91.96917,0.1282125,1.54,74.57098,0.1282,1.54,76.22719,0.128225
1.55,55.85353,0.1290875,1.55,67.6918,0.129075,1.55,99.10583,0.1290625,1.55,92.45237,0.12905,1.55,75.16543,0.12905,1.55,76.75806,0.129075
1.56,56.53064,0.129925,1.56,68.20679,0.1299,1.56,99.7893,0.1299,1.56,92.97053,0.1298875,1.56,75.77261,0.1299,1.56,77.30484,0.1299
1.57,57.17913,0.130775,1.57,68.68998,0.130725,1.57,100.4505,0.130725,1.57,93.48551,0.130725,1.57,76.39567,0.1307375,1.57,77.84525,0.130725
1.58,57.82445,0.1316,1.58,69.15411,0.13155,1.58,101.0958,0.131575,1.58,93.99096,0.1315625,1.58,77.02192,0.1315625,1.58,78.38567,0.13155
1.59,58.48567,0.132425,1.59,69.62141,0.1323875,1.59,101.7475,0.1324125,1.59,94.48051,0.1324,1.59,77.62273,0.1324,1.59,78.93562,0.132375
1.6,59.16913,0.13325,1.6,70.09506,0.133225,1.6,102.4151,0.13325,1.6,94.96371,0.13325,1.6,78.18222,0.133225,1.6,79.49194,0.1332
1.61,59.84942,0.134075,1.61,70.58144,0.1340625,1.61,103.0922,0.134075,1.61,95.44054,0.1340875,1.61,78.7131,0.13405,1.61,80.03553,0.134025
1.62,60.51699,0.1348875,1.62,71.0837,0.1349,1.62,103.7757,0.1349125,1.62,95.92374,0.1349125,1.62,79.23762,0.1348875,1.62,80.54733,0.1348625
1.63,61.16867,0.1357125,1.63,71.61459,0.135725,1.63,104.4369,0.1357375,1.63,96.41329,0.13575,1.63,79.77486,0.135725,1.63,81.04324,0.1357
1.64,61.82671,0.1365375,1.64,72.15182,0.1365625,1.64,105.0822,0.13655,1.64,96.90285,0.1365625,1.64,80.31527,0.1365625,1.64,81.54869,0.13655
1.65,62.49746,0.137375,1.65,72.68587,0.1374,1.65,105.7307,0.137375,1.65,97.40829,0.1373875,1.65,80.84933,0.1374,1.65,82.06686,0.1373875
1.66,63.15867,0.138225,1.66,73.20722,0.138225,1.66,106.3824,0.1381875,1.66,97.92963,0.1382125,1.66,81.39928,0.1382375,1.66,82.59138,0.138225
1.67,63.80081,0.139075,1.67,73.71584,0.13905,1.67,107.0277,0.139025,1.67,98.46052,0.139025,1.67,81.95242,0.139075,1.67,83.09364,0.1390625
1.68,64.43342,0.1399125,1.68,74.21175,0.1398625,1.68,107.6539,0.1398625,1.68,98.99139,0.139875,1.68,82.5119,0.1399,1.68,83.5673,0.1398875
1.69,65.06284,0.1407375,1.69,74.70766,0.1406875,1.69,108.2897,0.1407125,1.69,99.52545,0.140725,1.69,83.07775,0.1407375,1.69,84.05685,0.1407125
1.7,65.72088,0.141575,1.7,75.20358,0.141525,1.7,108.9509,0.1415625,1.7,100.0563,0.1415625,1.7,83.63724,0.14155,1.7,84.56866,0.14155
1.71,66.41706,0.1424,1.71,75.7122,0.1423625,1.71,109.6249,0.1424,1.71,100.5808,0.1424,1.71,84.19037,0.142375,1.71,85.09954,0.1423875
1.72,67.12595,0.143225,1.72,76.2113,0.1432125,1.72,110.267,0.143225,1.72,101.0958,0.1432375,1.72,84.74032,0.1432,1.72,85.6336,0.1432125
1.73,67.81578,0.144075,1.73,76.68813,0.1440625,1.73,110.8932,0.1440625,1.73,101.6172,0.1440625,1.73,85.32206,0.1440375,1.73,86.17083,0.14405
1.74,68.48971,0.1449125,1.74,77.14272,0.1449,1.74,111.5576,0.144875,1.74,102.1576,0.1448875,1.74,85.92287,0.1448625,1.74,86.70489,0.1448875
1.75,69.15411,0.14575,1.75,77.6132,0.1457375,1.75,112.257,0.145725,1.75,102.7139,0.1457,1.75,86.53323,0.1457,1.75,87.22623,0.145725
1.76,69.8026,0.1465875,1.76,78.11864,0.1465625,1.76,112.9373,0.1465625,1.76,103.2607,0.14655,1.76,87.14358,0.1465625,1.76,87.71578,0.1465625
1.77,70.44474,0.147425,1.77,78.64634,0.1473875,1.77,113.5858,0.1474,1.77,103.7947,0.1474,1.77,87.74122,0.1474,1.77,88.18626,0.1474
1.78,71.10914,0.1482625,1.78,79.16769,0.148225,1.78,114.2057,0.1482375,1.78,104.3193,0.148225,1.78,88.32296,0.1482375,1.78,88.65038,0.148225
1.79,71.79896,0.1490875,1.79,79.67313,0.14905,1.79,114.8224,0.1490625,1.79,104.8565,0.1490625,1.79,88.90788,0.1490625,1.79,89.13358,0.14905
1.8,72.46971,0.1499125,1.8,80.15951,0.1499,1.8,115.4582,0.1499125,1.8,105.416,0.1499,1.8,89.51823,0.1499,1.8,89.63585,0.149875
1.81,73.12139,0.1507375,1.81,80.63634,0.1507375,1.81,116.1257,0.1507375,1.81,105.9977,0.1507375,1.81,90.13494,0.150725,1.81,90.1254,0.1507
1.82,73.77625,0.1515625,1.82,81.13226,0.151575,1.82,116.7965,0.151575,1.82,106.5922,0.151575,1.82,90.73576,0.1515625,1.82,90.58952,0.1515375
1.83,74.44382,0.1523875,1.83,81.65359,0.1524125,1.83,117.4641,0.1524,1.83,107.1993,0.1524,1.83,91.31113,0.1524,1.83,91.02503,0.152375
1.84,75.11139,0.1532125,1.84,82.18447,0.1532375,1.84,118.1253,0.153225,1.84,107.8256,0.153225,1.84,91.88652,0.1532375,1.84,91.46372,0.1532125
1.85,75.7885,0.15405,1.85,82.6931,0.154075,1.85,118.7738,0.1540375,1.85,108.4773,0.1540625,1.85,92.46826,0.154075,1.85,91.91195,0.1540625
1.86,76.46561,0.1548875,1.86,83.21444,0.1549,1.86,119.4,0.1548625,1.86,109.148,0.154875,1.86,93.05954,0.1549125,1.86,92.38243,0.1549125
1.87,77.14272,0.155725,1.87,83.74532,0.1557125,1.87,120.0294,0.1556875,1.87,109.8251,0.1557125,1.87,93.64128,0.15575,1.87,92.86245,0.1557375
1.88,77.81982,0.156575,1.88,84.28574,0.1565375,1.88,120.6938,0.156525,1.88,110.5086,0.1565625,1.88,94.21667,0.156575,1.88,93.33292,0.1565625
1.89,78.50647,0.1574125,1.89,84.81026,0.1573625,1.89,121.3646,0.157375,1.89,111.1889,0.1574125,1.89,94.8143,0.1574125,1.89,93.79705,0.1573875
1.9,79.19312,0.15825,1.9,85.3316,0.1581875,1.9,122.0258,0.158225,1.9,111.866,0.15825,1.9,95.42783,0.158225,1.9,94.28342,0.158225
1.91,79.88612,0.159075,1.91,85.86248,0.159025,1.91,122.6679,0.1590625,1.91,112.5526,0.1590875,1.91,96.035,0.1590375,1.91,94.77615,0.15905
1.92,80.56641,0.1599,1.92,86.40289,0.1598625,1.92,123.3133,0.1599,1.92,113.2679,0.159925,1.92,96.60085,0.1598625,1.92,95.24345,0.1598875
1.93,81.24033,0.1607375,1.93,86.92106,0.1607125,1.93,123.9649,0.160725,1.93,113.999,0.16075,1.93,97.12219,0.1606875,1.93,95.68214,0.160725
1.94,81.90473,0.161575,1.94,87.43286,0.16155,1.94,124.6166,0.16155,1.94,114.7429,0.161575,1.94,97.63082,0.161525,1.94,96.12083,0.1615625
1.95,82.59773,0.1624125,1.95,87.96374,0.1623875,1.95,125.2556,0.1624,1.95,115.4582,0.1624,1.95,98.17759,0.1623625,1.95,96.59449,0.1624125
1.96,83.31617,0.1632625,1.96,88.50416,0.1632125,1.96,125.8755,0.163225,1.96,116.1448,0.1632375,1.96,98.76251,0.1632125,1.96,97.0904,0.1632375
1.97,84.02189,0.1641,1.97,89.06046,0.16405,1.97,126.4827,0.1640625,1.97,116.7965,0.1640625,1.97,99.36333,0.1640625,1.97,97.58631,0.164075
1.98,84.6831,0.1649375,1.98,89.61359,0.1648875,1.98,127.0993,0.1649,1.98,117.445,0.1649,1.98,99.96096,0.1649,1.98,98.05997,0.1648875
1.99,85.30935,0.165775,1.99,90.15401,0.165725,1.99,127.7447,0.16575,1.99,118.1157,0.165725,1.99,100.5363,0.165725,1.99,98.52091,0.1657125
2,85.96738,0.1666,2,90.67535,0.16655,2,128.4122,0.1665875,2,118.8342,0.1665625,2,101.0927,0.16655,2,98.96597,0.1665375
2.01,86.65085,0.167425,2.01,91.19669,0.1673875,2.01,129.0735,0.167425,2.01,119.5717,0.1674,2.01,101.6585,0.167375,2.01,99.41101,0.1673625
2.02,87.33749,0.1682375,2.02,91.73075,0.168225,2.02,129.7251,0.16825,2.02,120.2838,0.1682375,2.02,102.2434,0.168225,2.02,99.87513,0.1682
2.03,88.00188,0.1690625,2.03,92.27753,0.169075,2.03,130.3768,0.169075,2.03,120.9641,0.16905,2.03,102.8283,0.16905,2.03,100.3488,0.16905
2.04,88.65038,0.1698875,2.04,92.82112,0.1699,2.04,131.0221,0.1699,2.04,121.6284,0.1698875,2.04,103.3942,0.1698875,2.04,100.8129,0.1699
2.05,89.29571,0.170725,2.05,93.35836,0.1707375,2.05,131.6547,0.170725,2.05,122.2992,0.1707,2.05,103.9569,0.1707375,2.05,101.2834,0.1707375
2.06,89.95692,0.1715625,2.06,93.89242,0.1715625,2.06,132.2715,0.1715375,2.06,122.9922,0.171525,2.06,104.5227,0.171575,2.06,101.7602,0.171575
2.07,90.63403,0.172425,2.07,94.43283,0.172375,2.07,132.8818,0.1723625,2.07,123.7043,0.17235,2.07,105.0981,0.1724125,2.07,102.2275,0.1724125
2.08,91.32067,0.1732625,2.08,94.97961,0.1732,2.08,133.5049,0.1732125,2.08,124.41,0.1732,2.08,105.6989,0.1732375,2.08,102.698,0.173225
2.09,92.0105,0.1740875,2.09,95.51048,0.174025,2.09,134.1438,0.1740625,2.09,125.0966,0.17405,2.09,106.3251,0.1740625,2.09,103.1748,0.17405
2.1,92.69714,0.1749125,2.1,96.035,0.17485,2.1,134.8019,0.1749125,2.1,125.7706,0.1749,2.1,106.9482,0.1748875,2.1,103.6517,0.1749
2.11,93.3679,0.1757375,2.11,96.55634,0.1756875,2.11,135.4726,0.1757375,2.11,126.4572,0.17575,2.11,107.5427,0.1757125,2.11,104.119,0.175725
2.12,94.03864,0.1765625,2.12,97.08086,0.176525,2.12,136.1497,0.176575,2.12,127.1852,0.176575,2.12,108.1149,0.1765375,2.12,104.5736,0.1765625
2.13,94.72847,0.1774125,2.13,97.62128,0.1773875,2.13,136.8332,0.1774,2.13,127.9163,0.1774125,2.13,108.6744,0.17735,2.13,105.0123,0.1774
2.14,95.4183,0.17825,2.14,98.17759,0.178225,2.14,137.5008,0.1782125,2.14,128.6093,0.1782375,2.14,109.2466,0.1782,2.14,105.4478,0.178225
2.15,96.10494,0.1790875,2.15,98.71801,0.1790625,2.15,138.1366,0.17905,2.15,129.261,0.17905,2.15,109.8251,0.1790375,2.15,105.8801,0.1790625
2.16,96.78205,0.179925,2.16,99.24889,0.1798875,2.16,138.7533,0.1798875,2.16,129.9254,0.1799125,2.16,110.4228,0.1798875,2.16,106.3251,0.1799
2.17,97.46552,0.1807625,2.17,99.76705,0.1807125,2.17,139.3795,0.1807375,2.17,130.6343,0.1807375,2.17,111.014,0.180725,2.17,106.7766,0.180725
2.18,98.15216,0.1816,2.18,100.2884,0.18155,2.18,140.0089,0.1815625,2.18,131.3559,0.1815625,2.18,111.599,0.1815625,2.18,107.2311,0.18155
2.19,98.82291,0.1824375,2.19,100.8256,0.1823875,2.19,140.6352,0.1824125,2.19,132.0648,0.1824125,2.19,112.1902,0.1823875,2.19,107.6984,0.1823625
2.2,99.48412,0.1832625,2.2,101.3851,0.183225,2.2,141.2582,0.18325,2.2,132.761,0.18325,2.2,112.7752,0.1832125,2.2,108.1657,0.1831875
2.21,100.1422,0.1840875,2.21,101.97,0.1840625,2.21,141.8845,0.184075,2.21,133.4476,0.184075,2.21,113.3633,0.18405,2.21,108.6235,0.1840125
2.22,100.8097,0.1849125,2.22,102.5518,0.1849125,2.22,142.5298,0.1849125,2.22,134.1248,0.1849,2.22,113.9418,0.1848875,2.22,109.0844,0.1848375
2.23,101.49,0.1857375,2.23,103.0922,0.18575,2.23,143.191,0.1857375,2.23,134.7955,0.1857375,2.23,114.514,0.185725,2.23,109.539,0.1856875
2.24,102.1735,0.1865625,2.24,103.604,0.1865875,2.24,143.8332,0.1865625,2.24,135.4726,0.18655,2.24,115.0894,0.1865625,2.24,109.9841,0.186525
2.25,102.8442,0.1874125,2.25,104.119,0.1874125,2.25,144.4499,0.1874,2.25,136.1561,0.1873625,2.25,115.6712,0.1874125,2.25,110.4323,0.187375
2.26,103.5277,0.1882625,2.26,104.6499,0.1882375,2.26,145.057,0.1882125,2.26,136.8586,0.1881875,2.26,116.2465,0.18825,2.26,110.9028,0.1882125
2.27,104.2143,0.1891,2.27,105.1935,0.1890625,2.27,145.642,0.18905,2.27,137.5643,0.1890125,2.27,116.8315,0.1890875,2.27,111.386,0.18905
2.28,104.9074,0.1899375,2.28,105.7243,0.189875,2.28,146.2396,0.1899,2.28,138.2669,0.18985,2.28,117.4355,0.1899125,2.28,111.8787,0.1898875
2.29,105.5876,0.190775,2.29,106.2298,0.1907,2.29,146.869,0.19075,2.29,138.944,0.1907,2.29,118.049,0.1907375,2.29,112.3683,0.1907125
2.3,106.2711,0.1916,2.3,106.7352,0.1915375,2.3,147.5271,0.1915875,2.3,139.6116,0.1915375,2.3,118.653,0.1915625,2.3,112.8515,0.1915625
2.31,106.9514,0.192425,2.31,107.2756,0.192375,2.31,148.1819,0.192425,2.31,140.2887,0.192375,2.31,119.2315,0.1923875,2.31,113.341,0.1923875
2.32,107.619,0.19325,2.32,107.8351,0.193225,2.32,148.8304,0.1932625,2.32,140.9912,0.1932125,2.32,119.7974,0.1932125,2.32,113.821,0.193225
2.33,108.2802,0.1940875,2.33,108.3755,0.1940625,2.33,149.4725,0.194075,2.33,141.6969,0.19405,2.33,120.3728,0.1940375,2.33,114.282,0.1940625
2.34,108.9382,0.1949125,2.34,108.881,0.1949,2.34,150.102,0.1949,2.34,142.3931,0.194875,2.34,120.945,0.194875,2.34,114.7302,0.1949125
2.35,109.6026,0.19575,2.35,109.3706,0.1957375,2.35,150.7282,0.1957375,2.35,143.0766,0.195725,2.35,121.5045,0.1957125,2.35,115.1752,0.19575
2.36,110.2924,0.196575,2.36,109.8601,0.1965625,2.36,151.3545,0.196575,2.36,143.7569,0.1965625,2.36,122.0671,0.1965625,2.36,115.6267,0.196575
2.37,110.9886,0.1974125,2.37,110.3655,0.197375,2.37,151.9712,0.1974,2.37,144.4467,0.1973875,2.37,122.633,0.1974,2.37,116.1003,0.1974125
2.38,111.6657,0.19825,2.38,110.8932,0.1982125,2.38,152.5943,0.1982375,2.38,145.1206,0.198225,2.38,123.2147,0.1982375,2.38,116.5803,0.198225
2.39,112.311,0.199075,2.39,111.4114,0.1990625,2.39,153.2046,0.199075,2.39,145.785,0.199075,2.39,123.8155,0.1990625,2.39,117.0603,0.19905
2.4,112.9468,0.1999,2.4,111.9137,0.1999,2.4,153.8213,0.1999,2.4,146.4494,0.1999125,2.4,124.4259,0.1998875,2.4,117.5467,0.199875
2.41,113.6049,0.2007375,2.41,112.3969,0.200725,2.41,154.4285,0.2007375,2.41,147.1329,0.20075,2.41,125.0076,0.2007125,2.41,118.0236,0.2006875
2.42,114.2629,0.20155,2.42,112.8991,0.2015625,2.42,155.0388,0.2015625,2.42,147.8291,0.201575,2.42,125.5512,0.2015625,2.42,118.4813,0.201525
2.43,114.9019,0.202375,2.43,113.4141,0.2024,2.43,155.6587,0.2023875,2.43,148.5221,0.2024125,2.43,126.0821,0.2023875,2.43,118.9391,0.2023625
2.44,115.544,0.2032125,2.44,113.9228,0.2032375,2.44,156.2818,0.2032125,2.44,149.1896,0.2032375,2.44,126.6225,0.203225,2.44,119.4159,0.2032125
2.45,116.1766,0.20405,2.45,114.4218,0.204075,2.45,156.8921,0.2040375,2.45,149.8508,0.20405,2.45,127.1852,0.2040625,2.45,119.8896,0.2040625
2.46,116.8283,0.2049,2.46,114.9241,0.2049,2.46,157.5025,0.2048625,2.46,150.5216,0.204875,2.46,127.7701,0.2049125,2.46,120.3473,0.2049
2.47,117.4959,0.20575,2.47,115.4232,0.2057375,2.47,158.1192,0.2057,2.47,151.1987,0.2057,2.47,128.3709,0.20575,2.47,120.7987,0.205725
2.48,118.1666,0.2066,2.48,115.9382,0.20655,2.48,158.7359,0.2065375,2.48,151.8726,0.2065375,2.48,128.9813,0.2065875,2.48,121.2438,0.20655
2.49,118.8246,0.207425,2.49,116.4595,0.207375,2.49,159.3463,0.2073875,2.49,152.537,0.207375,2.49,129.5884,0.2074125,2.49,121.692,0.207375
2.5,119.47,0.2082625,2.5,116.984,0.2082125,2.5,159.9598,0.2082375,2.5,153.1982,0.208225,2.5,130.1829,0.2082375,2.5,122.153,0.2082125
2.51,120.1057,0.2090875,2.51,117.4959,0.20905,2.51,160.5765,0.2090875,2.51,153.8754,0.2090625,2.51,130.7646,0.20905,2.51,122.6107,0.2090625
2.52,120.7542,0.2099125,2.52,118.0045,0.2099125,2.52,161.1805,0.2099125,2.52,154.5588,0.2099,2.52,131.34,0.209875,2.52,123.0812,0.2099
2.53,121.425,0.2107625,2.53,118.5195,0.21075,2.53,161.7813,0.2107375,2.53,155.2518,0.210725,2.53,131.9122,0.2107125,2.53,123.5517,0.21075
2.54,122.118,0.2115875,2.54,119.0599,0.2115875,2.54,162.379,0.2115625,2.54,155.9321,0.21155,2.54,132.4685,0.21155,2.54,124.0158,0.2115875
2.55,122.8396,0.212425,2.55,119.6003,0.212425,2.55,162.9734,0.2124,2.55,156.6092,0.212375,2.55,133.0121,0.2124125,2.55,124.4863,0.212425
2.56,123.5708,0.2132625,2.56,120.128,0.21325,2.56,163.5774,0.2132375,2.56,157.2863,0.2132125,2.56,133.5843,0.21325,2.56,124.9599,0.2132625
2.57,124.2828,0.2141,2.57,120.6303,0.2140625,2.57,164.1814,0.2140625,2.57,157.9539,0.21405,2.57,134.1756,0.2140875,2.57,125.4209,0.2140875
2.58,124.9345,0.214925,2.58,121.1484,0.2149,2.58,164.7886,0.2149125,2.58,158.6215,0.214875,2.58,134.7669,0.214925,2.58,125.8818,0.2149125
2.59,125.5608,0.2157625,2.59,121.6888,0.2157375,2.59,165.3957,0.21575,2.59,159.2922,0.215725,2.59,135.3423,0.21575,2.59,126.3491,0.2157375
2.6,126.1838,0.2165875,2.6,122.2324,0.2165625,2.6,166.0093,0.216575,2.6,159.9598,0.2165625,2.6,135.924,0.216575,2.6,126.826,0.21655
2.61,126.826,0.2174125,2.61,122.7824,0.2173875,2.61,166.6133,0.2174125,2.61,160.6115,0.2174125,2.61,136.493,0.2174,2.61,127.2964,0.217375
2.62,127.4681,0.218225,2.62,123.3451,0.218225,2.62,167.1982,0.2182375,2.62,161.2536,0.2182375,2.62,137.0652,0.2182375,2.62,127.751,0.2182125
2.63,128.1039,0.21905,2.63,123.9141,0.2190625,2.63,167.7672,0.2190625,2.63,161.9053,0.2190625,2.63,137.6502,0.2190625,2.63,128.2183,0.2190625
2.64,128.7333,0.219875,2.64,124.4863,0.2199,2.64,168.3299,0.2198875,2.64,162.5792,0.2198875,2.64,138.2732,0.2199,2.64,128.7142,0.2199125
2.65,129.3818,0.2207,2.65,125.0426,0.220725,2.65,168.8862,0.2207,2.65,163.2627,0.2207,2.65,138.8995,0.2207375,2.65,129.2133,0.22075
2.66,130.0367,0.22155,2.66,125.583,0.22155,2.66,169.4648,0.221525,2.66,163.9462,0.2215375,2.66,139.5035,0.2215625,2.66,129.6902,0.2215875
2.67,130.6852,0.2223875,2.67,126.0916,0.222375,2.67,170.0783,0.22235,2.67,164.6201,0.2223625,2.67,140.082,0.2224,2.67,130.1638,0.2224125
2.68,131.3305,0.2232375,2.68,126.6034,0.2232,2.68,170.695,0.2231875,2.68,165.294,0.2232,2.68,140.6352,0.223225,2.68,130.6693,0.2232375
2.69,132.014,0.224075,2.69,127.1534,0.224025,2.69,171.2799,0.2240375,2.69,165.9616,0.2240375,2.69,141.1915,0.22405,2.69,131.2001,0.22405
2.7,132.7101,0.2249,2.7,127.7383,0.22485,2.7,171.8553,0.224875,2.7,166.626,0.2248875,2.7,141.7764,0.224875,2.7,131.7151,0.2248875
2.71,133.3809,0.225725,2.71,128.3296,0.2257,2.71,172.4275,0.2257125,2.71,167.284,0.2257375,2.71,142.3899,0.2257,2.71,132.1952,0.225725
2.72,134.0294,0.2265625,2.72,128.8923,0.22655,2.72,172.9933,0.2265625,2.72,167.9357,0.2265625,2.72,143.0066,0.2265375,2.72,132.6497,0.22655
2.73,134.6652,0.2274125,2.73,129.4231,0.2274,2.73,173.5592,0.2273875,2.73,168.581,0.2273875,2.73,143.582,0.2273625,2.73,133.1361,0.2273875
2.74,135.3073,0.22825,2.74,129.9636,0.2282375,2.74,174.16,0.2282,2.74,169.2486,0.2282125,2.74,144.1224,0.2282,2.74,133.6384,0.2282125
2.75,135.9622,0.2290875,2.75,130.5389,0.229075,2.75,174.764,0.2290625,2.75,169.9448,0.22905,2.75,144.647,0.22905,2.75,134.1311,0.22905
2.76,136.6266,0.229925,2.76,131.1239,0.2299,2.76,175.3521,0.2299,2.76,170.6282,0.229875,2.76,145.1683,0.2299,2.76,134.6048,0.2298875
2.77,137.2878,0.2307625,2.77,131.7247,0.230725,2.77,175.9021,0.2307375,2.77,171.2799,0.2307125,2.77,145.7087,0.2307375,2.77,135.0911,0.2307125
2.78,137.9331,0.2316,2.78,132.3318,0.2315625,2.78,176.4584,0.231575,2.78,171.9062,0.23155,2.78,146.2777,0.231575,2.78,135.5902,0.23155
2.79,138.5752,0.2324375,2.79,132.9263,0.2324,2.79,177.0147,0.2324125,2.79,172.526,0.2323875,2.79,146.869,0.2324,2.79,136.0734,0.232375
2.8,139.2206,0.2332625,2.8,133.4985,0.2332375,2.8,177.5901,0.23325,2.8,173.1586,0.233225,2.8,147.4762,0.2332375,2.8,136.5503,0.2332
2.81,139.869,0.2340875,2.81,134.0548,0.234075,2.81,178.175,0.2340875,2.81,173.8103,0.2340625,2.81,148.0929,0.2340625,2.81,137.0239,0.234025
2.82,140.5112,0.2349,2.82,134.6207,0.2349125,2.82,178.7758,0.234925,2.82,174.4715,0.2348875,2.82,148.7096,0.2349125,2.82,137.5039,0.2348625
2.83,141.1502,0.235725,2.83,135.2151,0.23575,2.83,179.3988,0.23575,2.83,175.1232,0.235725,2.83,149.3009,0.2357375,2.83,137.9776,0.2357
2.84,141.7923,0.23655,2.84,135.8382,0.236575,2.84,180.0092,0.2365625,2.84,175.759,0.23655,2.84,149.8604,0.236575,2.84,138.4385,0.23655
2.85,142.4281,0.2373875,2.85,136.4581,0.2374,2.85,180.5909,0.2373875,2.85,176.4107,0.237375,2.85,150.4326,0.2374125,2.85,138.8931,0.2374
2.86,143.0448,0.238225,2.86,137.0907,0.238225,2.86,181.1504,0.2382125,2.86,177.0878,0.2382,2.86,151.0366,0.23825,2.86,139.3477,0.23825
2.87,143.6456,0.239075,2.87,137.7169,0.23905,2.87,181.7004,0.2390375,2.87,177.7713,0.239025,2.87,151.6374,0.239075,2.87,139.8246,0.239075
2.88,144.2496,0.2399125,2.88,138.3336,0.239875,2.88,182.2472,0.239875,2.88,178.4388,0.2398625,2.88,152.216,0.2399125,2.88,140.3014,0.2398875
2.89,144.8695,0.24075,2.89,138.9249,0.2406875,2.89,182.7876,0.2407125,2.89,179.0746,0.2407125,2.89,152.8009,0.2407375,2.89,140.7719,0.2407125
2.9,145.5212,0.241575,2.9,139.5003,0.2415125,2.9,183.328,0.2415625,2.9,179.685,0.2415625,2.9,153.4112,0.2415625,2.9,141.2233,0.2415625
2.91,146.1919,0.2424,2.91,140.082,0.24235,2.91,183.862,0.2424,2.91,180.308,0.2424125,2.91,154.0089,0.242375,2.91,141.662,0.2424
2.92,146.8658,0.243225,2.92,140.6765,0.2431875,2.92,184.4152,0.2432375,2.92,180.9343,0.2432375,2.92,154.5842,0.2432,2.92,142.1165,0.243225
2.93,147.5112,0.244075,2.93,141.3027,0.2440375,2.93,184.981,0.2440625,2.93,181.5605,0.2440625,2.93,155.1533,0.2440125,2.93,142.6125,0.2440625
2.94,148.1374,0.2449,2.94,141.9449,0.244875,2.94,185.5405,0.244875,2.94,182.1963,0.2449,2.94,155.735,0.24485,2.94,143.1306,0.2449
2.95,148.77,0.2457375,2.95,142.5902,0.2457125,2.95,186.0873,0.245725,2.95,182.8416,0.2457125,2.95,156.3104,0.2457,2.95,143.652,0.2457375
2.96,149.4153,0.246575,2.96,143.2387,0.2465375,2.96,186.6277,0.24655,2.96,183.4838,0.2465625,2.96,156.9017,0.2465375,2.96,144.1479,0.246575
2.97,150.0734,0.2474125,2.97,143.8745,0.247375,2.97,187.1967,0.2473875,2.97,184.1195,0.2474,2.97,157.4993,0.2473875,2.97,144.5961,0.2474
2.98,150.7187,0.2482625,2.98,144.5007,0.248225,2.98,187.788,0.248225,2.98,184.7585,0.2482375,2.98,158.0906,0.248225,2.98,145.0221,0.248225
2.99,151.3418,0.2490875,2.99,145.1206,0.2490625,2.99,188.3698,0.2490625,2.99,185.3943,0.249075,2.99,158.6755,0.2490625,2.99,145.4512,0.24905
3,151.9585,0.249925,3,145.7373,0.2498875,3,188.9197,0.2499125,3,186.0301,0.2499125,3,159.2827,0.249875,3,145.909,0.249875
3.01,152.5688,0.2507375,3.01,146.3636,0.2507375,3.01,189.4442,0.2507375,3.01,186.6881,0.2507375,3.01,159.9121,0.2507125,3.01,146.4113,0.2507
3.02,153.1792,0.2515625,3.02,147.0057,0.251575,3.02,189.9656,0.251575,3.02,187.3334,0.2515875,3.02,160.5288,0.2515625,3.02,146.9104,0.251525
3.03,153.7895,0.2523875,3.03,147.6574,0.2524125,3.03,190.4869,0.2524,3.03,187.966,0.2524125,3.03,161.1042,0.2523875,3.03,147.3967,0.252375
3.04,154.4221,0.2532125,3.04,148.325,0.25325,3.04,191.0178,0.253225,3.04,188.57,0.2532375,3.04,161.6573,0.253225,3.04,147.8513,0.253225
3.05,155.0484,0.25405,3.05,148.983,0.2540875,3.05,191.5359,0.2540375,3.05,189.1772,0.25405,3.05,162.2264,0.254075,3.05,148.3059,0.2540625
3.06,155.6492,0.2549,3.06,149.6188,0.2549125,3.06,192.0414,0.254875,3.06,189.8003,0.254875,3.06,162.824,0.254925,3.06,148.7954,0.2549
3.07,156.2373,0.25575,3.07,150.245,0.255725,3.07,192.5532,0.2557,3.07,190.4361,0.2557,3.07,163.428,0.25575,3.07,149.3104,0.2557375
3.08,156.8317,0.2565875,3.08,150.8649,0.25655,3.08,193.119,0.25655,3.08,191.0782,0.25655,3.08,164.0256,0.256575,3.08,149.8318,0.2565625
3.09,157.4485,0.257425,3.09,151.4816,0.2573625,3.09,193.6976,0.2573875,3.09,191.6981,0.2574,3.09,164.6105,0.2574125,3.09,150.334,0.2573875
3.1,158.0842,0.25825,3.1,152.0729,0.2582,3.1,194.2444,0.2582375,3.1,192.3148,0.25825,3.1,165.1923,0.2582375,3.1,150.8395,0.258225
3.11,158.7264,0.2590625,3.11,152.6642,0.259025,3.11,194.7339,0.259075,3.11,192.9251,0.2590875,3.11,165.7645,0.25905,3.11,151.3513,0.2590625
3.12,159.3685,0.2599,3.12,153.2714,0.259875,3.12,195.2235,0.2599125,3.12,193.5418,0.259925,3.12,166.3399,0.2598625,3.12,151.8504,0.2599
3.13,160.0107,0.2607375,3.13,153.8913,0.260725,3.13,195.7385,0.260725,3.13,194.1681,0.26075,3.13,166.8994,0.2606875,3.13,152.3463,0.2607375
3.14,160.6496,0.261575,3.14,154.5079,0.2615625,3.14,196.2693,0.26155,3.14,194.8102,0.261575,3.14,167.4461,0.2615375,3.14,152.8358,0.261575
3.15,161.2759,0.2624125,3.15,155.1247,0.2623875,3.15,196.8066,0.2623875,3.15,195.446,0.2624,3.15,167.9802,0.2623875,3.15,153.3477,0.2624125
3.16,161.883,0.2632375,3.16,155.7414,0.2632125,3.16,197.3311,0.263225,3.16,196.0564,0.2632375,3.16,168.5302,0.263225,3.16,153.8976,0.2632375
3.17,162.4902,0.2640875,3.17,156.3708,0.2640375,3.17,197.8556,0.26405,3.17,196.6349,0.2640625,3.17,169.1087,0.2640625,3.17,154.4635,0.264075
3.18,163.1069,0.2649125,3.18,157.0034,0.264875,3.18,198.3706,0.2648875,3.18,197.1881,0.2649,3.18,169.7032,0.2649,3.18,155.0198,0.2648875
3.19,163.7268,0.26575,3.19,157.6392,0.2657125,3.19,198.8761,0.265725,3.19,197.7698,0.2657375,3.19,170.3135,0.265725,3.19,155.5538,0.2657125
3.2,164.3244,0.266575,3.2,158.2782,0.26655,3.2,199.3879,0.2665625,3.2,198.3865,0.266575,3.2,170.9111,0.26655,3.2,156.0688,0.2665375
3.21,164.903,0.2674,3.21,158.9139,0.2673875,3.21,199.9028,0.2674,3.21,199.0223,0.2674,3.21,171.5024,0.267375,3.21,156.5742,0.2673625
3.22,165.5006,0.268225,3.22,159.5497,0.268225,3.22,200.4083,0.2682375,3.22,199.6485,0.268225,3.22,172.1032,0.268225,3.22,157.0892,0.2681875
3.23,166.1205,0.2690625,3.23,160.1855,0.2690625,3.23,200.8883,0.26905,3.23,200.2748,0.26905,3.23,172.6945,0.26905,3.23,157.6265,0.269025
3.24,166.7595,0.2698875,3.24,160.799,0.2699,3.24,201.3683,0.269875,3.24,200.9074,0.269875,3.24,173.2604,0.2698875,3.24,158.1669,0.269875
3.25,167.3762,0.2707125,3.25,161.3776,0.2707375,3.25,201.8483,0.2707125,3.25,201.5305,0.2707,3.25,173.8199,0.270725,3.25,158.6946,0.270725
3.26,167.9611,0.271575,3.26,161.9498,0.2715625,3.26,202.3379,0.2715375,3.26,202.1313,0.2715125,3.26,174.4175,0.271575,3.26,159.2128,0.2715625
3.27,168.5524,0.272425,3.27,162.5506,0.272375,3.27,202.8211,0.2723625,3.27,202.7257,0.27235,3.27,175.0374,0.2724125,3.27,159.7118,0.2723875
3.28,169.1628,0.2732625,3.28,163.1768,0.2732,3.28,203.317,0.2732125,3.28,203.3234,0.2731875,3.28,175.6287,0.2732375,3.28,160.2109,0.273225
3.29,169.7985,0.2741,3.29,163.8095,0.274025,3.29,203.8129,0.2740625,3.29,203.9019,0.2740375,3.29,176.1913,0.2740625,3.29,160.7354,0.2740375
3.3,170.4311,0.274925,3.3,164.4198,0.2748625,3.3,204.3215,0.2749,3.3,204.4741,0.274875,3.3,176.7445,0.2748875,3.3,161.3013,0.2748875
3.31,171.0479,0.27575,3.31,165.0016,0.2757125,3.31,204.827,0.27575,3.31,205.0463,0.275725,3.31,177.3103,0.2757125,3.31,161.8799,0.275725
3.32,171.6582,0.276575,3.32,165.5706,0.2765375,3.32,205.3229,0.276575,3.32,205.6344,0.2765625,3.32,177.873,0.2765375,3.32,162.4298,0.2765625
3.33,172.2813,0.2774125,3.33,166.1618,0.2773875,3.33,205.8188,0.2774125,3.33,206.2575,0.2773875,3.33,178.4325,0.277375,3.33,162.9607,0.2774
3.34,172.8916,0.27825,3.34,166.769,0.2782375,3.34,206.3433,0.278225,3.34,206.8996,0.2782125,3.34,178.992,0.2782,3.34,163.5043,0.2782375
3.35,173.4924,0.2790875,3.35,167.3857,0.279075,3.35,206.8742,0.2790625,3.35,207.5164,0.27905,3.35,179.5578,0.27905,3.35,164.0765,0.279075
3.36,174.0932,0.279925,3.36,168.0056,0.2798875,3.36,207.3828,0.2799,3.36,208.0854,0.2799,3.36,180.1141,0.2798875,3.36,164.6423,0.2799125
3.37,174.7163,0.2807625,3.37,168.6287,0.2807,3.37,207.8629,0.2807375,3.37,208.6417,0.2807375,3.37,180.6545,0.280725,3.37,165.1923,0.2807375
3.38,175.3426,0.2816,3.38,169.2486,0.28155,3.38,208.3174,0.281575,3.38,209.2012,0.281575,3.38,181.1918,0.2815625,3.38,165.7327,0.2815625
3.39,175.9561,0.282425,3.39,169.8589,0.2823875,3.39,208.772,0.2824125,3.39,209.7829,0.2824125,3.39,181.7576,0.2824,3.39,166.2827,0.2823875
3.4,176.5474,0.2832625,3.4,170.4661,0.2832125,3.4,209.2234,0.28325,3.4,210.3551,0.28325,3.4,182.3489,0.2832125,3.4,166.8485,0.2832
3.41,177.1386,0.2840875,3.41,171.051,0.28405,3.41,209.6875,0.284075,3.41,210.9241,0.2840875,3.41,182.9402,0.28405,3.41,167.3953,0.284025
3.42,177.7395,0.2849,3.42,171.6296,0.2848875,3.42,210.1676,0.2849125,3.42,211.5059,0.2849125,3.42,183.5187,0.2848875,3.42,167.9198,0.28485
3.43,178.3403,0.285725,3.43,172.1986,0.285725,3.43,210.6667,0.2857375,3.43,212.1035,0.28575,3.43,184.0719,0.285725,3.43,168.4348,0.2857
3.44,178.9284,0.2865625,3.44,172.7835,0.2865625,3.44,211.1689,0.2865625,3.44,212.6789,0.2865625,3.44,184.6059,0.28655,3.44,168.9561,0.28655
3.45,179.4879,0.2874,3.45,173.3971,0.2873875,3.45,211.6521,0.2873875,3.45,213.2479,0.2873875,3.45,185.1368,0.2873875,3.45,169.4902,0.2873875
3.46,180.0378,0.28825,3.46,173.9979,0.2882125,3.46,212.1131,0.2882125,3.46,213.8201,0.2882,3.46,185.6772,0.288225,3.46,170.0306,0.2882375
3.47,180.6005,0.2891,3.47,174.5923,0.28905,3.47,212.5613,0.28905,3.47,214.3955,0.2890375,3.47,186.2335,0.289075,3.47,170.5869,0.2890625
3.48,181.1918,0.28995,3.48,175.1931,0.289875,3.48,213,0.2898875,3.48,214.9296,0.2898625,3.48,186.8026,0.2899,3.48,171.1686,0.2898875
3.49,181.7958,0.2907875,3.49,175.8067,0.2907,3.49,213.4418,0.2907375,3.49,215.4414,0.2907,3.49,187.3652,0.290725,3.49,171.7504,0.2907125
3.5,182.3934,0.2916,3.5,176.4011,0.291525,3.5,213.8805,0.2915875,3.5,215.9818,0.29155,3.5,187.9056,0.29155,3.5,172.3353,0.29155
3.51,182.9751,0.292425,3.51,176.9892,0.2923625,3.51,214.3256,0.292425,3.51,216.5731,0.2923875,3.51,188.4492,0.292375,3.51,172.9266,0.2923875
3.52,183.5505,0.29325,3.52,177.5742,0.2932125,3.52,214.7738,0.2932625,3.52,217.1739,0.2932375,3.52,189.0214,0.2932,3.52,173.5083,0.293225
3.53,184.1259,0.2940875,3.53,178.175,0.2940625,3.53,215.2348,0.2940875,3.53,217.7461,0.2940625,3.53,189.6064,0.294025,3.53,174.0583,0.294075
3.54,184.6917,0.294925,3.54,178.7917,0.2949,3.54,215.6893,0.2949,3.54,218.2897,0.2948875,3.54,190.169,0.2948625,3.54,174.5669,0.2949125
3.55,185.2576,0.2957625,3.55,179.4116,0.2957375,3.55,216.1598,0.2957375,3.55,218.8396,0.295725,3.55,190.6967,0.295725,3.55,175.0851,0.29575
3.56,185.8139,0.2965875,3.56,180.0187,0.2965625,3.56,216.643,0.296575,3.56,219.4023,0.29655,3.56,191.2244,0.296575,3.56,175.6287,0.2965875
3.57,186.3639,0.2974375,3.57,180.61,0.2973875,3.57,217.1135,0.2974,3.57,219.9459,0.2973875,3.57,191.7648,0.2974125,3.57,176.2136,0.2974125
3.58,186.9233,0.2982625,3.58,181.1949,0.2982125,3.58,217.5522,0.2982375,3.58,220.4863,0.298225,3.58,192.3243,0.29825,3.58,176.8176,0.2982375
3.59,187.5019,0.2990875,3.59,181.7862,0.2990625,3.59,217.9877,0.299075,3.59,221.0426,0.2990625,3.59,192.8902,0.299075,3.59,177.4025,0.29905
3.6,188.09,0.2999125,3.6,182.368,0.2999,3.6,218.4105,0.2999125,3.6,221.5989,0.2999125,3.6,193.4306,0.2999,3.6,177.9493,0.2998875
3.61,188.6781,0.3007375,3.61,182.9243,0.300725,3.61,218.8301,0.30075,3.61,222.133,0.30075,3.61,193.9551,0.3007125,3.61,178.4738,0.3007125
3.62,189.244,0.30155,3.62,183.4806,0.301575,3.62,219.2561,0.3015625,3.62,222.6543,0.301575,3.62,194.4828,0.3015625,3.62,179.0078,0.3015375
3.63,189.8003,0.302375,3.63,184.0464,0.3024125,3.63,219.6948,0.3023875,3.63,223.1948,0.3024125,3.63,195.0232,0.3024,3.63,179.58,0.3023875
3.64,190.3534,0.3032,3.64,184.5996,0.3032375,3.64,220.1398,0.3032125,3.64,223.7574,0.3032375,3.64,195.5636,0.3032375,3.64,180.1459,0.303225
3.65,190.8938,0.3040375,3.65,185.1463,0.304075,3.65,220.5944,0.3040375,3.65,224.3074,0.30405,3.65,196.104,0.304075,3.65,180.68,0.304075
3.66,191.4247,0.3048875,3.66,185.6931,0.3049,3.66,221.0426,0.30485,3.66,224.8224,0.304875,3.66,196.654,0.3049125,3.66,181.2077,0.3049
3.67,191.9746,0.305725,3.67,186.259,0.305725,3.67,221.4591,0.3056875,3.67,225.3183,0.3057,3.67,197.2135,0.30575,3.67,181.7481,0.3057375
3.68,192.5468,0.306575,3.68,186.8248,0.30655,3.68,221.8469,0.306525,3.68,225.8269,0.3065375,3.68,197.7952,0.306575,3.68,182.3235,0.3065625
3.69,193.1286,0.3074125,3.69,187.3779,0.307375,3.69,222.2411,0.307375,3.69,226.3514,0.307425,3.69,198.377,0.3074125,3.69,182.8988,0.307375
3.7,193.6976,0.3082375,3.7,187.9501,0.3082,3.7,222.6607,0.308225,3.7,225.1816,0.3083125,3.7,198.9333,0.3082375,3.7,183.4424,0.308225
3.71,194.2635,0.3090625,3.71,188.5509,0.30905,3.71,223.1089,0.3090625,3.71,212.5327,0.3091125,3.71,199.4673,0.30905,3.71,183.9606,0.3090625
3.72,194.8357,0.3099,3.72,189.1613,0.3099,3.72,223.573,0.3098875,3.72,172.2177,0.309925,3.72,199.9887,0.309875,3.72,184.4756,0.3098875
3.73,195.4079,0.31075,3.73,189.7494,0.31075,3.73,224.0181,0.310725,3.73,106.0486,0.3107375,3.73,200.51,0.3107125,3.73,185.016,0.310725
3.74,195.9674,0.3115875,3.74,190.293,0.3115875,3.74,224.4345,0.31155,3.74,43.78001,0.31155,3.74,201.0377,0.31155,3.74,185.55,0.311575
3.75,196.5173,0.312425,3.75,190.8398,0.312425,3.75,224.8319,0.3124,3.75,10.30922,0.312375,3.75,201.5591,0.3124125,3.75,186.0873,0.3124125
3.76,197.0546,0.313275,3.76,191.4056,0.31325,3.76,225.2356,0.3132375,3.76,1.166662,0.3132125,3.76,202.0741,0.31325,3.76,186.6309,0.3132375
3.77,197.5822,0.3141,3.77,191.9746,0.3140625,3.77,225.6552,0.314075,3.77,0.3019969,0.3139,3.77,202.6049,0.3140875,3.77,187.1936,0.3140875
3.78,198.1195,0.3149375,3.78,192.5278,0.3149,3.78,226.0844,0.3149125,3.78,0.2861023,0.3141125,3.78,203.1644,0.314925,3.78,187.7626,0.3149125
3.79,198.6599,0.315775,3.79,193.0587,0.3157375,3.79,226.5231,0.31575,3.79,0.2670288,0.3141875,3.79,203.7525,0.31575,3.79,188.3189,0.315725
3.8,199.2067,0.3166,3.8,193.5927,0.316575,3.8,226.9554,0.3165875,,,,3.8,204.3279,0.316575,3.8,188.8498,0.31655
3.81,199.7503,0.3174125,3.81,194.1586,0.3174,3.81,227.3528,0.317425,,,,3.81,204.8779,0.3174125,3.81,189.3584,0.317375
3.82,200.3002,0.3182375,3.82,194.7308,0.3182375,3.82,227.747,0.31825,,,,3.82,205.3038,0.3183,3.82,189.8702,0.3182125
3.83,200.8406,0.3190625,3.83,195.2712,0.319075,3.83,228.1475,0.3190875,,,,3.83,202.4269,0.319125,3.83,190.4043,0.3190625
3.84,201.3715,0.3198875,3.84,195.7766,0.3199,3.84,228.5385,0.3199,,,,3.84,184.571,0.3199375,3.84,190.951,0.3199125
3.85,201.8833,0.3207125,3.85,196.2916,0.320725,3.85,228.9232,0.3207125,,,,3.85,139.3064,0.32075,3.85,191.4851,0.32075
3.86,202.3729,0.32155,3.86,196.8447,0.32155,3.86,229.2887,0.3215375,,,,3.86,76.92337,0.321575,3.86,192.0255,0.3215875
3.87,202.8561,0.3224,3.87,197.4265,0.322375,3.87,229.6607,0.3223625,,,,3.87,27.43403,0.3224125,3.87,192.5723,0.322425
3.88,203.3774,0.3232375,3.88,197.9923,0.3232,3.88,230.0517,0.3232,,,,3.88,5.474091,0.3232375,3.88,193.1222,0.32325
3.89,203.9337,0.324075,3.89,198.5232,0.324025,3.89,230.4586,0.3240375,,,,3.89,0.7661183,0.3240625,3.89,193.6722,0.3240625
3.9,204.4932,0.3249125,3.9,199.0287,0.32485,3.9,230.875,0.3248875,,,,3.9,0.4323324,0.324625,3.9,194.2348,0.3249
3.91,205.0304,0.3257375,3.91,199.5373,0.3256875,3.91,231.2787,0.325725,,,,3.91,0.3623962,0.324775,3.91,194.7943,0.325725
3.92,205.5613,0.3265625,3.92,200.0936,0.3265375,3.92,231.6825,0.3265625,,,,,,,3.92,195.3347,0.3265625
3.93,206.089,0.3274125,3.93,200.6499,0.327375,3.93,232.0957,0.3273875,,,,,,,3.93,195.8402,0.3274
3.94,206.6167,0.3282375,3.94,201.1903,0.328225,3.94,232.4994,0.3282125,,,,,,,3.94,196.317,0.3282375
3.95,207.1254,0.329075,3.95,201.7244,0.32905,3.95,232.8841,0.3290625,,,,,,,3.95,196.7971,0.329075
3.96,207.6308,0.329925,3.96,202.2616,0.3298875,3.96,233.2592,0.3298875,,,,,,,3.96,197.3057,0.3299
3.97,208.1458,0.3307625,3.97,202.7766,0.3307125,3.97,233.6534,0.330725,,,,,,,3.97,197.8366,0.330725
3.98,208.6767,0.3316,3.98,203.2884,0.33155,3.98,234.0508,0.331575,,,,,,,3.98,198.3674,0.33155
3.99,209.2012,0.3324375,3.99,203.8129,0.3324,3.99,234.4545,0.3324125,,,,,,,3.99,198.8856,0.332375
4,209.7034,0.3332625,4,204.3629,0.3332375,4,234.8582,0.33325,,,,,,,4,199.3974,0.3332
4.01,210.2089,0.3340875,4.01,204.9192,0.334075,4.01,235.2587,0.3340875,,,,,,,4.01,199.906,0.334025
4.02,210.7334,0.3349125,4.02,205.4691,0.3349125,4.02,235.6434,0.334925,,,,,,,4.02,200.4433,0.334875
4.03,211.277,0.335725,4.03,206.0096,0.33575,4.03,236.0153,0.3357375,,,,,,,4.03,200.9869,0.3357125
4.04,211.8079,0.3365625,4.04,206.5341,0.336575,4.04,236.3968,0.336575,,,,,,,4.04,201.5082,0.3365625
4.05,212.3038,0.3373875,4.05,207.0363,0.3374125,4.05,236.7783,0.3373875,,,,,,,4.05,201.9882,0.3374
4.06,212.7775,0.3382375,4.06,207.5291,0.33825,4.06,237.1629,0.3382125,,,,,,,4.06,202.4619,0.3382375
4.07,213.2543,0.3390875,4.07,208.0345,0.3390625,4.07,237.5317,0.3390375,,,,,,,4.07,202.9737,0.339075
4.08,213.728,0.339925,4.08,208.5559,0.339875,4.08,237.8845,0.3398875,,,,,,,4.08,203.5236,0.3399
4.09,214.2143,0.34075,4.09,209.0804,0.3407,4.09,238.2247,0.3407375,,,,,,,4.09,204.0609,0.340725
4.1,214.7134,0.341575,4.1,209.6176,0.341525,4.1,238.5839,0.341575,,,,,,,4.1,204.5536,0.3415625
4.11,215.2189,0.3424,4.11,210.158,0.3423625,4.11,238.9463,0.3424,,,,,,,4.11,205.0495,0.3424125
4.12,215.7243,0.343225,4.12,210.6921,0.3432,4.12,239.3055,0.3432375,,,,,,,4.12,205.5709,0.3432375
4.13,216.2139,0.3440625,4.13,211.1912,0.34405,4.13,239.6679,0.3440625,,,,,,,4.13,206.1113,0.344075
4.14,216.6843,0.3448875,4.14,211.6617,0.3448875,4.14,240.043,0.344875,,,,,,,4.14,206.6358,0.3449125
4.15,217.1389,0.345725,4.15,212.1226,0.345725,4.15,240.4213,0.3457125,,,,,,,4.15,207.1158,0.3457375
4.16,217.5935,0.3465625,4.16,212.6122,0.34655,4.16,240.7837,0.3465375,,,,,,,4.16,207.5704,0.346575
4.17,218.0576,0.3474,4.17,213.1462,0.347375,4.17,241.1238,0.347375,,,,,,,4.17,208.0504,0.3474
4.18,218.5313,0.3482375,4.18,213.6771,0.3482125,4.18,241.4481,0.3482125,,,,,,,4.18,208.5908,0.348225
4.19,219.024,0.3490625,4.19,214.1889,0.34905,4.19,241.785,0.34905,,,,,,,4.19,209.1503,0.34905
4.2,219.5136,0.3499,4.2,214.6848,0.3498875,4.2,242.1379,0.3498875,,,,,,,4.2,209.6812,0.349875
4.21,220.0127,0.350725,4.21,215.168,0.350725,4.21,242.4939,0.350725,,,,,,,4.21,210.1771,0.3506875
4.22,220.5022,0.35155,4.22,215.6385,0.351575,4.22,242.8373,0.3515625,,,,,,,4.22,210.6762,0.3515125
4.23,220.9632,0.3523875,4.23,216.0994,0.3524125,4.23,243.1933,0.3523875,,,,,,,4.23,211.2039,0.35235
4.24,221.4019,0.3532125,4.24,216.5477,0.35325,4.24,243.5589,0.3532,,,,,,,4.24,211.7189,0.3532
4.25,221.8469,0.35405,4.25,217.0181,0.354075,4.25,243.9086,0.3540375,,,,,,,4.25,212.2021,0.3540375
4.26,222.3078,0.3549,4.26,217.5109,0.3549,4.26,244.2392,0.3548625,,,,,,,4.26,212.698,0.354875
4.27,222.772,0.35575,4.27,218.0322,0.355725,4.27,244.5793,0.3557,,,,,,,4.27,213.2034,0.355725
4.28,223.2361,0.3565875,4.28,218.5535,0.35655,4.28,244.929,0.3565375,,,,,,,4.28,213.7025,0.35655
4.29,223.7002,0.357425,4.29,219.0431,0.357375,4.29,245.3009,0.3573875,,,,,,,4.29,214.1984,0.357375
4.3,224.1707,0.35825,4.3,219.5136,0.3582125,4.3,245.6697,0.358225,,,,,,,4.3,214.688,0.358225
4.31,224.6507,0.359075,4.31,219.9618,0.3590375,4.31,246.0194,0.359075,,,,,,,4.31,215.1871,0.3590625
4.32,225.1212,0.3599125,4.32,220.4132,0.3598875,4.32,246.3531,0.3599,,,,,,,4.32,215.7052,0.3599
4.33,225.5535,0.36075,4.33,220.8805,0.3607375,4.33,246.6806,0.3607375,,,,,,,4.33,216.2234,0.3607375
4.34,225.97,0.361575,4.34,221.3605,0.361575,4.34,247.0144,0.3615625,,,,,,,4.34,216.7193,0.361575
4.35,226.4118,0.3624125,4.35,221.8374,0.3624,4.35,247.3418,0.3623875,,,,,,,4.35,217.1898,0.362425
4.36,226.8982,0.36325,4.36,222.3206,0.363225,4.36,247.6692,0.363225,,,,,,,4.36,217.673,0.36325
4.37,227.3877,0.3640875,4.37,222.8228,0.3640375,4.37,248.0094,0.36405,,,,,,,4.37,218.1752,0.3640875
4.38,227.8582,0.364925,4.38,223.3219,0.364875,4.38,248.3622,0.3649,,,,,,,4.38,218.633,0.3649125
4.39,228.3033,0.36575,4.39,223.8019,0.3657125,4.39,248.7119,0.3657375,,,,,,,4.39,219.059,0.365725
4.4,228.742,0.3665875,4.4,224.2502,0.3665375,4.4,249.0361,0.366575,,,,,,,4.4,219.4881,0.3665375
4.41,229.187,0.3674,4.41,224.6666,0.367375,4.41,249.3382,0.3674,,,,,,,4.41,219.9586,0.367375
4.42,229.6321,0.368225,4.42,225.0703,0.3682125,4.42,249.6306,0.3682375,,,,,,,4.42,220.4482,0.3682
4.43,230.0517,0.36905,4.43,225.509,0.36905,4.43,249.9485,0.36905,,,,,,,4.43,220.9409,0.3690375
4.44,230.4586,0.3698875,4.44,225.9827,0.3698875,4.44,250.2728,0.369875,,,,,,,4.44,221.4209,0.3698875
4.45,230.875,0.3707125,4.45,226.4595,0.3707125,4.45,250.5843,0.3707125,,,,,,,4.45,221.8628,0.3707375
4.46,231.2978,0.3715625,4.46,226.9046,0.3715375,4.46,250.8895,0.3715375,,,,,,,4.46,222.2824,0.3715625
4.47,231.7238,0.3724125,4.47,227.3273,0.372375,4.47,251.1819,0.3723625,,,,,,,4.47,222.7306,0.3724
4.48,232.1529,0.3732625,4.48,227.7565,0.3732,4.48,251.4935,0.3732,,,,,,,4.48,223.2297,0.373225
4.49,232.5726,0.3741,4.49,228.1952,0.374025,4.49,251.8145,0.3740625,,,,,,,4.49,223.7701,0.3740375
4.5,232.9763,0.374925,4.5,228.6371,0.3748625,4.5,252.1324,0.3749,,,,,,,4.5,224.2851,0.3748875
4.51,233.3991,0.37575,4.51,229.0821,0.3757,4.51,252.4503,0.37575,,,,,,,4.51,224.7397,0.3757125
4.52,233.8537,0.3765625,4.52,229.5399,0.3765375,4.52,252.7682,0.376575,,,,,,,4.52,225.172,0.37655
4.53,234.3241,0.3774125,4.53,230.0008,0.3773875,4.53,253.0702,0.3774125,,,,,,,4.53,225.6107,0.3773875
4.54,234.7724,0.3782625,4.54,230.4459,0.3782375,4.54,253.3785,0.378225,,,,,,,4.54,226.0653,0.3782375
4.55,235.1824,0.3790875,4.55,230.8941,0.379075,4.55,253.6869,0.3790625,,,,,,,4.55,226.5104,0.379075
4.56,235.583,0.379925,4.56,231.3646,0.3799,4.56,253.9857,0.3799,,,,,,,4.56,226.9491,0.3799
4.57,235.9803,0.380775,4.57,231.8351,0.380725,4.57,254.2782,0.3807375,,,,,,,4.57,227.4132,0.3807375
4.58,236.3809,0.3816125,4.58,232.2769,0.3815625,4.58,254.5706,0.381575,,,,,,,4.58,227.9027,0.3815625
4.59,236.8005,0.3824375,4.59,232.7092,0.3823875,4.59,254.879,0.382425,,,,,,,4.59,228.3828,0.382375
4.6,237.2201,0.3832625,4.6,233.1479,0.3832125,4.6,255.2032,0.3832625,,,,,,,4.6,228.8437,0.3832125
4.61,237.6493,0.3840875,4.61,233.593,0.3840625,4.61,255.5275,0.3840875,,,,,,,4.61,229.3015,0.3840375
4.62,238.0816,0.3849,4.62,234.0221,0.3848875,4.62,255.8549,0.3849125,,,,,,,4.62,229.7465,0.384875
4.63,238.5171,0.385725,4.63,234.429,0.3857375,4.63,256.1569,0.38575,,,,,,,4.63,230.1661,0.3857125
4.64,238.9399,0.38655,4.64,234.8359,0.3865625,4.64,256.4398,0.3865625,,,,,,,4.64,230.5762,0.38655
4.65,239.3564,0.3873875,4.65,235.2492,0.3874,4.65,256.7291,0.3873875,,,,,,,4.65,231.0054,0.3874
4.66,239.7633,0.3882375,4.66,235.6688,0.388225,4.66,257.0311,0.3882,,,,,,,4.66,231.4536,0.3882375
4.67,240.1702,0.389075,4.67,236.1012,0.3890375,4.67,257.3236,0.3890375,,,,,,,4.67,231.9209,0.3890625
4.68,240.5643,0.389925,4.68,236.5367,0.389875,4.68,257.6033,0.3898875,,,,,,,4.68,232.3786,0.3898875
4.69,240.9426,0.3907625,4.69,236.9563,0.3907,4.69,257.864,0.390725,,,,,,,4.69,232.8141,0.3907125
4.7,241.3146,0.3915875,4.7,237.3441,0.391525,4.7,258.1215,0.391575,,,,,,,4.7,233.2242,0.39155
4.71,241.6897,0.3924125,4.71,237.7129,0.3923625,4.71,258.3853,0.3924125,,,,,,,4.71,233.6216,0.3923875
4.72,242.0584,0.3932375,4.72,238.088,0.3932125,4.72,258.6524,0.3932375,,,,,,,4.72,234.0476,0.3932125
4.73,242.4335,0.3940875,4.73,238.4758,0.3940625,4.73,258.9258,0.3940625,,,,,,,4.73,234.4863,0.3940625
4.74,242.815,0.3949125,4.74,238.8859,0.3949,4.74,259.2182,0.3948875,,,,,,,4.74,234.925,0.3948875
4.75,243.2092,0.39575,4.75,239.3055,0.3957375,4.75,259.5234,0.3957375,,,,,,,4.75,235.3509,0.395725
4.76,243.6129,0.3965875,4.76,239.7188,0.396575,4.76,259.819,0.3965625,,,,,,,4.76,235.7833,0.3965625
4.77,244.0294,0.397425,4.77,240.1384,0.3973875,4.77,260.0988,0.3974,,,,,,,4.77,236.2092,0.3974
4.78,244.4426,0.3982625,4.78,240.5643,0.3982125,4.78,260.369,0.3982375,,,,,,,4.78,236.613,0.398225
4.79,244.8368,0.3990875,4.79,240.9871,0.3990625,4.79,260.6519,0.399075,,,,,,,4.79,237.0103,0.39905
4.8,245.2056,0.3999125,4.8,241.3718,0.3999125,4.8,260.9507,0.3999125,,,,,,,4.8,237.4109,0.399875
4.81,245.5807,0.4007375,4.81,241.7247,0.40075,4.81,261.2432,0.4007375,,,,,,,4.81,237.8305,0.4007
4.82,245.9844,0.4015625,4.82,242.0743,0.401575,4.82,261.5261,0.4015625,,,,,,,4.82,238.2596,0.4015375
4.83,246.3977,0.4023875,4.83,242.4526,0.402425,4.83,261.8217,0.4024,,,,,,,4.83,238.6951,0.402375
4.84,246.7918,0.4032125,4.84,242.8627,0.40325,4.84,262.1047,0.403225,,,,,,,4.84,239.1179,0.403225
4.85,247.1669,0.40405,4.85,243.2919,0.404075,4.85,262.3717,0.40405,,,,,,,4.85,239.5376,0.404075
4.86,247.5293,0.4048875,4.86,243.721,0.4049,4.86,262.6292,0.4048625,,,,,,,4.86,239.9604,0.4049125
4.87,247.879,0.4057375,4.87,244.1247,0.405725,4.87,262.8771,0.4057,,,,,,,4.87,240.3609,0.4057375
4.88,248.2255,0.406575,4.88,244.5189,0.40655,4.88,263.1124,0.4065375,,,,,,,4.88,240.7296,0.406575
4.89,248.5911,0.4074125,4.89,244.9036,0.4073625,4.89,263.3667,0.4073875,,,,,,,4.89,241.0889,0.4073875
4.9,248.9599,0.40825,4.9,245.2755,0.4082,4.9,263.6432,0.408225,,,,,,,4.9,241.4672,0.408225
4.91,249.3191,0.409075,4.91,245.6411,0.4090375,4.91,263.9357,0.4090625,,,,,,,4.91,241.8613,0.4090625
4.92,249.6815,0.4099,4.92,245.9971,0.4098875,4.92,264.2314,0.4099,,,,,,,4.92,242.2555,0.4099
4.93,250.0502,0.41075,4.93,246.3659,0.410725,4.93,264.5079,0.410725,,,,,,,4.93,242.6434,0.4107375
4.94,250.4349,0.4115875,4.94,246.7473,0.4115625,4.94,264.7845,0.41155,,,,,,,4.94,243.0344,0.4115875
4.95,250.8036,0.412425,4.95,247.1288,0.4124,4.95,265.0642,0.4124,,,,,,,4.95,243.4158,0.4124125
4.96,251.1565,0.4132625,4.96,247.5135,0.413225,4.96,265.3376,0.4132375,,,,,,,4.96,243.8068,0.41325
4.97,251.4807,0.4141,4.97,247.914,0.41405,4.97,265.6142,0.414075,,,,,,,4.97,244.1947,0.414075
4.98,251.7923,0.4149375,4.98,248.3177,0.4148875,4.98,265.8812,0.4149,,,,,,,4.98,244.5889,0.4149125
4.99,252.1324,0.415775,4.99,248.7024,0.415725,4.99,266.1451,0.41575,,,,,,,4.99,244.964,0.415725
5,252.5012,0.4166,5,249.0552,0.41655,5,266.3962,0.4165875,,,,,,,5,245.3168,0.41655
5.01,252.8826,0.417425,5.01,249.389,0.4174,5.01,266.6696,0.417425,,,,,,,5.01,245.6665,0.417375
5.02,253.2419,0.4182375,5.02,249.7069,0.4182375,5.02,266.9525,0.4182625,,,,,,,5.02,246.0384,0.4182125
5.03,253.582,0.4190625,5.03,250.0343,0.4190625,5.03,267.21,0.4190875,,,,,,,5.03,246.4072,0.419075
5.04,253.919,0.4198875,5.04,250.3872,0.4199,5.04,267.4389,0.4199,,,,,,,5.04,246.7473,0.4199125
5.05,254.2845,0.420725,5.05,250.7782,0.4207375,5.05,267.6551,0.420725,,,,,,,5.05,247.0811,0.4207625
5.06,254.6565,0.4215625,5.06,251.1724,0.4215625,5.06,267.8808,0.4215375,,,,,,,5.06,247.453,0.4215875
5.07,255.0157,0.4224125,5.07,251.5507,0.4223875,5.07,268.1096,0.422375,,,,,,,5.07,247.8631,0.422425
5.08,255.3654,0.42325,5.08,251.9194,0.4232,5.08,268.3385,0.4232125,,,,,,,5.08,248.2669,0.42325
5.09,255.7214,0.4240875,5.09,252.2787,0.424025,5.09,268.5642,0.4240625,,,,,,,5.09,248.6197,0.4240625
5.1,256.087,0.4249125,5.1,252.6156,0.42485,5.1,268.8154,0.4249,,,,,,,5.1,248.9344,0.4249125
5.11,256.4303,0.4257375,5.11,252.9398,0.4256875,5.11,269.0887,0.4257375,,,,,,,5.11,249.2364,0.4257375
5.12,256.4621,0.4266375,5.12,253.2578,0.4265375,5.12,269.378,0.4265625,,,,,,,5.12,249.5607,0.426575
5.13,250.9435,0.4274625,5.13,253.5725,0.4273875,5.13,269.6546,0.4273875,,,,,,,5.13,249.8976,0.4274125
5.14,223.7606,0.4282625,5.14,253.8776,0.428225,5.14,269.9121,0.4282125,,,,,,,5.14,250.2473,0.4282375
5.15,162.1246,0.4290875,5.15,254.1924,0.4290625,5.15,270.1759,0.42905,,,,,,,5.15,250.5907,0.429075
5.16,84.25394,0.429925,5.16,254.5357,0.4298875,5.16,270.443,0.429875,,,,,,,5.16,250.934,0.4299
5.17,27.47854,0.43075,5.17,254.9108,0.4307125,5.17,270.6909,0.430725,,,,,,,5.17,251.2836,0.430725
5.18,4.622141,0.4315875,5.18,255.2923,0.43155,5.18,270.8976,0.4315625,,,,,,,5.18,251.6365,0.43155
5.19,0.3115336,0.4324125,5.19,255.6674,0.4324,5.19,271.0915,0.4323875,,,,,,,5.19,251.9798,0.432375
5.2,0.09536743,0.43325,5.2,256.0202,0.433225,5.2,271.3108,0.4332375,,,,,,,5.2,252.3136,0.4332
5.21,0.06357829,0.434075,5.21,256.354,0.434075,5.21,271.5588,0.434075,,,,,,,5.21,252.6315,0.434025
5.22,0.0445048,0.4349,5.22,256.6719,0.4349125,5.22,271.8131,0.4349,,,,,,,5.22,252.943,0.43485
5.23,0.0222524,0.4357,5.23,257.0057,0.43575,5.23,272.061,0.435725,,,,,,,5.23,253.2578,0.4357
5.24,0.01271566,0.4360375,5.24,257.3395,0.436575,5.24,272.2963,0.43655,,,,,,,5.24,253.5852,0.43655
5.25,-0.003178914,0.4361375,5.25,257.6891,0.4374125,5.25,272.5347,0.4373875,,,,,,,5.25,253.9285,0.4373875
,,,5.26,258.0452,0.43825,5.26,272.7763,0.4382125,,,,,,,5.26,254.2782,0.438225
,,,5.27,258.4108,0.4390625,5.27,273.0052,0.43905,,,,,,,5.27,254.6374,0.4390625
,,,5.28,258.7477,0.439875,5.28,273.2181,0.439875,,,,,,,5.28,254.9902,0.4399
,,,5.29,259.0624,0.4407,5.29,273.4407,0.4407375,,,,,,,5.29,255.3431,0.4407125
,,,5.3,259.3549,0.4415375,5.3,273.6855,0.441575,,,,,,,5.3,255.7087,0.4415625
,,,5.31,259.6537,0.442375,5.31,273.9334,0.4424125,,,,,,,5.31,256.0711,0.4424
,,,5.32,259.9653,0.4432125,5.32,274.1655,0.4432375,,,,,,,5.32,256.4303,0.4432375
,,,5.33,260.2831,0.4440625,5.33,274.4039,0.444075,,,,,,,5.33,256.7895,0.444075
,,,5.34,260.6138,0.4448875,5.34,274.6455,0.4448875,,,,,,,5.34,257.1424,0.4449125
,,,5.35,260.9348,0.445725,5.35,274.8744,0.445725,,,,,,,5.35,257.4666,0.44575
,,,5.36,261.2432,0.44655,5.36,275.081,0.44655,,,,,,,5.36,257.7686,0.4465875
,,,5.37,261.542,0.447375,5.37,275.2876,0.4473875,,,,,,,5.37,258.0674,0.447425
,,,5.38,261.8503,0.4482125,5.38,275.5038,0.448225,,,,,,,5.38,258.379,0.4482375
,,,5.39,262.1778,0.44905,5.39,275.739,0.44905,,,,,,,5.39,258.7096,0.44905
,,,5.4,262.5275,0.449875,5.4,275.9711,0.4498875,,,,,,,5.4,259.0434,0.449875
,,,5.41,262.8644,0.4507125,5.41,276.1809,0.450725,,,,,,,5.41,259.3549,0.4507
,,,5.42,263.1728,0.45155,5.42,276.4034,0.4515625,,,,,,,5.42,259.6569,0.451525
,,,5.43,263.4557,0.4524,5.43,276.6323,0.4523875,,,,,,,5.43,259.9621,0.4523625
,,,5.44,263.7386,0.453225,5.44,276.8548,0.4532125,,,,,,,5.44,260.2831,0.4532125
,,,5.45,264.0279,0.4540625,5.45,277.0646,0.4540375,,,,,,,5.45,260.6138,0.4540625
,,,5.46,264.3267,0.4548875,5.46,277.2617,0.4548625,,,,,,,5.46,260.9316,0.4548875
,,,5.47,264.6478,0.4557125,5.47,277.4588,0.4556875,,,,,,,5.47,261.2432,0.455725
,,,5.48,264.9975,0.4565375,5.48,277.6718,0.4565375,,,,,,,5.48,261.5325,0.45655
,,,5.49,265.3376,0.4573625,5.49,277.8943,0.457375,,,,,,,5.49,261.8154,0.457375
,,,5.5,265.6492,0.4582,5.5,278.1169,0.458225,,,,,,,5.5,262.1142,0.458225
,,,5.51,265.9384,0.4590375,5.51,278.3235,0.459075,,,,,,,5.51,262.4225,0.45905
,,,5.52,266.2214,0.4598875,5.52,278.546,0.4599125,,,,,,,5.52,262.7309,0.4599
,,,5.53,266.4979,0.4607375,5.53,278.7876,0.4607375,,,,,,,5.53,263.0393,0.4607375
,,,5.54,266.7904,0.4615625,5.54,279.0419,0.4615625,,,,,,,5.54,263.3349,0.461575
,,,5.55,267.0892,0.4624125,5.55,279.2835,0.4624,,,,,,,5.55,263.6274,0.4624125
,,,5.56,267.4039,0.463225,5.56,279.4997,0.463225,,,,,,,5.56,263.9516,0.46325
,,,5.57,267.7155,0.46405,5.57,279.6873,0.4640625,,,,,,,5.57,264.2854,0.4640875
,,,5.58,268.0047,0.4648875,5.58,279.8557,0.4649,,,,,,,5.58,264.5938,0.4649
,,,5.59,268.2877,0.4657125,5.59,280.0369,0.4657375,,,,,,,5.59,264.8831,0.465725
,,,5.6,268.5738,0.4665375,5.6,280.2595,0.466575,,,,,,,5.6,265.1691,0.46655
,,,5.61,268.8662,0.467375,5.61,280.4947,0.4674125,,,,,,,5.61,265.4616,0.467375
,,,5.62,269.146,0.4682125,5.62,280.7172,0.4682375,,,,,,,5.62,265.7541,0.4682125
,,,5.63,269.4193,0.46905,5.63,280.9048,0.4690625,,,,,,,5.63,266.037,0.46905
,,,5.64,269.6896,0.4698875,5.64,281.0923,0.469875,,,,,,,5.64,266.3167,0.4699
,,,5.65,269.963,0.4707125,5.65,281.2894,0.4707,,,,,,,5.65,266.5997,0.4707375
,,,5.66,270.2363,0.47155,5.66,281.4929,0.471525,,,,,,,5.66,266.8921,0.4715625
,,,5.67,270.5193,0.472375,5.67,281.6645,0.47235,,,,,,,5.67,267.1655,0.4724
,,,5.68,270.8117,0.4732,5.68,281.8235,0.4731875,,,,,,,5.68,267.423,0.473225
,,,5.69,271.0946,0.474025,5.69,281.9919,0.4740375,,,,,,,5.69,267.6741,0.4740375
,,,5.7,271.3585,0.47485,5.7,282.1922,0.4748875,,,,,,,5.7,267.9443,0.474875
,,,5.71,271.6064,0.4756875,5.71,282.4211,0.475725,,,,,,,5.71,268.2273,0.4757125
,,,5.72,271.8481,0.4765375,5.72,282.6595,0.4765625,,,,,,,5.72,268.5102,0.4765375
,,,5.73,272.096,0.4773875,5.73,282.8948,0.4773875,,,,,,,5.73,268.7804,0.477375
,,,5.74,272.3567,0.4782375,5.74,283.1332,0.4782125,,,,,,,5.74,269.0633,0.4782125
,,,5.75,272.6459,0.4790625,5.75,283.3557,0.4790625,,,,,,,5.75,269.3367,0.47905
,,,5.76,272.9479,0.4798875,5.76,283.5687,0.4799,,,,,,,5.76,269.5751,0.479875
,,,5.77,273.2372,0.4807125,5.77,283.7658,0.4807375,,,,,,,5.77,269.8072,0.480725
,,,5.78,273.5011,0.48155,5.78,283.9374,0.481575,,,,,,,5.78,270.0647,0.48155
,,,5.79,273.7586,0.4823875,5.79,284.1028,0.482425,,,,,,,5.79,270.3317,0.4823625
,,,5.8,274.0161,0.483225,5.8,284.2744,0.4832625,,,,,,,5.8,270.6051,0.4832
,,,5.81,274.2736,0.4840625,5.81,284.4683,0.4840875,,,,,,,5.81,270.8785,0.484025
,,,5.82,274.5469,0.4849,5.82,284.6591,0.484925,,,,,,,5.82,271.1519,0.4848625
,,,5.83,274.8299,0.4857375,5.83,284.8371,0.4857625,,,,,,,5.83,271.403,0.4857
,,,5.84,275.0969,0.486575,5.84,285.0183,0.486575,,,,,,,5.84,271.6414,0.48655
,,,5.85,275.3385,0.4874,5.85,285.2186,0.4874,,,,,,,5.85,271.8925,0.4874
,,,5.86,275.5769,0.488225,5.86,285.4379,0.4882125,,,,,,,5.86,272.1564,0.4882375
,,,5.87,275.828,0.4890375,5.87,285.6477,0.48905,,,,,,,5.87,272.4139,0.4890625
,,,5.88,276.0855,0.4898625,5.88,285.8512,0.4898875,,,,,,,5.88,272.6714,0.4899
,,,5.89,276.3398,0.4906875,5.89,286.0482,0.4907375,,,,,,,5.89,272.9225,0.490725
,,,5.9,276.5815,0.4915125,5.9,286.2263,0.491575,,,,,,,5.9,273.1577,0.4915625
,,,5.91,276.8389,0.49235,5.91,286.3757,0.4924125,,,,,,,5.91,273.3771,0.4923875
,,,5.92,277.1155,0.4931875,5.92,286.5283,0.49325,,,,,,,5.92,273.6219,0.493225
,,,5.93,277.3794,0.4940375,5.93,286.7063,0.494075,,,,,,,5.93,273.908,0.4940625
,,,5.94,277.6114,0.4948875,5.94,286.9066,0.4948875,,,,,,,5.94,274.2163,0.4949
,,,5.95,277.8435,0.4957125,5.95,287.11,0.4957375,,,,,,,5.95,274.5088,0.4957375
,,,5.96,278.0851,0.49655,5.96,287.2849,0.4965625,,,,,,,5.96,274.7663,0.4965625
,,,5.97,278.3298,0.497375,5.97,287.4565,0.4974,,,,,,,5.97,274.9856,0.4974
,,,5.98,278.5619,0.4982125,5.98,287.6441,0.498225,,,,,,,5.98,275.1986,0.498225
,,,5.99,278.8099,0.4990625,5.99,287.8507,0.499075,,,,,,,5.99,275.4243,0.49905
,,,6,279.0674,0.4999,6,288.0637,0.4999125,,,,,,,6,275.6659,0.4998625
,,,6.01,279.328,0.5007375,6.01,288.2513,0.50075,,,,,,,6.01,275.9107,0.5006875
,,,6.02,279.5919,0.501575,6.02,288.4165,0.501575,,,,,,,6.02,276.1555,0.501525
,,,6.03,279.8398,0.502425,6.03,288.585,0.5023875,,,,,,,6.03,276.3939,0.502375
,,,6.04,280.0782,0.50325,6.04,288.7599,0.503225,,,,,,,6.04,276.61,0.503225
,,,6.05,280.3199,0.5040875,6.05,288.9315,0.50405,,,,,,,6.05,276.8326,0.504075
,,,6.06,280.5583,0.504925,6.06,289.0841,0.5048625,,,,,,,6.06,277.071,0.5049125
,,,6.07,280.7744,0.5057375,6.07,289.2144,0.5057,,,,,,,6.07,277.3285,0.5057375
,,,6.08,280.9906,0.5065625,6.08,289.3511,0.5065375,,,,,,,6.08,277.586,0.506575
,,,6.09,281.2227,0.507375,6.09,289.5133,0.5073875,,,,,,,6.09,277.8244,0.5073875
,,,6.1,281.477,0.5082,6.1,289.6913,0.5082375,,,,,,,6.1,278.0247,0.508225
,,,6.11,281.7249,0.50905,6.11,289.882,0.509075,,,,,,,6.11,278.2218,0.509075
,,,6.12,281.9506,0.5099,6.12,290.0791,0.5099,,,,,,,6.12,278.4443,0.5099125
,,,6.13,282.1636,0.5107375,6.13,290.2921,0.510725,,,,,,,6.13,278.6764,0.51075
,,,6.14,282.3861,0.511575,6.14,290.4892,0.5115375,,,,,,,6.14,278.8957,0.5115875
,,,6.15,282.6277,0.5124125,6.15,290.6609,0.512375,,,,,,,6.15,279.096,0.5124125
,,,6.16,282.882,0.5132375,6.16,290.8103,0.513225,,,,,,,6.16,279.309,0.51325
,,,6.17,283.1173,0.51405,6.17,290.9533,0.51405,,,,,,,6.17,279.5378,0.5140875
,,,6.18,283.3366,0.5148875,6.18,291.0995,0.5148875,,,,,,,6.18,279.7477,0.5149
,,,6.19,283.5274,0.515725,6.19,291.2808,0.515725,,,,,,,6.19,279.9352,0.515725
,,,6.2,283.7245,0.51655,6.2,291.4937,0.5165625,,,,,,,6.2,280.1069,0.51655
,,,6.21,283.947,0.5174,6.21,291.6908,0.5174,,,,,,,6.21,280.2944,0.5173625
,,,6.22,284.1981,0.5182375,6.22,291.853,0.5182375,,,,,,,6.22,280.5074,0.5182
,,,6.23,284.4366,0.519075,6.23,291.9833,0.5190625,,,,,,,6.23,280.7426,0.51905
,,,6.24,284.6495,0.5199125,6.24,292.1295,0.519875,,,,,,,6.24,280.9811,0.5198875
,,,6.25,284.8593,0.5207375,6.25,292.2853,0.5207125,,,,,,,6.25,281.1941,0.520725
,,,6.26,285.0882,0.52155,6.26,292.4442,0.5215375,,,,,,,6.26,281.3816,0.521575
,,,6.27,285.3107,0.5223875,6.27,292.5905,0.5223625,,,,,,,6.27,281.5819,0.5224
,,,6.28,285.5174,0.5232125,6.28,292.7367,0.5232,,,,,,,6.28,281.8044,0.5232375
,,,6.29,285.7145,0.524025,6.29,292.8925,0.52405,,,,,,,6.29,282.0269,0.52405
,,,6.3,285.9052,0.5248625,6.3,293.0546,0.5249,,,,,,,6.3,282.2336,0.5249
,,,6.31,286.1086,0.5257,6.31,293.2167,0.5257375,,,,,,,6.31,282.4465,0.525725
,,,6.32,286.3121,0.52655,6.32,293.3979,0.526575,,,,,,,6.32,282.6627,0.5265625
,,,6.33,286.5219,0.5274,6.33,293.6013,0.5274,,,,,,,6.33,282.8661,0.5274
,,,6.34,286.7444,0.5282375,6.34,293.7921,0.528225,,,,,,,6.34,283.041,0.5282375
,,,6.35,286.9669,0.5290625,6.35,293.9637,0.5290625,,,,,,,6.35,283.2095,0.529075
,,,6.36,287.1736,0.5298875,6.36,294.1195,0.5298875,,,,,,,6.36,283.3811,0.5299125
,,,6.37,287.377,0.5307,6.37,294.2562,0.530725,,,,,,,6.37,283.5719,0.530725
,,,6.38,287.5837,0.5315375,6.38,294.3929,0.5315625,,,,,,,6.38,283.7944,0.5315625
,,,6.39,287.8062,0.5323875,6.39,294.5359,0.5324,,,,,,,6.39,284.0233,0.5323875
,,,6.4,288.0287,0.5332125,6.4,294.6917,0.5332375,,,,,,,6.4,284.214,0.5332
,,,6.41,288.2513,0.53405,6.41,294.8475,0.534075,,,,,,,6.41,284.3698,0.534025
,,,6.42,288.4738,0.5348875,6.42,295.0001,0.5349,,,,,,,6.42,284.5128,0.53485
,,,6.43,288.6804,0.535725,6.43,295.1654,0.535725,,,,,,,6.43,284.6781,0.5357
,,,6.44,288.8775,0.5365625,6.44,295.3434,0.5365625,,,,,,,6.44,284.8752,0.5365625
,,,6.45,289.0682,0.5373875,6.45,295.5246,0.537375,,,,,,,6.45,285.0787,0.5374
,,,6.46,289.2621,0.538225,6.46,295.6931,0.5382,,,,,,,6.46,285.2599,0.5382375
,,,6.47,289.4465,0.53905,6.47,295.8393,0.5390375,,,,,,,6.47,285.422,0.5390625
,,,6.48,289.6404,0.539875,6.48,295.9633,0.539875,,,,,,,6.48,285.5746,0.5398875
,,,6.49,289.828,0.5407,6.49,296.1063,0.540725,,,,,,,6.49,285.7495,0.5407125
,,,6.5,290.0092,0.541525,6.5,296.2526,0.541575,,,,,,,6.5,285.9561,0.5415625
,,,6.51,290.1808,0.5423625,6.51,296.3893,0.5424125,,,,,,,6.51,286.1691,0.5424
,,,6.52,290.3557,0.5432,6.52,296.5259,0.54325,,,,,,,6.52,286.3757,0.5432375
,,,6.53,290.5591,0.54405,6.53,296.6658,0.544075,,,,,,,6.53,286.5537,0.544075
,,,6.54,290.7753,0.5449,6.54,296.8089,0.5449,,,,,,,6.54,286.6936,0.5449125
,,,6.55,290.9883,0.5457375,6.55,296.9329,0.545725,,,,,,,6.55,286.8271,0.54575
,,,6.56,291.1917,0.5465625,6.56,297.0695,0.5465625,,,,,,,6.56,286.9765,0.5465875
,,,6.57,291.392,0.547375,6.57,297.2221,0.5473875,,,,,,,6.57,287.1704,0.5474125
,,,6.58,291.5986,0.548225,6.58,297.3747,0.5482375,,,,,,,6.58,287.3929,0.5482375
,,,6.59,291.8084,0.54905,6.59,297.5114,0.549075,,,,,,,6.59,287.59,0.5490625
,,,6.6,292.0087,0.5498875,6.6,297.6481,0.5499,,,,,,,6.6,287.7458,0.549875
,,,6.61,292.1995,0.550725,6.61,297.7943,0.5507375,,,,,,,6.61,287.8984,0.5507125
,,,6.62,292.3965,0.5515625,6.62,297.9501,0.5515625,,,,,,,6.62,288.0637,0.5515375
,,,6.63,292.5905,0.5524,6.63,298.1059,0.5523875,,,,,,,6.63,288.2449,0.552375
,,,6.64,292.7558,0.5532375,6.64,298.2426,0.5532125,,,,,,,6.64,288.4324,0.553225
,,,6.65,292.9084,0.5540625,6.65,298.3697,0.554025,,,,,,,6.65,288.6136,0.5540625
,,,6.66,293.0609,0.5548875,6.66,298.5096,0.5548625,,,,,,,6.66,288.7821,0.5549
,,,6.67,293.2167,0.5557125,6.67,298.6685,0.5556875,,,,,,,6.67,288.9315,0.5557375
,,,6.68,293.382,0.5565375,6.68,298.8148,0.556525,,,,,,,6.68,289.0905,0.55655
,,,6.69,293.5759,0.5573625,6.69,298.9451,0.5573625,,,,,,,6.69,289.2494,0.557375
,,,6.7,293.7826,0.5581875,6.7,299.0659,0.5582125,,,,,,,6.7,289.4274,0.5582125
,,,6.71,293.9637,0.5590375,6.71,299.1867,0.55905,,,,,,,6.71,289.5991,0.55905
,,,6.72,294.1259,0.5598875,6.72,299.3234,0.5598875,,,,,,,6.72,289.7517,0.5598875
,,,6.73,294.2975,0.5607375,6.73,299.476,0.560725,,,,,,,6.73,289.8757,0.560725
,,,6.74,294.4883,0.561575,6.74,299.6381,0.5615375,,,,,,,6.74,290.0187,0.5615625
,,,6.75,294.6663,0.5624125,6.75,299.8098,0.5623875,,,,,,,6.75,290.184,0.5624
,,,6.76,294.8189,0.5632375,6.76,299.9751,0.563225,,,,,,,6.76,290.3461,0.563225
,,,6.77,294.9651,0.56405,6.77,300.1309,0.5640625,,,,,,,6.77,290.4797,0.564075
,,,6.78,295.14,0.5648875,6.78,300.258,0.5649,,,,,,,6.78,290.5941,0.5648875
,,,6.79,295.337,0.565725,6.79,300.3788,0.5657375,,,,,,,6.79,290.7244,0.5657125
,,,6.8,295.5437,0.56655,6.8,300.5123,0.5665875,,,,,,,6.8,290.8834,0.56655
,,,6.81,295.7376,0.5673875,6.81,300.6522,0.5674125,,,,,,,6.81,291.0296,0.567375
,,,6.82,295.9188,0.568225,6.82,300.8143,0.5682375,,,,,,,6.82,291.1599,0.5682
,,,6.83,296.1,0.5690625,6.83,300.986,0.569075,,,,,,,6.83,291.2903,0.56905
,,,6.84,296.2716,0.5699,6.84,301.164,0.5699,,,,,,,6.84,291.4397,0.5699
,,,6.85,296.4496,0.570725,6.85,301.3039,0.5707125,,,,,,,6.85,291.5859,0.5707375
,,,6.86,296.6277,0.57155,6.86,301.4215,0.5715375,,,,,,,6.86,291.7353,0.571575
,,,6.87,296.7866,0.5723625,6.87,301.5327,0.5723625,,,,,,,6.87,291.907,0.5724125
,,,6.88,296.9233,0.5732,6.88,301.6376,0.5732,,,,,,,6.88,292.0914,0.5732375
,,,6.89,297.06,0.574025,6.89,301.733,0.57405,,,,,,,6.89,292.2726,0.57405
,,,6.9,297.2126,0.57485,6.9,301.8379,0.5748875,,,,,,,6.9,292.4474,0.5748875
,,,6.91,297.3747,0.5756875,6.91,301.9873,0.5757375,,,,,,,6.91,292.6095,0.5757125
,,,6.92,297.521,0.576525,6.92,302.1463,0.5765625,,,,,,,6.92,292.7271,0.57655
,,,6.93,297.6608,0.577375,6.93,302.2989,0.5773875,,,,,,,6.93,292.8225,0.5773875
,,,6.94,297.8134,0.5782125,6.94,302.426,0.5782125,,,,,,,6.94,292.9433,0.578225
,,,6.95,297.9946,0.57905,6.95,302.5309,0.57905,,,,,,,6.95,293.0991,0.5790625
,,,6.96,298.1917,0.5798875,6.96,302.6168,0.5799,,,,,,,6.96,293.258,0.5798875
,,,6.97,298.3856,0.5807125,6.97,302.709,0.5807375,,,,,,,6.97,293.3915,0.580725
,,,6.98,298.5668,0.58155,6.98,302.8202,0.581575,,,,,,,6.98,293.5092,0.58155
,,,6.99,298.7544,0.5823875,6.99,302.9474,0.5824125,,,,,,,6.99,293.6204,0.582375
,,,7,298.9292,0.583225,7,303.0872,0.5832625,,,,,,,7,293.7571,0.5832
,,,7.01,299.0913,0.5840625,7.01,303.2398,0.5841,,,,,,,7.01,293.9193,0.584025
,,,7.02,299.2344,0.5849,7.02,303.386,0.584925,,,,,,,7.02,294.0845,0.5848625
,,,7.03,299.3584,0.585775,7.03,303.5068,0.58575,,,,,,,7.03,294.2308,0.5857
,,,7.04,298.0105,0.5866625,7.04,303.6181,0.586575,,,,,,,7.04,294.3675,0.58655
,,,7.05,284.2394,0.587475,7.05,303.7294,0.5874,,,,,,,7.05,294.501,0.5874
,,,7.06,236.6734,0.5882625,7.06,303.8343,0.5882125,,,,,,,7.06,294.6409,0.5882375
,,,7.07,152.4607,0.5890625,7.07,303.9297,0.58905,,,,,,,7.07,294.7776,0.5890625
,,,7.08,66.98927,0.589875,7.08,304.0409,0.5899,,,,,,,7.08,294.9079,0.5899
,,,7.09,17.13753,0.5907,7.09,304.184,0.59075,,,,,,,7.09,295.0446,0.590725
,,,7.1,1.967748,0.5914875,7.1,304.3238,0.5915875,,,,,,,7.1,295.1813,0.59155
,,,7.11,0.1207987,0.5918125,7.11,304.4573,0.592425,,,,,,,7.11,295.3116,0.5924
,,,7.12,0.01271566,0.591925,7.12,304.5718,0.59325,,,,,,,7.12,295.4229,0.593225
,,,,,,7.13,304.6894,0.594075,,,,,,,7.13,295.5309,0.5940625
,,,,,,7.14,304.8007,0.5948875,,,,,,,7.14,295.6359,0.5949125
,,,,,,7.15,304.9119,0.595725,,,,,,,7.15,295.7567,0.5957375
,,,,,,7.16,305.0327,0.5965625,,,,,,,7.16,295.8838,0.596575
,,,,,,7.17,305.1631,0.5973875,,,,,,,7.17,296.0142,0.5974
,,,,,,7.18,305.2934,0.598225,,,,,,,7.18,296.1508,0.598225
,,,,,,7.19,305.4047,0.59905,,,,,,,7.19,296.2939,0.5990375
,,,,,,7.2,305.5032,0.5998875,,,,,,,7.2,296.4179,0.5998625
,,,,,,7.21,305.6017,0.600725,,,,,,,7.21,296.5291,0.6006875
,,,,,,7.22,305.7098,0.60155,,,,,,,7.22,296.6213,0.6015125
,,,,,,7.23,305.8116,0.602375,,,,,,,7.23,296.6976,0.6023625
,,,,,,7.24,305.9165,0.6032,,,,,,,7.24,296.7834,0.6032125
,,,,,,7.25,306.0309,0.6040375,,,,,,,7.25,296.8852,0.60405
,,,,,,7.26,306.1581,0.6048625,,,,,,,7.26,296.9837,0.6048875
,,,,,,7.27,306.2757,0.6057,,,,,,,7.27,297.1045,0.605725
,,,,,,7.28,306.387,0.6065375,,,,,,,7.28,297.2666,0.6065625
,,,,,,7.29,306.5078,0.6073875,,,,,,,7.29,297.4351,0.607375
,,,,,,7.3,306.6381,0.6082375,,,,,,,7.3,297.5909,0.608225
,,,,,,7.31,306.7684,0.609075,,,,,,,7.31,297.7212,0.609075
,,,,,,7.32,306.8956,0.6099,,,,,,,7.32,297.8388,0.6099
,,,,,,7.33,307.0227,0.6107375,,,,,,,7.33,297.9406,0.6107375
,,,,,,7.34,307.1435,0.61155,,,,,,,7.34,298.0359,0.6115875
,,,,,,7.35,307.2548,0.6124,,,,,,,7.35,298.1472,0.612425
,,,,,,7.36,307.3565,0.6132375,,,,,,,7.36,298.268,0.6132625
,,,,,,7.37,307.4519,0.6140625,,,,,,,7.37,298.3983,0.6141
,,,,,,7.38,307.5536,0.6149,,,,,,,7.38,298.535,0.614925
,,,,,,7.39,307.6649,0.6157375,,,,,,,7.39,298.6558,0.6157375
,,,,,,7.4,307.7761,0.6165625,,,,,,,7.4,298.7639,0.6165625
,,,,,,7.41,307.8906,0.6174125,,,,,,,7.41,298.8593,0.617375
,,,,,,7.42,308.0114,0.6182375,,,,,,,7.42,298.9388,0.6182125
,,,,,,7.43,308.129,0.6190625,,,,,,,7.43,299.0055,0.6190625
,,,,,,7.44,308.2434,0.6198875,,,,,,,7.44,299.0595,0.6199
,,,,,,7.45,308.342,0.6207125,,,,,,,7.45,299.1517,0.6207375
,,,,,,7.46,308.4055,0.621525,,,,,,,7.46,299.2789,0.621575
,,,,,,7.47,308.4723,0.6223625,,,,,,,7.47,299.4251,0.6224125
,,,,,,7.48,308.5581,0.6232,,,,,,,7.48,299.5714,0.6232375
,,,,,,7.49,308.6853,0.62405,,,,,,,7.49,299.708,0.62405
,,,,,,7.5,308.822,0.6249,,,,,,,7.5,299.813,0.6249
,,,,,,7.51,308.9587,0.6257375,,,,,,,7.51,299.8893,0.625725
,,,,,,7.52,309.0795,0.626575,,,,,,,7.52,299.9592,0.6265625
,,,,,,7.53,309.178,0.6274,,,,,,,7.53,300.0355,0.6274
,,,,,,7.54,309.2702,0.628225,,,,,,,7.54,300.1213,0.6282375
,,,,,,7.55,309.3719,0.6290625,,,,,,,7.55,300.223,0.629075
,,,,,,7.56,309.4832,0.6299,,,,,,,7.56,300.3502,0.6299125
,,,,,,7.57,309.5786,0.6307375,,,,,,,7.57,300.4901,0.6307375
,,,,,,7.58,309.6549,0.631575,,,,,,,7.58,300.6268,0.63155
,,,,,,7.59,309.7312,0.6324125,,,,,,,7.59,300.7444,0.632375
,,,,,,7.6,309.8297,0.63325,,,,,,,7.6,300.8493,0.6332125
,,,,,,7.61,309.9378,0.634075,,,,,,,7.61,300.9415,0.6340375
,,,,,,7.62,310.0427,0.6349125,,,,,,,7.62,301.0273,0.634875
,,,,,,7.63,310.1444,0.6357375,,,,,,,7.63,301.1227,0.6357125
,,,,,,7.64,310.2462,0.63655,,,,,,,7.64,301.2244,0.6365625
,,,,,,7.65,310.3574,0.637375,,,,,,,7.65,301.3229,0.6374
,,,,,,7.66,310.4623,0.6382,,,,,,,7.66,301.431,0.6382375
,,,,,,7.67,310.5545,0.639025,,,,,,,7.67,301.5359,0.6390625
,,,,,,7.68,310.6403,0.6398625,,,,,,,7.68,301.644,0.6398875
,,,,,,7.69,310.7262,0.6407125,,,,,,,7.69,301.733,0.6407125
,,,,,,7.7,310.8056,0.6415625,,,,,,,7.7,301.8157,0.64155
,,,,,,7.71,310.8978,0.6424,,,,,,,7.71,301.8951,0.6423875
,,,,,,7.72,311.0186,0.643225,,,,,,,7.72,301.9905,0.6432125
,,,,,,7.73,311.1585,0.6440625,,,,,,,7.73,302.1113,0.64405
,,,,,,7.74,311.2952,0.644875,,,,,,,7.74,302.2289,0.6448875
,,,,,,7.75,311.416,0.645725,,,,,,,7.75,302.3243,0.645725
,,,,,,7.76,311.5241,0.6465625,,,,,,,7.76,302.4101,0.6465625
,,,,,,7.77,311.594,0.6473875,,,,,,,7.77,302.5118,0.6474
,,,,,,7.78,311.6544,0.648225,,,,,,,7.78,302.6168,0.648225
,,,,,,7.79,311.7466,0.649075,,,,,,,7.79,302.7185,0.64905
,,,,,,7.8,311.861,0.6499125,,,,,,,7.8,302.8234,0.649875
,,,,,,7.81,311.9723,0.6507375,,,,,,,7.81,302.9219,0.6507
,,,,,,7.82,312.0581,0.6515625,,,,,,,7.82,303.0014,0.651525
,,,,,,7.83,312.1313,0.6524,,,,,,,7.83,303.0523,0.652375
,,,,,,7.84,312.2012,0.653225,,,,,,,7.84,303.1031,0.6532125
,,,,,,7.85,312.3029,0.6540375,,,,,,,7.85,303.1731,0.6540625
,,,,,,7.86,312.4332,0.6548625,,,,,,,7.86,303.2589,0.6549125
,,,,,,7.87,312.554,0.6557,,,,,,,7.87,303.3447,0.6557375
,,,,,,7.88,312.6589,0.6565375,,,,,,,7.88,303.4369,0.6565625
,,,,,,7.89,312.7321,0.657375,,,,,,,7.89,303.5355,0.6573875
,,,,,,7.9,312.7924,0.658225,,,,,,,7.9,303.6436,0.658225
,,,,,,7.91,312.8528,0.6590625,,,,,,,7.91,303.7389,0.65905
,,,,,,7.92,312.9387,0.6599,,,,,,,7.92,303.8247,0.6598875
,,,,,,7.93,313.0277,0.660725,,,,,,,7.93,303.9042,0.660725
,,,,,,7.94,313.1358,0.66155,,,,,,,7.94,304.0027,0.661575
,,,,,,7.95,313.247,0.6623875,,,,,,,7.95,304.0981,0.6624
,,,,,,7.96,313.3456,0.663225,,,,,,,7.96,304.184,0.6632375
,,,,,,7.97,313.4219,0.6640625,,,,,,,7.97,304.2698,0.664075
,,,,,,7.98,313.4823,0.6649,,,,,,,7.98,304.3715,0.6648875
,,,,,,7.99,313.549,0.6657375,,,,,,,7.99,304.4764,0.6657125
,,,,,,8,313.6349,0.6665875,,,,,,,8,304.5623,0.6665375
,,,,,,8.01,313.7366,0.6674125,,,,,,,8.01,304.6481,0.6673625
,,,,,,8.02,313.8479,0.66825,,,,,,,8.02,304.7339,0.6682125
,,,,,,8.03,313.9591,0.669075,,,,,,,8.03,304.8102,0.66905
,,,,,,8.04,314.0609,0.6699,,,,,,,8.04,304.8897,0.6699
,,,,,,8.05,314.1594,0.6707125,,,,,,,8.05,304.9819,0.67075
,,,,,,8.06,314.2516,0.6715375,,,,,,,8.06,305.0677,0.6715875
,,,,,,8.07,314.347,0.6723625,,,,,,,8.07,305.1535,0.6724125
,,,,,,8.08,314.4423,0.6732125,,,,,,,8.08,305.233,0.673225
,,,,,,8.09,314.5154,0.6740625,,,,,,,8.09,305.3093,0.67405
,,,,,,8.1,314.5758,0.6749,,,,,,,8.1,305.3919,0.6749
,,,,,,8.11,314.649,0.6757375,,,,,,,8.11,305.4619,0.675725
,,,,,,8.12,314.7348,0.6765625,,,,,,,8.12,305.5159,0.6765625
,,,,,,8.13,314.827,0.6773875,,,,,,,8.13,305.5573,0.6774
,,,,,,8.14,314.9192,0.6782125,,,,,,,8.14,305.6017,0.6782375
,,,,,,8.15,315.0399,0.67905,,,,,,,8.15,305.659,0.6790625
,,,,,,8.16,315.1671,0.6799,,,,,,,8.16,305.7385,0.6799
,,,,,,8.17,315.2816,0.680725,,,,,,,8.17,305.8306,0.680725
,,,,,,8.18,315.3769,0.6815625,,,,,,,8.18,305.9101,0.68155
,,,,,,8.19,315.4532,0.6824,,,,,,,8.19,305.9832,0.682375
,,,,,,8.2,315.5041,0.6832375,,,,,,,8.2,306.0532,0.6831875
,,,,,,8.21,315.5549,0.684075,,,,,,,8.21,306.1326,0.684025
,,,,,,8.22,315.6217,0.6849125,,,,,,,8.22,306.2089,0.68485
,,,,,,8.23,315.7075,0.6857375,,,,,,,8.23,306.2884,0.6856875
,,,,,,8.24,315.7965,0.6865625,,,,,,,8.24,306.387,0.686525
,,,,,,8.25,315.8919,0.6873875,,,,,,,8.25,306.4728,0.687375
,,,,,,8.26,315.9841,0.6882125,,,,,,,8.26,306.5268,0.6882125
,,,,,,8.27,316.054,0.68905,,,,,,,8.27,306.5681,0.68905
,,,,,,8.28,316.1144,0.6899,,,,,,,8.28,306.6349,0.6898875
,,,,,,8.29,316.1716,0.69075,,,,,,,8.29,306.7335,0.6907125
,,,,,,8.3,316.2416,0.6915875,,,,,,,8.3,306.8447,0.6915625
,,,,,,8.31,316.3083,0.692425,,,,,,,8.31,306.9369,0.6923875
,,,,,,8.32,316.3878,0.69325,,,,,,,8.32,306.9909,0.693225
,,,,,,8.33,316.48,0.6940875,,,,,,,8.33,307.0386,0.6940625
,,,,,,8.34,316.569,0.6949,,,,,,,8.34,307.0895,0.6949125
,,,,,,8.35,316.6612,0.6957375,,,,,,,8.35,307.1499,0.69575
,,,,,,8.36,316.7629,0.696575,,,,,,,8.36,307.2357,0.6965875
,,,,,,8.37,316.8583,0.6974,,,,,,,8.37,307.3343,0.6974125
,,,,,,8.38,316.9187,0.6982375,,,,,,,8.38,307.436,0.698225
,,,,,,8.39,316.9727,0.6990625,,,,,,,8.39,307.5027,0.69905
,,,,,,8.4,317.049,0.6999,,,,,,,8.4,307.5568,0.699875
,,,,,,8.41,317.1444,0.7007375,,,,,,,8.41,307.6331,0.7007
,,,,,,8.42,317.243,0.7015625,,,,,,,8.42,307.7157,0.701525
,,,,,,8.43,317.3224,0.7023875,,,,,,,8.43,307.7857,0.7023625
,,,,,,8.44,317.4051,0.7032125,,,,,,,8.44,307.827,0.703225
,,,,,,8.45,317.4782,0.7040375,,,,,,,8.45,307.862,0.7040625
,,,,,,8.46,317.5386,0.7048625,,,,,,,8.46,307.9128,0.7049
,,,,,,8.47,317.5958,0.7057,,,,,,,8.47,307.9923,0.705725
,,,,,,8.48,317.6657,0.7065375,,,,,,,8.48,308.0845,0.70655
,,,,,,8.49,317.742,0.7073875,,,,,,,8.49,308.1703,0.707375
,,,,,,8.5,317.8374,0.7082375,,,,,,,8.5,308.2562,0.7082125
,,,,,,8.51,317.955,0.7090875,,,,,,,8.51,308.342,0.7090625
,,,,,,8.52,318.0695,0.7099125,,,,,,,8.52,308.4214,0.7099
,,,,,,8.53,318.1553,0.7107375,,,,,,,8.53,308.4914,0.71075
,,,,,,8.54,318.2157,0.7115625,,,,,,,8.54,308.5581,0.7115875
,,,,,,8.55,318.2761,0.7124,,,,,,,8.55,308.6249,0.712425
,,,,,,8.56,318.3492,0.7132375,,,,,,,8.56,308.6853,0.7132625
,,,,,,8.57,318.4033,0.7140625,,,,,,,8.57,308.7457,0.7140875
,,,,,,8.58,318.4478,0.7149125,,,,,,,8.58,308.8156,0.7149125
,,,,,,8.59,318.4954,0.71575,,,,,,,8.59,308.8919,0.7157375
,,,,,,8.6,318.5558,0.7165875,,,,,,,8.6,308.9428,0.7165625
,,,,,,8.61,318.6417,0.7174125,,,,,,,8.61,308.9682,0.7173875
,,,,,,8.62,318.7434,0.71825,,,,,,,8.62,308.9778,0.718225
,,,,,,8.63,318.8483,0.7190625,,,,,,,8.63,309.0191,0.7190625
,,,,,,8.64,318.9278,0.7198875,,,,,,,8.64,309.1081,0.7199125
,,,,,,8.65,318.9786,0.7207125,,,,,,,8.65,309.2098,0.72075
,,,,,,8.66,319.0295,0.721525,,,,,,,8.66,309.2861,0.7215875
,,,,,,8.67,319.0899,0.7223625,,,,,,,8.67,309.3465,0.7224125
,,,,,,8.68,319.1566,0.7232,,,,,,,8.68,309.4387,0.7232375
,,,,,,8.69,319.217,0.7240375,,,,,,,8.69,309.5436,0.72405
,,,,,,8.7,319.2743,0.7248875,,,,,,,8.7,309.6231,0.7249
,,,,,,8.71,319.3347,0.725725,,,,,,,8.71,309.6581,0.725725
,,,,,,8.72,319.4141,0.7265625,,,,,,,8.72,309.6898,0.72655
,,,,,,8.73,319.5095,0.7273875,,,,,,,8.73,309.7502,0.7273875
,,,,,,8.74,319.6049,0.7282125,,,,,,,8.74,309.8297,0.7282125
,,,,,,8.75,319.6907,0.7290625,,,,,,,8.75,309.9155,0.72905
,,,,,,8.76,319.7638,0.7299,,,,,,,8.76,309.9918,0.7298875
,,,,,,8.77,319.8337,0.7307375,,,,,,,8.77,310.0395,0.730725
,,,,,,8.78,319.9037,0.731575,,,,,,,8.78,310.0745,0.73155
,,,,,,8.79,319.9736,0.7324125,,,,,,,8.79,310.1285,0.732375
,,,,,,8.8,320.0309,0.73325,,,,,,,8.8,310.2048,0.7332
,,,,,,8.81,320.0817,0.7340875,,,,,,,8.81,310.2652,0.734025
,,,,,,8.82,320.1453,0.7349125,,,,,,,8.82,310.2906,0.7348625
,,,,,,8.83,320.2279,0.73575,,,,,,,8.83,310.3256,0.7357125
,,,,,,8.84,320.317,0.7365625,,,,,,,8.84,310.386,0.7365625
,,,,,,8.85,320.4028,0.7373875,,,,,,,8.85,310.4591,0.7374125
,,,,,,8.86,320.4791,0.7382125,,,,,,,8.86,310.5291,0.7382375
,,,,,,8.87,320.5363,0.7390375,,,,,,,8.87,310.5831,0.7390625
,,,,,,8.88,320.5776,0.739875,,,,,,,8.88,310.634,0.7399
,,,,,,8.89,320.6317,0.740725,,,,,,,8.89,310.6848,0.7407125
,,,,,,8.9,320.7175,0.7415625,,,,,,,8.9,310.7357,0.74155
,,,,,,8.91,320.8129,0.7424125,,,,,,,8.91,310.8056,0.7423875
,,,,,,8.92,320.9082,0.7432375,,,,,,,8.92,310.8819,0.743225
,,,,,,8.93,320.994,0.7440625,,,,,,,8.93,310.9519,0.7440625
,,,,,,8.94,321.0608,0.744875,,,,,,,8.94,311.0091,0.7449
,,,,,,8.95,321.1021,0.745725,,,,,,,8.95,311.0727,0.7457375
,,,,,,8.96,321.1371,0.74655,,,,,,,8.96,311.1299,0.746575
,,,,,,8.97,321.1912,0.7473875,,,,,,,8.97,311.1712,0.7474
,,,,,,8.98,321.2643,0.748225,,,,,,,8.98,311.1998,0.748225
,,,,,,8.99,321.3342,0.749075,,,,,,,8.99,311.2507,0.74905
,,,,,,9,321.3851,0.7499125,,,,,,,9,311.3365,0.749875
,,,,,,9.01,321.42,0.7507375,,,,,,,9.01,311.4414,0.7506875
,,,,,,9.02,321.4391,0.751575,,,,,,,9.02,311.5336,0.751525
,,,,,,9.03,321.4804,0.7524,,,,,,,9.03,311.6035,0.752375
,,,,,,9.04,321.5504,0.7532125,,,,,,,9.04,311.6449,0.753225
,,,,,,9.05,321.6266,0.75405,,,,,,,9.05,311.6544,0.7540625
,,,,,,9.06,321.6839,0.754875,,,,,,,9.06,311.6703,0.7549
,,,,,,9.07,321.7284,0.7557,,,,,,,9.07,311.7116,0.7557375
,,,,,,9.08,321.7729,0.75655,,,,,,,9.08,311.7816,0.7565625
,,,,,,9.09,321.8301,0.7573875,,,,,,,9.09,311.861,0.7573875
,,,,,,9.1,321.9096,0.758225,,,,,,,9.1,311.9564,0.7582375
,,,,,,9.11,322.0113,0.759075,,,,,,,9.11,312.0581,0.7590625
,,,,,,9.12,322.1067,0.7599,,,,,,,9.12,312.144,0.7599
,,,,,,9.13,322.1862,0.760725,,,,,,,9.13,312.1948,0.7607375
,,,,,,9.14,322.2529,0.7615375,,,,,,,9.14,312.2171,0.761575
,,,,,,9.15,322.3101,0.7623875,,,,,,,9.15,312.2298,0.7624125
,,,,,,9.16,322.3483,0.763225,,,,,,,9.16,312.2552,0.7632375
,,,,,,9.17,322.3801,0.76405,,,,,,,9.17,312.3029,0.764075
,,,,,,9.18,322.4087,0.7648875,,,,,,,9.18,312.3728,0.7648875
,,,,,,9.19,322.4595,0.765725,,,,,,,9.19,312.4619,0.7657125
,,,,,,9.2,322.5295,0.7665625,,,,,,,9.2,312.5636,0.7665375
,,,,,,9.21,322.6026,0.7674,,,,,,,9.21,312.6462,0.7673625
,,,,,,9.22,322.6566,0.768225,,,,,,,9.22,312.6748,0.7681875
,,,,,,9.23,322.7139,0.76905,,,,,,,9.23,312.6812,0.7690375
,,,,,,9.24,322.8029,0.7698875,,,,,,,9.24,312.7066,0.769875
,,,,,,9.25,322.9205,0.7707125,,,,,,,9.25,312.7607,0.770725
,,,,,,9.26,323.0158,0.7715375,,,,,,,9.26,312.8179,0.7715625
,,,,,,9.27,323.0762,0.7723625,,,,,,,9.27,312.8687,0.7723875
,,,,,,9.28,323.1017,0.7732125,,,,,,,9.28,312.9228,0.773225
,,,,,,9.29,323.1176,0.7740625,,,,,,,9.29,313.0023,0.77405
,,,,,,9.3,323.143,0.7749,,,,,,,9.3,313.0754,0.7748875
,,,,,,9.31,323.1875,0.7757375,,,,,,,9.31,313.1135,0.775725
,,,,,,9.32,323.2479,0.776575,,,,,,,9.32,313.1358,0.7765625
,,,,,,9.33,323.3147,0.7774125,,,,,,,9.33,313.1739,0.7774
,,,,,,9.34,323.3782,0.778225,,,,,,,9.34,313.247,0.7782375
,,,,,,9.35,323.4418,0.7790625,,,,,,,9.35,313.3265,0.779075
,,,,,,9.36,323.4863,0.7799,,,,,,,9.36,313.3869,0.7799125
,,,,,,9.37,323.5372,0.7807375,,,,,,,9.37,313.4219,0.7807375
,,,,,,9.38,323.6071,0.781575,,,,,,,9.38,313.4632,0.7815625
,,,,,,9.39,323.7025,0.7824125,,,,,,,9.39,313.5045,0.7823875
,,,,,,9.4,323.7947,0.78325,,,,,,,9.4,313.5395,0.7832
,,,,,,9.41,323.8646,0.7840875,,,,,,,9.41,313.584,0.784025
,,,,,,9.42,323.9155,0.784925,,,,,,,9.42,313.6444,0.78485
,,,,,,9.43,323.9759,0.78575,,,,,,,9.43,313.7112,0.7857
,,,,,,9.44,324.0426,0.7865625,,,,,,,9.44,313.7652,0.78655
,,,,,,9.45,324.103,0.7873875,,,,,,,9.45,313.8129,0.7873875
,,,,,,9.46,324.1539,0.7882125,,,,,,,9.46,313.8479,0.7882375
,,,,,,9.47,324.2016,0.78905,,,,,,,9.47,313.8828,0.7890625
,,,,,,9.48,324.2588,0.7899,,,,,,,9.48,313.9337,0.7898875
,,,,,,9.49,324.3033,0.79075,,,,,,,9.49,314.01,0.7907125
,,,,,,9.5,324.351,0.7915875,,,,,,,9.5,314.099,0.79155
,,,,,,9.51,324.405,0.792425,,,,,,,9.51,314.1848,0.7923875
,,,,,,9.52,324.4718,0.7932625,,,,,,,9.52,314.2357,0.793225
,,,,,,9.53,324.5417,0.7940875,,,,,,,9.53,314.2611,0.794075
,,,,,,9.54,324.618,0.7949,,,,,,,9.54,314.2961,0.7949125
,,,,,,9.55,324.6943,0.7957375,,,,,,,9.55,314.3565,0.79575
,,,,,,9.56,324.7388,0.7965625,,,,,,,9.56,314.4137,0.796575
,,,,,,9.57,324.7547,0.7974,,,,,,,9.57,314.4487,0.7974125
,,,,,,9.58,324.7802,0.7982375,,,,,,,9.58,314.4773,0.7982375
,,,,,,9.59,324.8405,0.799075,,,,,,,9.59,314.5409,0.79905
,,,,,,9.6,324.9168,0.7999,,,,,,,9.6,314.6203,0.7998875
,,,,,,9.61,324.9645,0.8007375,,,,,,,9.61,314.6871,0.8007
,,,,,,9.62,325.0059,0.8015625,,,,,,,9.62,314.7125,0.8015375
,,,,,,9.63,325.0631,0.802375,,,,,,,9.63,314.7125,0.8023875
,,,,,,9.64,325.1235,0.8032,,,,,,,9.64,314.7316,0.803225
,,,,,,9.65,325.1775,0.804025,,,,,,,9.65,314.7761,0.8040625
,,,,,,9.66,325.2188,0.8048625,,,,,,,9.66,314.8429,0.8049
,,,,,,9.67,325.2633,0.8056875,,,,,,,9.67,314.9128,0.805725
,,,,,,9.68,325.3206,0.8065375,,,,,,,9.68,314.9955,0.80655
,,,,,,9.69,325.3842,0.807375,,,,,,,9.69,315.0749,0.807375
,,,,,,9.7,325.435,0.808225,,,,,,,9.7,315.1449,0.808225
,,,,,,9.71,325.47,0.8090625,,,,,,,9.71,315.2021,0.8090625
,,,,,,9.72,325.5049,0.8098875,,,,,,,9.72,315.2402,0.8098875
,,,,,,9.73,325.5685,0.810725,,,,,,,9.73,315.2657,0.810725
,,,,,,9.74,325.648,0.81155,,,,,,,9.74,315.3006,0.811575
,,,,,,9.75,325.7338,0.8124,,,,,,,9.75,315.3578,0.8124
,,,,,,9.76,325.8038,0.8132375,,,,,,,9.76,315.4119,0.8132375
,,,,,,9.77,325.8546,0.8140625,,,,,,,9.77,315.4532,0.8140875
,,,,,,9.78,325.8864,0.8149125,,,,,,,9.78,315.4977,0.8149
,,,,,,9.79,325.9214,0.81575,,,,,,,9.79,315.574,0.815725
,,,,,,9.8,325.9754,0.8165875,,,,,,,9.8,315.6694,0.81655
,,,,,,9.81,326.0168,0.817425,,,,,,,9.81,315.752,0.817375
,,,,,,9.82,326.0517,0.81825,,,,,,,9.82,315.7965,0.8182124
,,,,,,9.83,326.1121,0.819075,,,,,,,9.83,315.8061,0.8190625
,,,,,,9.84,326.1979,0.8199,,,,,,,9.84,315.8124,0.8199125
,,,,,,9.85,326.2806,0.8207125,,,,,,,9.85,315.8379,0.8207625
,,,,,,9.86,326.3315,0.8215375,,,,,,,9.86,315.8824,0.8216
,,,,,,9.87,326.3664,0.8223625,,,,,,,9.87,315.9396,0.822425
,,,,,,9.88,326.4046,0.8232,,,,,,,9.88,316,0.82325
,,,,,,9.89,326.465,0.8240375,,,,,,,9.89,316.0604,0.8240625
,,,,,,9.9,326.5381,0.8248875,,,,,,,9.9,316.1303,0.8249
,,,,,,9.91,326.6017,0.8257375,,,,,,,9.91,316.1875,0.825725
,,,,,,9.92,326.6525,0.8265625,,,,,,,9.92,316.2225,0.8265625
,,,,,,9.93,326.6875,0.8273875,,,,,,,9.93,316.2416,0.8273875
,,,,,,9.94,326.7225,0.8282125,,,,,,,9.94,316.2766,0.8282375
,,,,,,9.95,326.7606,0.82905,,,,,,,9.95,316.3115,0.8290625
,,,,,,9.96,326.8083,0.8298874,,,,,,,9.96,316.3528,0.8299
,,,,,,9.97,326.8719,0.830725,,,,,,,9.97,316.4037,0.830725
,,,,,,9.98,326.9418,0.831575,,,,,,,9.98,316.4641,0.83155
,,,,,,9.99,327.0276,0.8324125,,,,,,,9.99,316.515,0.832375
,,,,,,10,327.1135,0.83325,,,,,,,10,316.5499,0.8332
,,,,,,10.01,327.1834,0.8340875,,,,,,,10.01,316.5817,0.834025
,,,,,,10.02,327.2279,0.834925,,,,,,,10.02,316.6104,0.8348625
,,,,,,10.03,327.2597,0.8357375,,,,,,,10.03,316.6453,0.8357125
,,,,,,10.04,327.2947,0.8365625,,,,,,,10.04,316.6898,0.8365625
,,,,,,10.05,327.3392,0.8373875,,,,,,,10.05,316.7375,0.8374125
,,,,,,10.06,327.3741,0.8382125,,,,,,,10.06,316.7884,0.83825
,,,,,,10.07,327.3996,0.8390375,,,,,,,10.07,316.8424,0.839075
,,,,,,10.08,327.4409,0.8398875,,,,,,,10.08,316.9123,0.8399
,,,,,,10.09,327.5077,0.8407375,,,,,,,10.09,316.9695,0.840725
,,,,,,10.1,327.584,0.8415875,,,,,,,10.1,317.0045,0.841575
,,,,,,10.11,327.6475,0.8424125,,,,,,,10.11,317.0458,0.8424125
,,,,,,10.12,327.7079,0.8432375,,,,,,,10.12,317.084,0.8432375
,,,,,,10.13,327.7556,0.8440625,,,,,,,10.13,317.1158,0.844075
,,,,,,10.14,327.7938,0.844875,,,,,,,10.14,317.1317,0.8449125
,,,,,,10.15,327.8256,0.8457125,,,,,,,10.15,317.1571,0.84575
,,,,,,10.16,327.8351,0.84655,,,,,,,10.16,317.2016,0.846575
,,,,,,10.17,327.851,0.8473875,,,,,,,10.17,317.262,0.8474
,,,,,,10.18,327.8955,0.8482125,,,,,,,10.18,317.3192,0.848225
,,,,,,10.19,327.9622,0.84905,,,,,,,10.19,317.3478,0.84905
,,,,,,10.2,328.0163,0.8498875,,,,,,,10.2,317.3733,0.849875
,,,,,,10.21,328.0576,0.850725,,,,,,,10.21,317.4051,0.8507
,,,,,,10.22,328.1085,0.85155,,,,,,,10.22,317.44,0.8515125
,,,,,,10.23,328.1752,0.852375,,,,,,,10.23,317.4782,0.8523625
,,,,,,10.24,328.2388,0.8532125,,,,,,,10.24,317.5036,0.8532
,,,,,,10.25,328.296,0.8540375,,,,,,,10.25,317.5291,0.85405
,,,,,,10.26,328.366,0.8548625,,,,,,,10.26,317.564,0.8548875
,,,,,,10.27,328.4454,0.8557,,,,,,,10.27,317.6149,0.855725
,,,,,,10.28,328.5058,0.8565375,,,,,,,10.28,317.6753,0.8565625
,,,,,,10.29,328.5376,0.8573875,,,,,,,10.29,317.7325,0.857375
,,,,,,10.3,328.563,0.8582375,,,,,,,10.3,317.7865,0.858225
,,,,,,10.31,328.6139,0.859075,,,,,,,10.31,317.8342,0.8590625
,,,,,,10.32,328.668,0.8599125,,,,,,,10.32,317.8692,0.8599
,,,,,,10.33,328.7156,0.8607375,,,,,,,10.33,317.9041,0.8607375
,,,,,,10.34,328.7443,0.8615625,,,,,,,10.34,317.9296,0.861575
,,,,,,10.35,328.7951,0.8624,,,,,,,10.35,317.9455,0.862425
,,,,,,10.36,328.8619,0.863225,,,,,,,10.36,317.9645,0.86325
,,,,,,10.37,328.9223,0.86405,,,,,,,10.37,318.0186,0.8640875
,,,,,,10.38,328.9668,0.8648875,,,,,,,10.38,318.1044,0.8649125
,,,,,,10.39,328.9986,0.865725,,,,,,,10.39,318.1871,0.865725
,,,,,,10.4,329.0335,0.8665625,,,,,,,10.4,318.2411,0.86655
,,,,,,10.41,329.0717,0.8674,,,,,,,10.41,318.2824,0.867375
,,,,,,10.42,329.1035,0.8682375,,,,,,,10.42,318.3015,0.8682
,,,,,,10.43,329.1384,0.86905,,,,,,,10.43,318.3142,0.8690374
,,,,,,10.44,329.1956,0.869875,,,,,,,10.44,318.3079,0.8699
,,,,,,10.45,329.256,0.8707125,,,,,,,10.45,318.3174,0.8707375
,,,,,,10.46,329.2942,0.871525,,,,,,,10.46,318.3587,0.871575
,,,,,,10.47,329.326,0.8723625,,,,,,,10.47,318.4128,0.8724
,,,,,,10.48,329.361,0.8732,,,,,,,10.48,318.4637,0.873225
,,,,,,10.49,329.4118,0.8740625,,,,,,,10.49,318.5113,0.8740375
,,,,,,10.5,329.4881,0.8749,,,,,,,10.5,318.5717,0.8748875
,,,,,,10.51,329.5676,0.8757375,,,,,,,10.51,318.6417,0.875725
,,,,,,10.52,329.6375,0.876575,,,,,,,10.52,318.683,0.8765625
,,,,,,10.53,329.6789,0.8774125,,,,,,,10.53,318.6957,0.8774
,,,,,,10.54,329.6979,0.878225,,,,,,,10.54,318.7084,0.8782375
,,,,,,10.55,329.7202,0.87905,,,,,,,10.55,318.7211,0.879075
,,,,,,10.56,329.7456,0.8799,,,,,,,10.56,318.7529,0.8799
,,,,,,10.57,329.7711,0.8807375,,,,,,,10.57,318.807,0.8807375
,,,,,,10.58,329.806,0.881575,,,,,,,10.58,318.8674,0.8815625
,,,,,,10.59,329.8664,0.8824125,,,,,,,10.59,318.9055,0.882375
,,,,,,10.6,329.9459,0.8832625,,,,,,,10.6,318.9341,0.8832125
,,,,,,10.61,330.019,0.8840875,,,,,,,10.61,318.9691,0.8840375
,,,,,,10.62,330.0826,0.8849125,,,,,,,10.62,319.0041,0.884875
,,,,,,10.63,330.143,0.8857375,,,,,,,10.63,319.0359,0.8857125
,,,,,,10.64,330.2034,0.8865625,,,,,,,10.64,319.0613,0.8865499
,,,,,,10.65,330.2701,0.887375,,,,,,,10.65,319.0994,0.8873875
,,,,,,10.66,330.3242,0.8882125,,,,,,,10.66,319.1503,0.8882375
,,,,,,10.67,330.3464,0.8890375,,,,,,,10.67,319.2075,0.8890625
,,,,,,10.68,330.3401,0.8898875,,,,,,,10.68,319.2488,0.8898875
,,,,,,10.69,330.3305,0.890725,,,,,,,10.69,319.2774,0.8907125
,,,,,,10.7,330.3496,0.891575,,,,,,,10.7,319.3092,0.89155
,,,,,,10.71,330.4068,0.8924125,,,,,,,10.71,319.3601,0.892375
,,,,,,10.72,330.4863,0.8932375,,,,,,,10.72,319.4046,0.8932125
,,,,,,10.73,330.5626,0.8940625,,,,,,,10.73,319.4555,0.89405
,,,,,,10.74,330.623,0.8948875,,,,,,,10.74,319.519,0.8948875
,,,,,,10.75,330.6643,0.895725,,,,,,,10.75,319.5858,0.895725
,,,,,,10.76,330.6993,0.8965625,,,,,,,10.76,319.6303,0.8965625
,,,,,,10.77,330.7406,0.8974,,,,,,,10.77,319.6716,0.8974
,,,,,,10.78,330.7915,0.8982375,,,,,,,10.78,319.7066,0.8982249
,,,,,,10.79,330.8296,0.899075,,,,,,,10.79,319.732,0.89905
,,,,,,10.8,330.8614,0.8999125,,,,,,,10.8,319.7479,0.899875
,,,,,,10.81,330.8964,0.9007375,,,,,,,10.81,319.7829,0.9007
,,,,,,10.82,330.9313,0.9015625,,,,,,,10.82,319.8337,0.9015375
,,,,,,10.83,330.9759,0.9024,,,,,,,10.83,319.8687,0.902375
,,,,,,10.84,331.0235,0.903225,,,,,,,10.84,319.8942,0.903225
,,,,,,10.85,331.0839,0.90405,,,,,,,10.85,319.9196,0.904075
,,,,,,10.86,331.138,0.9048625,,,,,,,10.86,319.9641,0.9049125
,,,,,,10.87,331.1698,0.9057,,,,,,,10.87,320.015,0.9057375
,,,,,,10.88,331.1793,0.9065375,,,,,,,10.88,320.0594,0.9065624
,,,,,,10.89,331.1857,0.9073875,,,,,,,10.89,320.1008,0.9073875
,,,,,,10.9,331.2047,0.908225,,,,,,,10.9,320.1326,0.908225
,,,,,,10.91,331.2556,0.909075,,,,,,,10.91,320.1612,0.9090625
,,,,,,10.92,331.3255,0.9099,,,,,,,10.92,320.1962,0.9099
,,,,,,10.93,331.4082,0.910725,,,,,,,10.93,320.2216,0.91075
,,,,,,10.94,331.4718,0.91155,,,,,,,10.94,320.2534,0.9115875
,,,,,,10.95,331.5226,0.9123875,,,,,,,10.95,320.3042,0.9124125
,,,,,,10.96,331.5481,0.913225,,,,,,,10.96,320.3646,0.91325
,,,,,,10.97,331.564,0.9140625,,,,,,,10.97,320.425,0.914075
,,,,,,10.98,331.5926,0.9149,,,,,,,10.98,320.4695,0.9149
,,,,,,10.99,331.653,0.91575,,,,,,,10.99,320.5045,0.915725
,,,,,,11,331.7292,0.9165875,,,,,,,11,320.5299,0.9165375
,,,,,,11.01,331.796,0.917425,,,,,,,11.01,320.5458,0.917375
,,,,,,11.02,331.8659,0.91825,,,,,,,11.02,320.5649,0.9182125
,,,,,,11.03,331.9263,0.919075,,,,,,,11.03,320.5808,0.919075
,,,,,,11.04,331.974,0.9199,,,,,,,11.04,320.5872,0.9199125
,,,,,,11.05,332.009,0.9207125,,,,,,,11.05,320.6062,0.92075
,,,,,,11.06,332.044,0.9215375,,,,,,,11.06,320.6571,0.9215875
,,,,,,11.07,332.0726,0.9223625,,,,,,,11.07,320.7334,0.9224125
,,,,,,11.08,332.0885,0.9232125,,,,,,,11.08,320.7938,0.92325
,,,,,,11.09,332.098,0.9240625,,,,,,,11.09,320.8288,0.9240625
,,,,,,11.1,332.1298,0.9249,,,,,,,11.1,320.8637,0.9249125
,,,,,,11.11,332.1902,0.9257375,,,,,,,11.11,320.8892,0.9257375
,,,,,,11.12,332.2665,0.9265625,,,,,,,11.12,320.9051,0.9265625
,,,,,,11.13,332.311,0.9273875,,,,,,,11.13,320.9146,0.9274
,,,,,,11.14,332.3269,0.9282125,,,,,,,11.14,320.9464,0.9282375
,,,,,,11.15,332.3364,0.92905,,,,,,,11.15,320.9845,0.9290625
,,,,,,11.16,332.3618,0.9298875,,,,,,,11.16,321.0258,0.9299
,,,,,,11.17,332.3968,0.930725,,,,,,,11.17,321.0449,0.9307125
,,,,,,11.18,332.454,0.9315625,,,,,,,11.18,321.0672,0.93155
,,,,,,11.19,332.5272,0.9323875,,,,,,,11.19,321.0958,0.932375
,,,,,,11.2,332.6003,0.9332375,,,,,,,11.2,321.1403,0.9332
,,,,,,11.21,332.6543,0.9340625,,,,,,,11.21,321.1975,0.934025
,,,,,,11.22,332.6893,0.9349,,,,,,,11.22,321.2516,0.93485
,,,,,,11.23,332.7052,0.935725,,,,,,,11.23,321.2897,0.9357
,,,,,,11.24,332.7306,0.9365625,,,,,,,11.24,321.3024,0.9365375
,,,,,,11.25,332.7656,0.9373875,,,,,,,11.25,321.3247,0.9373875
,,,,,,11.26,332.8228,0.9382125,,,,,,,11.26,321.3596,0.938225
,,,,,,11.27,332.8832,0.9390375,,,,,,,11.27,321.4105,0.9390625
,,,,,,11.28,332.9309,0.9398875,,,,,,,11.28,321.4455,0.9398875
,,,,,,11.29,332.9563,0.9407375,,,,,,,11.29,321.4645,0.9407125
,,,,,,11.3,332.9786,0.941575,,,,,,,11.3,321.4868,0.9415625
,,,,,,11.31,333.0294,0.9424125,,,,,,,11.31,321.5249,0.9424
,,,,,,11.32,333.1057,0.9432375,,,,,,,11.32,321.5663,0.943225
,,,,,,11.33,333.1757,0.944075,,,,,,,11.33,321.6076,0.944075
,,,,,,11.34,333.2043,0.9448875,,,,,,,11.34,321.6521,0.9449125
,,,,,,11.35,333.2138,0.945725,,,,,,,11.35,321.6934,0.94575
,,,,,,11.36,333.2361,0.9465625,,,,,,,11.36,321.7379,0.9465875
,,,,,,11.37,333.2806,0.9473875,,,,,,,11.37,321.7729,0.9474125
,,,,,,11.38,333.341,0.948225,,,,,,,11.38,321.792,0.9482375
,,,,,,11.39,333.3855,0.9490625,,,,,,,11.39,321.8238,0.9490499
,,,,,,11.4,333.4014,0.9498875,,,,,,,11.4,321.8746,0.949875
,,,,,,11.41,333.4077,0.9507375,,,,,,,11.41,321.9414,0.9507
,,,,,,11.42,333.4363,0.9515625,,,,,,,11.42,321.9891,0.951525
,,,,,,11.43,333.4936,0.9523875,,,,,,,11.43,322.0049,0.952375
,,,,,,11.44,333.554,0.9532125,,,,,,,11.44,322.0208,0.9532125
,,,,,,11.45,333.6143,0.9540375,,,,,,,11.45,322.0463,0.9540625
,,,,,,11.46,333.6652,0.9548625,,,,,,,11.46,322.0812,0.9548874
,,,,,,11.47,333.7065,0.9557,,,,,,,11.47,322.113,0.955725
,,,,,,11.48,333.7415,0.9565375,,,,,,,11.48,322.1512,0.95655
,,,,,,11.49,333.7701,0.9573874,,,,,,,11.49,322.1925,0.957375
,,,,,,11.5,333.8019,0.9582375,,,,,,,11.5,322.2084,0.958225
,,,,,,11.51,333.8369,0.959075,,,,,,,11.51,322.2021,0.95905
,,,,,,11.52,333.8782,0.9599125,,,,,,,11.52,322.1989,0.9599
,,,,,,11.53,333.9227,0.9607249,,,,,,,11.53,322.218,0.9607375
,,,,,,11.54,333.9513,0.96155,,,,,,,11.54,322.2593,0.961575
,,,,,,11.55,333.9831,0.9624,,,,,,,11.55,322.3038,0.9624125
,,,,,,11.56,334.0276,0.9632249,,,,,,,11.56,322.3483,0.96325
,,,,,,11.57,334.088,0.9640625,,,,,,,11.57,322.3991,0.964075
,,,,,,11.58,334.1484,0.9649,,,,,,,11.58,322.4595,0.9649
,,,,,,11.59,334.1802,0.9657375,,,,,,,11.59,322.5168,0.965725
,,,,,,11.6,334.1866,0.966575,,,,,,,11.6,322.5454,0.96655
,,,,,,11.61,334.1961,0.9674125,,,,,,,11.61,322.5295,0.967375
,,,,,,11.62,334.231,0.96825,,,,,,,11.62,322.5199,0.9682125
,,,,,,11.63,334.266,0.9690624,,,,,,,11.63,322.5454,0.96905
,,,,,,11.64,334.3073,0.969875,,,,,,,11.64,322.593,0.9699125
,,,,,,11.65,334.3614,0.9707,,,,,,,11.65,322.6185,0.97075
,,,,,,11.66,334.4186,0.971525,,,,,,,11.66,322.6407,0.971575
,,,,,,11.67,334.4631,0.97235,,,,,,,11.67,322.6884,0.9724
,,,,,,11.68,334.4822,0.9731874,,,,,,,11.68,322.752,0.9732375
,,,,,,11.69,334.4886,0.9740375,,,,,,,11.69,322.8283,0.97405
,,,,,,11.7,334.4949,0.9748875,,,,,,,11.7,322.8855,0.9748875
,,,,,,11.71,334.5076,0.975725,,,,,,,11.71,322.9141,0.9757125
,,,,,,11.72,334.5172,0.9765625,,,,,,,11.72,322.9236,0.97655
,,,,,,11.73,334.5426,0.9773875,,,,,,,11.73,322.93,0.977375
,,,,,,11.74,334.5934,0.9782125,,,,,,,11.74,322.93,0.9782125
,,,,,,11.75,334.6761,0.9790625,,,,,,,11.75,322.9395,0.97905
,,,,,,11.76,334.746,0.9799,,,,,,,11.76,322.965,0.979875
,,,,,,11.77,334.7969,0.9807374,,,,,,,11.77,323.0063,0.9807125
,,,,,,11.78,334.8382,0.981575,,,,,,,11.78,323.0572,0.98155
,,,,,,11.79,334.8828,0.982425,,,,,,,11.79,323.0953,0.982375
,,,,,,11.8,334.9113,0.9832625,,,,,,,11.8,323.1462,0.9832
,,,,,,11.81,334.9368,0.9841,,,,,,,11.81,323.2066,0.9840375
,,,,,,11.82,334.9717,0.984925,,,,,,,11.82,323.2733,0.9848624
,,,,,,11.83,335.0226,0.9857625,,,,,,,11.83,323.3306,0.9857125
,,,,,,11.84,335.0703,0.9865749,,,,,,,11.84,323.3655,0.98655
,,,,,,11.85,335.0957,0.9874,,,,,,,11.85,323.3782,0.9874
,,,,,,11.86,335.1084,0.9882125,,,,,,,11.86,323.3941,0.98825
,,,,,,11.87,335.1339,0.9890375,,,,,,,11.87,323.4291,0.9890749
,,,,,,11.88,335.1847,0.9898875,,,,,,,11.88,323.4768,0.9899
,,,,,,11.89,335.2515,0.9907375,,,,,,,11.89,323.5117,0.990725
,,,,,,11.9,335.3024,0.991575,,,,,,,11.9,323.5404,0.9915625
,,,,,,11.91,335.331,0.9924124,,,,,,,11.91,323.5721,0.9923875
,,,,,,11.92,335.3532,0.99325,,,,,,,11.92,323.5976,0.9932125
,,,,,,11.93,335.3723,0.994075,,,,,,,11.93,323.6071,0.9940625
,,,,,,11.94,335.3882,0.9948875,,,,,,,11.94,323.6071,0.9949
,,,,,,11.95,335.4168,0.995725,,,,,,,11.95,323.6167,0.9957375
,,,,,,11.96,335.4581,0.9965625,,,,,,,11.96,323.658,0.9965625
,,,,,,11.97,335.4931,0.9973875,,,,,,,11.97,323.7184,0.9973875
,,,,,,11.98,335.5154,0.9982375,,,,,,,11.98,323.7724,0.9982125
,,,,,,11.99,335.5376,0.999075,,,,,,,11.99,323.8106,0.9990375
,,,,,,12,335.563,0.9999125,,,,,,,12,323.8328,0.9998625
,,,,,,12.01,335.6012,1.00075,,,,,,,12.01,323.8583,1.000687
,,,,,,12.02,335.6361,1.001575,,,,,,,12.02,323.8805,1.001525
,,,,,,12.03,335.6743,1.0024,,,,,,,12.03,323.8996,1.002375
,,,,,,12.04,335.6997,1.003225,,,,,,,12.04,323.9346,1.003225
,,,,,,12.05,335.7093,1.00405,,,,,,,12.05,323.9918,1.004075
,,,,,,12.06,335.741,1.004862,,,,,,,12.06,324.0458,1.004912
,,,,,,12.07,335.811,1.0057,,,,,,,12.07,324.0808,1.005737
,,,,,,12.08,335.8841,1.00655,,,,,,,12.08,324.0967,1.006562
,,,,,,12.09,335.9127,1.007388,,,,,,,12.09,324.1126,1.007388
,,,,,,12.1,335.9191,1.008237,,,,,,,12.1,324.138,1.008225
,,,,,,12.11,335.9286,1.009075,,,,,,,12.11,324.173,1.009075
,,,,,,12.12,335.9699,1.0099,,,,,,,12.12,324.2016,1.009912
,,,,,,12.13,336.0303,1.010725,,,,,,,12.13,324.227,1.010737
,,,,,,12.14,336.0748,1.01155,,,,,,,12.14,324.2493,1.011575
,,,,,,12.15,336.1003,1.012388,,,,,,,12.15,324.2842,1.012412
,,,,,,12.16,336.1193,1.013225,,,,,,,12.16,324.3446,1.01325
,,,,,,12.17,336.1511,1.01405,,,,,,,12.17,324.3987,1.014075
,,,,,,12.18,336.1956,1.014887,,,,,,,12.18,324.4368,1.0149
,,,,,,12.19,336.2465,1.015725,,,,,,,12.19,324.4559,1.015725
,,,,,,12.2,336.2815,1.016562,,,,,,,12.2,324.4813,1.01655
,,,,,,12.21,336.3069,1.0174,,,,,,,12.21,324.5163,1.017362
,,,,,,12.22,336.3323,1.018237,,,,,,,12.22,324.5481,1.0182
,,,,,,12.23,336.3578,1.019063,,,,,,,12.23,324.5608,1.01905
,,,,,,12.24,336.3832,1.019887,,,,,,,12.24,324.5703,1.019887
,,,,,,12.25,336.4182,1.020712,,,,,,,12.25,324.6085,1.020738
,,,,,,12.26,336.4595,1.021537,,,,,,,12.26,324.6594,1.021575
,,,,,,12.27,336.504,1.022375,,,,,,,12.27,324.6975,1.0224
,,,,,,12.28,336.5485,1.023212,,,,,,,12.28,324.7293,1.023237
,,,,,,12.29,336.5835,1.02405,,,,,,,12.29,324.7579,1.02405
,,,,,,12.3,336.6057,1.0249,,,,,,,12.3,324.7992,1.024887
,,,,,,12.31,336.6248,1.025738,,,,,,,12.31,324.8405,1.025725
,,,,,,12.32,336.6566,1.026575,,,,,,,12.32,324.866,1.02655
,,,,,,12.33,336.7011,1.0274,,,,,,,12.33,324.8691,1.0274
,,,,,,12.34,336.7424,1.028225,,,,,,,12.34,324.8691,1.028237
,,,,,,12.35,336.7805,1.029063,,,,,,,12.35,324.8755,1.029075
,,,,,,12.36,336.8123,1.029887,,,,,,,12.36,324.9009,1.029912
,,,,,,12.37,336.8409,1.030725,,,,,,,12.37,324.9518,1.030725
,,,,,,12.38,336.8823,1.031562,,,,,,,12.38,325.0059,1.03155
,,,,,,12.39,336.9172,1.0324,,,,,,,12.39,325.0504,1.032387
,,,,,,12.4,336.949,1.03325,,,,,,,12.4,325.0758,1.0332
,,,,,,12.41,336.9586,1.034075,,,,,,,12.41,325.1076,1.034025
,,,,,,12.42,336.9522,1.034912,,,,,,,12.42,325.1425,1.034863
,,,,,,12.43,336.9586,1.035738,,,,,,,12.43,325.1775,1.0357
,,,,,,12.44,337.0031,1.036562,,,,,,,12.44,325.1998,1.03655
,,,,,,12.45,337.0794,1.037375,,,,,,,12.45,325.2188,1.0374
,,,,,,12.46,337.1461,1.0382,,,,,,,12.46,325.2474,1.038237
,,,,,,12.47,337.1747,1.039037,,,,,,,12.47,325.2729,1.039063
,,,,,,12.48,337.1811,1.039875,,,,,,,12.48,325.2983,1.039887
,,,,,,12.49,337.1874,1.040725,,,,,,,12.49,325.3301,1.040712
,,,,,,12.5,337.2161,1.041575,,,,,,,12.5,325.3651,1.041562
,,,,,,12.51,337.2606,1.042413,,,,,,,12.51,325.3905,1.042387
,,,,,,12.52,337.3114,1.043237,,,,,,,12.52,325.4159,1.043237
,,,,,,12.53,337.3687,1.044062,,,,,,,12.53,325.4572,1.044075
,,,,,,12.54,337.4195,1.044887,,,,,,,12.54,325.4859,1.044912
,,,,,,12.55,337.4449,1.045738,,,,,,,12.55,325.4954,1.04575
,,,,,,12.56,337.4386,1.046562,,,,,,,12.56,325.5018,1.046587
,,,,,,12.57,337.4227,1.0474,,,,,,,12.57,325.5272,1.047413
,,,,,,12.58,337.429,1.048237,,,,,,,12.58,325.5812,1.048237
,,,,,,12.59,337.4481,1.049075,,,,,,,12.59,325.648,1.049062
,,,,,,12.6,337.4894,1.049912,,,,,,,12.6,325.6893,1.049887
,,,,,,12.61,337.5339,1.050738,,,,,,,12.61,325.702,1.0507
,,,,,,12.62,337.5848,1.051562,,,,,,,12.62,325.7179,1.051538
,,,,,,12.63,337.6293,1.052387,,,,,,,12.63,325.7402,1.052375
,,,,,,12.64,337.6802,1.0532,,,,,,,12.64,325.7529,1.053225
,,,,,,12.65,337.731,1.054025,,,,,,,12.65,325.7592,1.054062
,,,,,,12.66,337.7724,1.054862,,,,,,,12.66,325.7751,1.0549
,,,,,,12.67,337.7978,1.055687,,,,,,,12.67,325.7942,1.055725
,,,,,,12.68,337.8169,1.056525,,,,,,,12.68,325.8292,1.056562
,,,,,,12.69,337.8328,1.057362,,,,,,,12.69,325.8864,1.057375
,,,,,,12.7,337.8582,1.058213,,,,,,,12.7,325.9468,1.058213
,,,,,,12.71,337.9122,1.05905,,,,,,,12.71,325.985,1.059037
,,,,,,12.72,337.979,1.059888,,,,,,,12.72,326.0104,1.059875
,,,,,,12.73,338.0457,1.060712,,,,,,,12.73,326.0263,1.060725
,,,,,,12.74,338.1093,1.06155,,,,,,,12.74,326.0422,1.061562
,,,,,,12.75,338.1824,1.062387,,,,,,,12.75,326.0485,1.0624
,,,,,,12.76,338.2524,1.063225,,,,,,,12.76,326.0422,1.063225
,,,,,,12.77,338.3064,1.064062,,,,,,,12.77,326.0358,1.064062
,,,,,,12.78,338.3318,1.064912,,,,,,,12.78,326.0517,1.064888
,,,,,,12.79,338.3318,1.06575,,,,,,,12.79,326.0962,1.065712
,,,,,,12.8,338.3287,1.066587,,,,,,,12.8,326.1471,1.06655
,,,,,,12.81,338.3414,1.067412,,,,,,,12.81,326.1948,1.067375
,,,,,,12.82,338.3923,1.06825,,,,,,,12.82,326.2234,1.0682
,,,,,,12.83,338.4495,1.069062,,,,,,,12.83,326.2583,1.06905
,,,,,,12.84,338.4876,1.069888,,,,,,,12.84,326.2933,1.0699
,,,,,,12.85,338.5099,1.070712,,,,,,,12.85,326.3156,1.07075
,,,,,,12.86,338.5194,1.071537,,,,,,,12.86,326.3251,1.071587
,,,,,,12.87,338.5353,1.072362,,,,,,,12.87,326.3505,1.072412
,,,,,,12.88,338.5353,1.0732,,,,,,,12.88,326.395,1.073237
,,,,,,12.89,338.5385,1.074037,,,,,,,12.89,326.4523,1.07405
,,,,,,12.9,338.5639,1.074888,,,,,,,12.9,326.4904,1.074888
,,,,,,12.91,338.5989,1.075737,,,,,,,12.91,326.5222,1.075712
,,,,,,12.92,338.6243,1.076563,,,,,,,12.92,326.5413,1.07655
,,,,,,12.93,338.6497,1.077387,,,,,,,12.93,326.5508,1.077387
,,,,,,12.94,338.7006,1.078212,,,,,,,12.94,326.5476,1.078225
,,,,,,12.95,338.7578,1.07905,,,,,,,12.95,326.5635,1.079062
,,,,,,12.96,338.796,1.0799,,,,,,,12.96,326.6017,1.079888
,,,,,,12.97,338.8119,1.080737,,,,,,,12.97,326.6589,1.080725
,,,,,,12.98,338.8278,1.081575,,,,,,,12.98,326.7002,1.08155
,,,,,,12.99,338.8786,1.082425,,,,,,,12.99,326.7193,1.082375
,,,,,,13,338.9454,1.083262,,,,,,,13,326.7225,1.0832
,,,,,,13.01,338.9994,1.0841,,,,,,,13.01,326.7479,1.084025
,,,,,,13.02,339.0344,1.084937,,,,,,,13.02,326.7988,1.084862
,,,,,,13.03,339.0789,1.08575,,,,,,,13.03,326.8464,1.0857
,,,,,,13.04,339.1202,1.086575,,,,,,,13.04,326.856,1.08655
,,,,,,13.05,339.1616,1.0874,,,,,,,13.05,326.8496,1.0874
,,,,,,13.06,339.2029,1.088212,,,,,,,13.06,326.8655,1.088238
,,,,,,13.07,339.2283,1.08905,,,,,,,13.07,326.91,1.089062
,,,,,,13.08,339.2283,1.0899,,,,,,,13.08,326.9672,1.0899
,,,,,,13.09,339.2315,1.09075,,,,,,,13.09,327.0117,1.090725
,,,,,,13.1,339.2633,1.091587,,,,,,,13.1,327.0435,1.091563
,,,,,,13.11,339.3014,1.092425,,,,,,,13.11,327.0785,1.0924
,,,,,,13.12,339.3491,1.09325,,,,,,,13.12,327.1166,1.093225
,,,,,,13.13,339.4,1.094075,,,,,,,13.13,327.1548,1.094062
,,,,,,13.14,339.454,1.094887,,,,,,,13.14,327.1643,1.094913
,,,,,,13.15,339.489,1.095725,,,,,,,13.15,327.1643,1.09575
,,,,,,13.16,339.5049,1.096563,,,,,,,13.16,327.1739,1.096575
,,,,,,13.17,339.5144,1.097387,,,,,,,13.17,327.2088,1.0974
,,,,,,13.18,339.5399,1.098225,,,,,,,13.18,327.2629,1.098225
,,,,,,13.19,339.5844,1.099062,,,,,,,13.19,327.336,1.099038
,,,,,,13.2,339.6352,1.099887,,,,,,,13.2,327.3964,1.099862
,,,,,,13.21,339.6575,1.100725,,,,,,,13.21,327.4409,1.100688
,,,,,,13.22,339.6606,1.10155,,,,,,,13.22,327.4568,1.101512
,,,,,,13.23,339.6765,1.102375,,,,,,,13.23,327.4504,1.10235
,,,,,,13.24,339.721,1.103212,,,,,,,13.24,327.425,1.1032
,,,,,,13.25,339.7687,1.104038,,,,,,,13.25,327.4059,1.10405
,,,,,,13.26,339.7878,1.104862,,,,,,,13.26,327.4218,1.104887
,,,,,,13.27,339.791,1.1057,,,,,,,13.27,327.4663,1.105725
,,,,,,13.28,339.8228,1.106537,,,,,,,13.28,327.5172,1.106562
,,,,,,13.29,339.8927,1.107387,,,,,,,13.29,327.5522,1.107375
,,,,,,13.3,339.9753,1.108238,,,,,,,13.3,327.584,1.108225
,,,,,,13.31,340.0358,1.109075,,,,,,,13.31,327.6316,1.109062
,,,,,,13.32,340.0612,1.109913,,,,,,,13.32,327.6793,1.1099
,,,,,,13.33,340.0612,1.110737,,,,,,,13.33,327.6952,1.110737
,,,,,,13.34,340.0644,1.11155,,,,,,,13.34,327.6793,1.111588
,,,,,,13.35,340.0803,1.112387,,,,,,,13.35,327.673,1.112425
,,,,,,13.36,340.0993,1.113238,,,,,,,13.36,327.7079,1.113262
,,,,,,13.37,340.1375,1.114062,,,,,,,13.37,327.7493,1.114087
,,,,,,13.38,340.182,1.1149,,,,,,,13.38,327.781,1.114913
,,,,,,13.39,340.2328,1.115737,,,,,,,13.39,327.7938,1.115737
,,,,,,13.4,340.2837,1.116562,,,,,,,13.4,327.8097,1.11655
,,,,,,13.41,340.3346,1.117412,,,,,,,13.41,327.8192,1.117375
,,,,,,13.42,340.3695,1.118237,,,,,,,13.42,327.8351,1.118212
,,,,,,13.43,340.3886,1.119062,,,,,,,13.43,327.8351,1.119062
,,,,,,13.44,340.4141,1.119887,,,,,,,13.44,327.8446,1.1199
,,,,,,13.45,340.4554,1.120713,,,,,,,13.45,327.8796,1.120737
,,,,,,13.46,340.4999,1.121525,,,,,,,13.46,327.9305,1.121575
,,,,,,13.47,340.5253,1.122362,,,,,,,13.47,327.9972,1.1224
,,,,,,13.48,340.5349,1.1232,,,,,,,13.48,328.0671,1.123225
,,,,,,13.49,340.5539,1.124062,,,,,,,13.49,328.1275,1.12405
,,,,,,13.5,340.5762,1.1249,,,,,,,13.5,328.1689,1.1249
,,,,,,13.51,340.5952,1.125737,,,,,,,13.51,328.1752,1.125725
,,,,,,13.52,340.6397,1.126575,,,,,,,13.52,328.153,1.126562
,,,,,,13.53,340.697,1.127412,,,,,,,13.53,328.1434,1.1274
,,,,,,13.54,340.7574,1.128225,,,,,,,13.54,328.1689,1.128237
,,,,,,13.55,340.8241,1.129062,,,,,,,13.55,328.2356,1.129075
,,,,,,13.56,340.8782,1.1299,,,,,,,13.56,328.3056,1.1299
,,,,,,13.57,340.9131,1.130737,,,,,,,13.57,328.366,1.130725
,,,,,,13.58,340.9449,1.131575,,,,,,,13.58,328.3946,1.13155
,,,,,,13.59,340.9735,1.132412,,,,,,,13.59,328.4009,1.132375
,,,,,,13.6,341.0085,1.13325,,,,,,,13.6,328.3914,1.133212
,,,,,,13.61,341.0467,1.134075,,,,,,,13.61,328.385,1.134037
,,,,,,13.62,341.0721,1.134912,,,,,,,13.62,328.4073,1.134862
,,,,,,13.63,341.1007,1.135737,,,,,,,13.63,328.4327,1.1357
,,,,,,13.64,341.1325,1.13655,,,,,,,13.64,328.4582,1.136562
,,,,,,13.65,341.1611,1.137375,,,,,,,13.65,328.4804,1.1374
,,,,,,13.66,341.1865,1.1382,,,,,,,13.66,328.5058,1.138237
,,,,,,13.67,341.2183,1.139025,,,,,,,13.67,328.5471,1.139063
,,,,,,13.68,341.2374,1.139862,,,,,,,13.68,328.6044,1.139887
,,,,,,13.69,341.2533,1.140712,,,,,,,13.69,328.6743,1.140712
,,,,,,13.7,341.2692,1.141562,,,,,,,13.7,328.7188,1.14155
,,,,,,13.71,341.2723,1.1424,,,,,,,13.71,328.7284,1.142388
,,,,,,13.72,341.2914,1.143225,,,,,,,13.72,328.7188,1.143212
,,,,,,13.73,341.3582,1.14405,,,,,,,13.73,328.7093,1.14405
,,,,,,13.74,341.444,1.144875,,,,,,,13.74,328.7252,1.1449
,,,,,,13.75,341.5044,1.145725,,,,,,,13.75,328.776,1.145725
,,,,,,13.76,341.5298,1.146562,,,,,,,13.76,328.8301,1.146562
,,,,,,13.77,341.5553,1.1474,,,,,,,13.77,328.8619,1.1474
,,,,,,13.78,341.5871,1.148237,,,,,,,13.78,328.8714,1.148225
,,,,,,13.79,341.622,1.149063,,,,,,,13.79,328.8714,1.14905
,,,,,,13.8,341.6506,1.149912,,,,,,,13.8,328.8873,1.149875
,,,,,,13.81,341.6856,1.150738,,,,,,,13.81,328.9254,1.1507
,,,,,,13.82,341.7238,1.151575,,,,,,,13.82,328.9668,1.151537
,,,,,,13.83,341.7619,1.1524,,,,,,,13.83,328.9858,1.152375
,,,,,,13.84,341.7937,1.153225,,,,,,,13.84,328.9827,1.153225
,,,,,,13.85,341.8287,1.154037,,,,,,,13.85,328.9922,1.154075
,,,,,,13.86,341.87,1.154863,,,,,,,13.86,329.0431,1.154912
,,,,,,13.87,341.9081,1.1557,,,,,,,13.87,329.1194,1.155738
,,,,,,13.88,341.9558,1.156537,,,,,,,13.88,329.1734,1.156562
,,,,,,13.89,341.9908,1.157375,,,,,,,13.89,329.183,1.157387
,,,,,,13.9,342.0194,1.158225,,,,,,,13.9,329.1893,1.158225
,,,,,,13.91,342.0417,1.159063,,,,,,,13.91,329.1989,1.15905
,,,,,,13.92,342.0512,1.1599,,,,,,,13.92,329.2147,1.159887
,,,,,,13.93,342.0607,1.160725,,,,,,,13.93,329.2402,1.160738
,,,,,,13.94,342.0925,1.16155,,,,,,,13.94,329.2847,1.161575
,,,,,,13.95,342.1465,1.162387,,,,,,,13.95,329.3355,1.162413
,,,,,,13.96,342.207,1.163225,,,,,,,13.96,329.3546,1.163237
,,,,,,13.97,342.2674,1.164063,,,,,,,13.97,329.3673,1.164075
,,,,,,13.98,342.3246,1.1649,,,,,,,13.98,329.3769,1.164887
,,,,,,13.99,342.3754,1.16575,,,,,,,13.99,329.3864,1.165725
,,,,,,14,342.4295,1.166587,,,,,,,14,329.3959,1.166538
,,,,,,14.01,342.4835,1.167425,,,,,,,14.01,329.4118,1.167362
,,,,,,14.02,342.5344,1.16825,,,,,,,14.02,329.4214,1.168212
,,,,,,14.03,342.5598,1.169075,,,,,,,14.03,329.4309,1.16905
,,,,,,14.04,342.5821,1.1699,,,,,,,14.04,329.4532,1.1699
,,,,,,14.05,342.6011,1.170725,,,,,,,14.05,329.4881,1.170738
,,,,,,14.06,342.617,1.171538,,,,,,,14.06,329.5263,1.171575
,,,,,,14.07,342.6361,1.172375,,,,,,,14.07,329.5676,1.172413
,,,,,,14.08,342.6615,1.173213,,,,,,,14.08,329.5994,1.173225
,,,,,,14.09,342.6933,1.174062,,,,,,,14.09,329.6343,1.17405
,,,,,,14.1,342.7188,1.1749,,,,,,,14.1,329.663,1.1749
,,,,,,14.11,342.7378,1.175738,,,,,,,14.11,329.6884,1.175725
,,,,,,14.12,342.7569,1.176562,,,,,,,14.12,329.7043,1.17655
,,,,,,14.13,342.7887,1.177387,,,,,,,14.13,329.7106,1.1774
,,,,,,14.14,342.8332,1.178213,,,,,,,14.14,329.7202,1.178237
,,,,,,14.15,342.8777,1.179037,,,,,,,14.15,329.7393,1.179062
,,,,,,14.16,342.9095,1.1799,,,,,,,14.16,329.7742,1.1799
,,,,,,14.17,342.9254,1.180725,,,,,,,14.17,329.8219,1.180725
,,,,,,14.18,342.9604,1.181562,,,,,,,14.18,329.8696,1.18155
,,,,,,14.19,343.0017,1.1824,,,,,,,14.19,329.9077,1.182375
,,,,,,14.2,343.0494,1.183237,,,,,,,14.2,329.9204,1.183187
,,,,,,14.21,343.0907,1.184075,,,,,,,14.21,329.9363,1.184025
,,,,,,14.22,343.1225,1.184912,,,,,,,14.22,329.9459,1.18485
,,,,,,14.23,343.1479,1.185737,,,,,,,14.23,329.9522,1.185687
,,,,,,14.24,343.1765,1.186575,,,,,,,14.24,329.9554,1.186538
,,,,,,14.25,343.2178,1.187387,,,,,,,14.25,329.9618,1.187375
,,,,,,14.26,343.2465,1.188213,,,,,,,14.26,329.9554,1.188213
,,,,,,14.27,343.2719,1.18905,,,,,,,14.27,329.9713,1.18905
,,,,,,14.28,343.31,1.1899,,,,,,,14.28,330.019,1.189888
,,,,,,14.29,343.3546,1.19075,,,,,,,14.29,330.0794,1.190712
,,,,,,14.3,343.3736,1.191587,,,,,,,14.3,330.1334,1.191562
,,,,,,14.31,343.3895,1.192425,,,,,,,14.31,330.1907,1.192387
,,,,,,14.32,343.434,1.193262,,,,,,,14.32,330.2256,1.193225
,,,,,,14.33,343.504,1.194088,,,,,,,14.33,330.2193,1.194062
,,,,,,14.34,343.5516,1.1949,,,,,,,14.34,330.2034,1.1949
,,,,,,14.35,343.5771,1.195737,,,,,,,14.35,330.2097,1.19575
,,,,,,14.36,343.6152,1.196575,,,,,,,14.36,330.2383,1.196575
,,,,,,14.37,343.6883,1.1974,,,,,,,14.37,330.2797,1.197412
,,,,,,14.38,343.7583,1.198237,,,,,,,14.38,330.321,1.198225
,,,,,,14.39,343.8028,1.199062,,,,,,,14.39,330.3464,1.19905
,,,,,,14.4,343.8346,1.1999,,,,,,,14.4,330.3623,1.199875
,,,,,,14.41,343.8505,1.200737,,,,,,,14.41,330.3814,1.2007
,,,,,,14.42,343.8377,1.201563,,,,,,,14.42,330.4164,1.201525
,,,,,,14.43,343.8187,1.202387,,,,,,,14.43,330.4609,1.202375
,,,,,,14.44,343.8123,1.203212,,,,,,,14.44,330.5022,1.203212
,,,,,,14.45,343.8377,1.204037,,,,,,,14.45,330.5181,1.204062
,,,,,,14.46,343.8981,1.204862,,,,,,,14.46,330.5117,1.2049
,,,,,,14.47,343.9713,1.205688,,,,,,,14.47,330.5213,1.205725
,,,,,,14.48,344.0221,1.206537,,,,,,,14.48,330.5594,1.20655
,,,,,,14.49,344.0475,1.207387,,,,,,,14.49,330.6071,1.207375
,,,,,,14.5,344.0666,1.208238,,,,,,,14.5,330.6643,1.208225
,,,,,,14.51,344.1016,1.209075,,,,,,,14.51,330.6929,1.209075
,,,,,,14.52,344.1461,1.209912,,,,,,,14.52,330.6993,1.209912
,,,,,,14.53,344.1874,1.210737,,,,,,,14.53,330.7088,1.210737
,,,,,,14.54,344.2192,1.211563,,,,,,,14.54,330.7438,1.211587
,,,,,,14.55,344.2415,1.2124,,,,,,,14.55,330.7946,1.212425
,,,,,,14.56,344.2637,1.213238,,,,,,,14.56,330.836,1.213262
,,,,,,14.57,344.2892,1.214075,,,,,,,14.57,330.855,1.214087
,,,,,,14.58,344.3082,1.214912,,,,,,,14.58,330.855,1.214912
,,,,,,14.59,344.3336,1.21575,,,,,,,14.59,330.855,1.215737
,,,,,,14.6,344.3527,1.216575,,,,,,,14.6,330.8709,1.216563
,,,,,,14.61,344.3686,1.217412,,,,,,,14.61,330.9027,1.217375
,,,,,,14.62,344.3909,1.21825,,,,,,,14.62,330.9313,1.218212
,,,,,,14.63,344.4163,1.219062,,,,,,,14.63,330.9472,1.219062
,,,,,,14.64,344.4385,1.219875,,,,,,,14.64,330.9663,1.219912
,,,,,,14.65,344.4513,1.2207,,,,,,,14.65,330.9981,1.22075
,,,,,,14.66,344.464,1.221525,,,,,,,14.66,331.0394,1.221587
,,,,,,14.67,344.5021,1.22235,,,,,,,14.67,331.0776,1.222412
,,,,,,14.68,344.5562,1.223187,,,,,,,14.68,331.1094,1.223238
,,,,,,14.69,344.607,1.224038,,,,,,,14.69,331.1348,1.22405
,,,,,,14.7,344.6484,1.224875,,,,,,,14.7,331.1602,1.224887
,,,,,,14.71,344.6738,1.225712,,,,,,,14.71,331.1952,1.225725
,,,,,,14.72,344.7024,1.22655,,,,,,,14.72,331.2302,1.22655
,,,,,,14.73,344.7374,1.227387,,,,,,,14.73,331.2588,1.227387
,,,,,,14.74,344.7787,1.228212,,,,,,,14.74,331.2651,1.228212
,,,,,,14.75,344.82,1.229062,,,,,,,14.75,331.2715,1.22905
,,,,,,14.76,344.8582,1.2299,,,,,,,14.76,331.2842,1.2299
,,,,,,14.77,344.9059,1.230737,,,,,,,14.77,331.3001,1.230725
,,,,,,14.78,344.9503,1.231575,,,,,,,14.78,331.3001,1.23155
,,,,,,14.79,344.9949,1.232412,,,,,,,14.79,331.2842,1.232375
,,,,,,14.8,345.0457,1.23325,,,,,,,14.8,331.2969,1.2332
,,,,,,14.81,345.1157,1.234087,,,,,,,14.81,331.3224,1.234025
,,,,,,14.82,345.1761,1.234925,,,,,,,14.82,331.3573,1.234862
,,,,,,14.83,345.2015,1.23575,,,,,,,14.83,331.3955,1.235713
,,,,,,14.84,345.1983,1.236562,,,,,,,14.84,331.4272,1.23655
,,,,,,14.85,345.1824,1.237387,,,,,,,14.85,331.4559,1.237412
,,,,,,14.86,345.1888,1.238212,,,,,,,14.86,331.4877,1.238238
,,,,,,14.87,345.2015,1.239038,,,,,,,14.87,331.5322,1.239062
,,,,,,14.88,345.2238,1.239875,,,,,,,14.88,331.5926,1.2399
,,,,,,14.89,345.2396,1.240725,,,,,,,14.89,331.653,1.240713
,,,,,,14.9,345.2587,1.241562,,,,,,,14.9,331.6943,1.241562
,,,,,,14.91,345.3,1.2424,,,,,,,14.91,331.7197,1.242387
,,,,,,14.92,345.3445,1.243237,,,,,,,14.92,331.7292,1.243225
,,,,,,14.93,345.389,1.244062,,,,,,,14.93,331.7261,1.244062
,,,,,,14.94,345.4399,1.244887,,,,,,,14.94,331.7261,1.2449
,,,,,,14.95,345.4749,1.245725,,,,,,,14.95,331.7515,1.245737
,,,,,,14.96,345.4908,1.246562,,,,,,,14.96,331.7865,1.246575
,,,,,,14.97,345.4908,1.247387,,,,,,,14.97,331.831,1.2474
,,,,,,14.98,345.5067,1.248225,,,,,,,14.98,331.8882,1.248225
,,,,,,14.99,345.5321,1.249075,,,,,,,14.99,331.9422,1.24905
,,,,,,15,345.5512,1.249913,,,,,,,15,331.9963,1.249875
,,,,,,15.01,345.5766,1.25075,,,,,,,15.01,332.0376,1.2507
,,,,,,15.02,345.6179,1.251575,,,,,,,15.02,332.0535,1.251537
,,,,,,15.03,345.6561,1.2524,,,,,,,15.03,332.0344,1.252375
,,,,,,15.04,345.6815,1.253225,,,,,,,15.04,332.009,1.253225
,,,,,,15.05,345.6879,1.25405,,,,,,,15.05,332.009,1.254062
,,,,,,15.06,345.6879,1.254875,,,,,,,15.06,332.044,1.2549
,,,,,,15.07,345.7228,1.255713,,,,,,,15.07,332.0789,1.255737
,,,,,,15.08,345.7801,1.25655,,,,,,,15.08,332.0948,1.256562
,,,,,,15.09,345.8246,1.257388,,,,,,,15.09,332.1044,1.257375
,,,,,,15.1,345.8341,1.258237,,,,,,,15.1,332.133,1.258225
,,,,,,15.11,345.8246,1.259075,,,,,,,15.11,332.1807,1.259062
,,,,,,15.12,345.8341,1.259912,,,,,,,15.12,332.2061,1.2599
,,,,,,15.13,345.8786,1.260725,,,,,,,15.13,332.1997,1.260737
,,,,,,15.14,345.9358,1.26155,,,,,,,15.14,332.2156,1.261575
,,,,,,15.15,345.9803,1.262388,,,,,,,15.15,332.2665,1.262412
,,,,,,15.16,346.0058,1.263225,,,,,,,15.16,332.3205,1.263237
,,,,,,15.17,346.0153,1.26405,,,,,,,15.17,332.3555,1.264075
,,,,,,15.18,346.0058,1.264887,,,,,,,15.18,332.3714,1.2649
,,,,,,15.19,346.0058,1.265725,,,,,,,15.19,332.3651,1.265712
,,,,,,15.2,346.0407,1.266575,,,,,,,15.2,332.3555,1.266537
,,,,,,15.21,346.098,1.2674,,,,,,,15.21,332.3714,1.267362
,,,,,,15.22,346.1266,1.268225,,,,,,,15.22,332.3968,1.268188
,,,,,,15.23,346.1425,1.26905,,,,,,,15.23,332.4127,1.269025
,,,,,,15.24,346.1774,1.269887,,,,,,,15.24,332.4381,1.269875
,,,,,,15.25,346.2346,1.270712,,,,,,,15.25,332.489,1.270725
,,,,,,15.26,346.2791,1.271537,,,,,,,15.26,332.559,1.271562
,,,,,,15.27,346.2887,1.272375,,,,,,,15.27,332.6098,1.2724
,,,,,,15.28,346.2791,1.273212,,,,,,,15.28,332.6353,1.273225
,,,,,,15.29,346.2696,1.274063,,,,,,,15.29,332.6448,1.274037
,,,,,,15.3,346.2728,1.274912,,,,,,,15.3,332.6448,1.274887
,,,,,,15.31,346.2823,1.27575,,,,,,,15.31,332.6448,1.275725
,,,,,,15.32,346.295,1.276587,,,,,,,15.32,332.6638,1.27655
,,,,,,15.33,346.3141,1.277412,,,,,,,15.33,332.7115,1.277387
,,,,,,15.34,346.3491,1.278225,,,,,,,15.34,332.7719,1.278225
,,,,,,15.35,346.4063,1.279063,,,,,,,15.35,332.8005,1.279087
,,,,,,15.36,346.4762,1.2799,,,,,,,15.36,332.7974,1.279912
,,,,,,15.37,346.543,1.280738,,,,,,,15.37,332.7847,1.280738
,,,,,,15.38,346.5716,1.281575,,,,,,,15.38,332.8069,1.281562
,,,,,,15.39,346.5716,1.282412,,,,,,,15.39,332.8514,1.282387
,,,,,,15.4,346.578,1.28325,,,,,,,15.4,332.9023,1.2832
,,,,,,15.41,346.6066,1.284087,,,,,,,15.41,332.9277,1.284025
,,,,,,15.42,346.6479,1.284912,,,,,,,15.42,332.9373,1.28485
,,,,,,15.43,346.6733,1.28575,,,,,,,15.43,332.9468,1.2857
,,,,,,15.44,346.6829,1.286562,,,,,,,15.44,332.969,1.28655
,,,,,,15.45,346.6988,1.287387,,,,,,,15.45,333.004,1.287387
,,,,,,15.46,346.7274,1.288212,,,,,,,15.46,333.058,1.288225
,,,,,,15.47,346.7592,1.28905,,,,,,,15.47,333.1184,1.289063
,,,,,,15.48,346.7751,1.289887,,,,,,,15.48,333.1598,1.289887
,,,,,,15.49,346.7878,1.29075,,,,,,,15.49,333.2011,1.290712
,,,,,,15.5,346.81,1.291587,,,,,,,15.5,333.2392,1.29155
,,,,,,15.51,346.8386,1.292425,,,,,,,15.51,333.2615,1.2924
,,,,,,15.52,346.8863,1.293262,,,,,,,15.52,333.2551,1.293225
,,,,,,15.53,346.9467,1.294087,,,,,,,15.53,333.2551,1.294075
,,,,,,15.54,346.9912,1.2949,,,,,,,15.54,333.2806,1.294912
,,,,,,15.55,347.023,1.295738,,,,,,,15.55,333.3155,1.29575
,,,,,,15.56,347.0357,1.296575,,,,,,,15.56,333.3664,1.296575
,,,,,,15.57,347.0262,1.297413,,,,,,,15.57,333.4268,1.297413
,,,,,,15.58,347.0103,1.29825,,,,,,,15.58,333.4745,1.298237
,,,,,,15.59,346.9976,1.299075,,,,,,,15.59,333.4936,1.29905
,,,,,,15.6,347.0008,1.299912,,,,,,,15.6,333.5095,1.299887
,,,,,,15.61,347.023,1.300738,,,,,,,15.61,333.5126,1.3007
,,,,,,15.62,347.0516,1.301562,,,,,,,15.62,333.5031,1.301538
,,,,,,15.63,347.1025,1.302387,,,,,,,15.63,333.5031,1.302375
,,,,,,15.64,347.1534,1.303213,,,,,,,15.64,333.519,1.303225
,,,,,,15.65,347.1788,1.304037,,,,,,,15.65,333.5444,1.304062
,,,,,,15.66,347.2042,1.304862,,,,,,,15.66,333.5635,1.3049
,,,,,,15.67,347.2296,1.3057,,,,,,,15.67,333.5984,1.305725
,,,,,,15.68,347.2392,1.306525,,,,,,,15.68,333.6588,1.306562
,,,,,,15.69,347.2328,1.307375,,,,,,,15.69,333.7351,1.307375
,,,,,,15.7,347.2487,1.308225,,,,,,,15.7,333.8019,1.308213
,,,,,,15.71,347.2932,1.309062,,,,,,,15.71,333.8273,1.309062
,,,,,,15.72,347.3536,1.309887,,,,,,,15.72,333.8114,1.309887
,,,,,,15.73,347.395,1.310725,,,,,,,15.73,333.7797,1.310725
,,,,,,15.74,347.414,1.31155,,,,,,,15.74,333.7606,1.311575
,,,,,,15.75,347.4299,1.3124,,,,,,,15.75,333.7701,1.3124
,,,,,,15.76,347.4617,1.313237,,,,,,,15.76,333.8273,1.31325
,,,,,,15.77,347.5062,1.314075,,,,,,,15.77,333.8909,1.314088
,,,,,,15.78,347.5571,1.314912,,,,,,,15.78,333.9481,1.3149
,,,,,,15.79,347.6016,1.31575,,,,,,,15.79,333.9736,1.315737
,,,,,,15.8,347.6365,1.316587,,,,,,,15.8,333.9895,1.31655
,,,,,,15.81,347.6524,1.317425,,,,,,,15.81,334.0022,1.317375
,,,,,,15.82,347.6588,1.318262,,,,,,,15.82,334.0276,1.318213
,,,,,,15.83,347.6683,1.319088,,,,,,,15.83,334.0435,1.319062
,,,,,,15.84,347.6938,1.3199,,,,,,,15.84,334.0499,1.319912
,,,,,,15.85,347.7287,1.320712,,,,,,,15.85,334.0435,1.320763
,,,,,,15.86,347.7605,1.321537,,,,,,,15.86,334.0594,1.321587
,,,,,,15.87,347.7701,1.322375,,,,,,,15.87,334.1103,1.322425
,,,,,,15.88,347.7701,1.3232,,,,,,,15.88,334.1897,1.32325
,,,,,,15.89,347.7637,1.32405,,,,,,,15.89,334.2597,1.324062
,,,,,,15.9,347.7796,1.3249,,,,,,,15.9,334.2914,1.3249
,,,,,,15.91,347.8209,1.325737,,,,,,,15.91,334.2851,1.325725
,,,,,,15.92,347.8813,1.326563,,,,,,,15.92,334.2851,1.326563
,,,,,,15.93,347.9354,1.327387,,,,,,,15.93,334.301,1.3274
,,,,,,15.94,347.9799,1.328212,,,,,,,15.94,334.3264,1.328237
,,,,,,15.95,347.9926,1.329062,,,,,,,15.95,334.3519,1.329062
,,,,,,15.96,347.9672,1.329888,,,,,,,15.96,334.3677,1.3299
,,,,,,15.97,347.9449,1.330725,,,,,,,15.97,334.3868,1.330725
,,,,,,15.98,347.9672,1.331575,,,,,,,15.98,334.4313,1.33155
,,,,,,15.99,348.0212,1.332412,,,,,,,15.99,334.4949,1.332375
,,,,,,16,348.0816,1.33325,,,,,,,16,334.5553,1.3332
,,,,,,16.01,348.1165,1.334087,,,,,,,16.01,334.5903,1.334025
,,,,,,16.02,348.1388,1.334925,,,,,,,16.02,334.603,1.334862
,,,,,,16.03,348.1483,1.335737,,,,,,,16.03,334.6189,1.3357
,,,,,,16.04,348.1642,1.336563,,,,,,,16.04,334.6411,1.336563
,,,,,,16.05,348.1928,1.337387,,,,,,,16.05,334.6602,1.3374
,,,,,,16.06,348.2183,1.338212,,,,,,,16.06,334.6761,1.338238
,,,,,,16.07,348.2278,1.33905,,,,,,,16.07,334.6952,1.339075
,,,,,,16.08,348.2342,1.339887,,,,,,,16.08,334.7206,1.3399
,,,,,,16.09,348.2501,1.340737,,,,,,,16.09,334.7556,1.340712
,,,,,,16.1,348.2946,1.341575,,,,,,,16.1,334.7969,1.341575
,,,,,,16.11,348.3454,1.342412,,,,,,,16.11,334.8319,1.3424
,,,,,,16.12,348.3804,1.343238,,,,,,,16.12,334.8636,1.343238
,,,,,,16.13,348.4122,1.344062,,,,,,,16.13,334.9018,1.344075
,,,,,,16.14,348.4503,1.344875,,,,,,,16.14,334.9527,1.344912
,,,,,,16.15,348.5012,1.345725,,,,,,,16.15,334.9845,1.345737
,,,,,,16.16,348.5584,1.34655,,,,,,,16.16,334.9972,1.346575
,,,,,,16.17,348.6029,1.347375,,,,,,,16.17,335.0194,1.3474
,,,,,,16.18,348.6284,1.348212,,,,,,,16.18,335.048,1.348225
,,,,,,16.19,348.6538,1.34905,,,,,,,16.19,335.083,1.34905
,,,,,,16.2,348.6729,1.349887,,,,,,,16.2,335.1084,1.349862
,,,,,,16.21,348.6888,1.350725,,,,,,,16.21,335.1307,1.350688
,,,,,,16.22,348.7047,1.35155,,,,,,,16.22,335.1466,1.351512
,,,,,,16.23,348.7142,1.352375,,,,,,,16.23,335.1815,1.35235
,,,,,,16.24,348.7301,1.353212,,,,,,,16.24,335.2165,1.3532
,,,,,,16.25,348.7396,1.354038,,,,,,,16.25,335.2419,1.354038
,,,,,,16.26,348.7555,1.354862,,,,,,,16.26,335.2547,1.354887
,,,,,,16.27,348.765,1.3557,,,,,,,16.27,335.2865,1.355725
,,,,,,16.28,348.7905,1.356537,,,,,,,16.28,335.331,1.35655
,,,,,,16.29,348.8159,1.357387,,,,,,,16.29,335.3787,1.357375
,,,,,,16.3,348.8254,1.358225,,,,,,,16.3,335.4232,1.358225
,,,,,,16.31,348.8413,1.359075,,,,,,,16.31,335.4677,1.359062
,,,,,,16.32,348.8668,1.359913,,,,,,,16.32,335.5154,1.3599
,,,,,,16.33,348.8954,1.360737,,,,,,,16.33,335.5535,1.360737
,,,,,,16.34,348.9208,1.361562,,,,,,,16.34,335.5789,1.361575
,,,,,,16.35,348.9558,1.3624,,,,,,,16.35,335.5757,1.362425
,,,,,,16.36,348.9876,1.363225,,,,,,,16.36,335.5694,1.36325
,,,,,,16.37,348.9971,1.364062,,,,,,,16.37,335.5884,1.364087
,,,,,,16.38,349.013,1.3649,,,,,,,16.38,335.6298,1.364913
,,,,,,16.39,349.0575,1.365737,,,,,,,16.39,335.6711,1.365725
,,,,,,16.4,349.0988,1.366575,,,,,,,16.4,335.6902,1.366537
,,,,,,16.41,349.1179,1.367412,,,,,,,16.41,335.687,1.367375
,,,,,,16.42,349.1179,1.368237,,,,,,,16.42,335.6902,1.3682
,,,,,,16.43,349.1274,1.369062,,,,,,,16.43,335.7156,1.36905
,,,,,,16.44,349.1433,1.369875,,,,,,,16.44,335.7474,1.369887
,,,,,,16.45,349.1688,1.370713,,,,,,,16.45,335.7665,1.370737
,,,,,,16.46,349.1942,1.371537,,,,,,,16.46,335.7951,1.371562
,,,,,,16.47,349.2228,1.372362,,,,,,,16.47,335.8682,1.3724
,,,,,,16.48,349.2546,1.3732,,,,,,,16.48,335.9636,1.373225
,,,,,,16.49,349.2832,1.374062,,,,,,,16.49,336.0144,1.374038
,,,,,,16.5,349.3087,1.374913,,,,,,,16.5,336.0081,1.374887
,,,,,,16.51,349.3436,1.375737,,,,,,,16.51,335.989,1.375725
,,,,,,16.52,349.3913,1.376575,,,,,,,16.52,335.9922,1.376562
,,,,,,16.53,349.4326,1.377412,,,,,,,16.53,336.0176,1.377388
,,,,,,16.54,349.4708,1.378225,,,,,,,16.54,336.0589,1.378237
,,,,,,16.55,349.5216,1.379062,,,,,,,16.55,336.1098,1.379075
,,,,,,16.56,349.563,1.3799,,,,,,,16.56,336.1543,1.379912
,,,,,,16.57,349.5661,1.38075,,,,,,,16.57,336.1893,1.380737
,,,,,,16.58,349.5471,1.381575,,,,,,,16.58,336.2115,1.381562
,,,,,,16.59,349.5312,1.382425,,,,,,,16.59,336.2306,1.382375
,,,,,,16.6,349.5407,1.38325,,,,,,,16.6,336.256,1.383212
,,,,,,16.61,349.582,1.384087,,,,,,,16.61,336.3005,1.384037
,,,,,,16.62,349.6265,1.384912,,,,,,,16.62,336.3514,1.384875
,,,,,,16.63,349.6647,1.385737,,,,,,,16.63,336.3927,1.385713
,,,,,,16.64,349.6933,1.386562,,,,,,,16.64,336.4245,1.38655
,,,,,,16.65,349.7028,1.387388,,,,,,,16.65,336.4468,1.3874
,,,,,,16.66,349.7251,1.3882,,,,,,,16.66,336.4785,1.388237
,,,,,,16.67,349.7537,1.389037,,,,,,,16.67,336.504,1.389063
,,,,,,16.68,349.7632,1.389875,,,,,,,16.68,336.5199,1.389887
,,,,,,16.69,349.7632,1.390725,,,,,,,16.69,336.5453,1.390712
,,,,,,16.7,349.7696,1.391562,,,,,,,16.7,336.5739,1.39155
,,,,,,16.71,349.795,1.3924,,,,,,,16.71,336.6057,1.392388
,,,,,,16.72,349.8236,1.393237,,,,,,,16.72,336.6248,1.393212
,,,,,,16.73,349.865,1.394063,,,,,,,16.73,336.6439,1.394063
,,,,,,16.74,349.8999,1.394887,,,,,,,16.74,336.682,1.394887
,,,,,,16.75,349.9317,1.395737,,,,,,,16.75,336.7265,1.395725
,,,,,,16.76,349.9667,1.396562,,,,,,,16.76,336.7615,1.396562
,,,,,,16.77,350.0016,1.3974,,,,,,,16.77,336.7869,1.3974
,,,,,,16.78,350.0271,1.398237,,,,,,,16.78,336.7964,1.398225
,,,,,,16.79,350.0334,1.399075,,,,,,,16.79,336.7964,1.39905
,,,,,,16.8,350.0366,1.399912,,,,,,,16.8,336.7933,1.399875
,,,,,,16.81,350.0684,1.400738,,,,,,,16.81,336.8123,1.4007
,,,,,,16.82,350.0938,1.401575,,,,,,,16.82,336.8537,1.401537
,,,,,,16.83,350.1193,1.4024,,,,,,,16.83,336.8982,1.402375
,,,,,,16.84,350.1447,1.403225,,,,,,,16.84,336.949,1.403225
,,,,,,16.85,350.1701,1.404037,,,,,,,16.85,337.019,1.404075
,,,,,,16.86,350.1829,1.404863,,,,,,,16.86,337.0889,1.404912
,,,,,,16.87,350.2051,1.405687,,,,,,,16.87,337.1493,1.40575
,,,,,,16.88,350.2592,1.406537,,,,,,,16.88,337.2002,1.406575
,,,,,,16.89,350.3036,1.407387,,,,,,,16.89,337.2479,1.407387
,,,,,,16.9,350.3036,1.408237,,,,,,,16.9,337.2765,1.408225
,,,,,,16.91,350.275,1.409075,,,,,,,16.91,337.2955,1.409063
,,,,,,16.92,350.2592,1.4099,,,,,,,16.92,337.3019,1.4099
,,,,,,16.93,350.2846,1.410725,,,,,,,16.93,337.2924,1.41075
,,,,,,16.94,350.345,1.41155,,,,,,,16.94,337.2828,1.411587
,,,,,,16.95,350.4054,1.412387,,,,,,,16.95,337.2955,1.412412
,,,,,,16.96,350.4721,1.413237,,,,,,,16.96,337.3464,1.41325
,,,,,,16.97,350.5262,1.414063,,,,,,,16.97,337.3877,1.414075
,,,,,,16.98,350.5612,1.4149,,,,,,,16.98,337.4068,1.4149
,,,,,,16.99,350.577,1.41575,,,,,,,16.99,337.4386,1.415725
,,,,,,17,350.5866,1.416587,,,,,,,17,337.4735,1.41655
,,,,,,17.01,350.6088,1.417425,,,,,,,17.01,337.4894,1.417375
,,,,,,17.02,350.6342,1.41825,,,,,,,17.02,337.4831,1.418212
,,,,,,17.03,350.6629,1.419075,,,,,,,17.03,337.499,1.419075
,,,,,,17.04,350.6978,1.4199,,,,,,,17.04,337.5562,1.419912
,,,,,,17.05,350.7296,1.420712,,,,,,,17.05,337.6293,1.42075
,,,,,,17.06,350.7582,1.421538,,,,,,,17.06,337.6961,1.421587
,,,,,,17.07,350.7741,1.422375,,,,,,,17.07,337.7469,1.422425
,,,,,,17.08,350.7837,1.423212,,,,,,,17.08,337.7883,1.42325
,,,,,,17.09,350.7996,1.42405,,,,,,,17.09,337.8264,1.424062
,,,,,,17.1,350.8091,1.4249,,,,,,,17.1,337.8614,1.424912
,,,,,,17.11,350.8314,1.425738,,,,,,,17.11,337.8932,1.425738
,,,,,,17.12,350.86,1.426562,,,,,,,17.12,337.9281,1.426575
,,,,,,17.13,350.9013,1.427387,,,,,,,17.13,337.9631,1.427413
,,,,,,17.14,350.9458,1.428213,,,,,,,17.14,337.979,1.428237
,,,,,,17.15,350.9935,1.42905,,,,,,,17.15,337.9949,1.429075
,,,,,,17.16,351.0221,1.429887,,,,,,,17.16,338.0457,1.4299
,,,,,,17.17,351.0316,1.430725,,,,,,,17.17,338.1061,1.430725
,,,,,,17.18,351.0284,1.431562,,,,,,,17.18,338.1411,1.43155
,,,,,,17.19,351.038,1.4324,,,,,,,17.19,338.1348,1.432375
,,,,,,17.2,351.0666,1.433237,,,,,,,17.2,338.1252,1.4332
,,,,,,17.21,351.1047,1.434062,,,,,,,17.21,338.1348,1.434025
,,,,,,17.22,351.127,1.4349,,,,,,,17.22,338.1697,1.43485
,,,,,,17.23,351.127,1.435725,,,,,,,17.23,338.2206,1.4357
,,,,,,17.24,351.1334,1.436562,,,,,,,17.24,338.281,1.436538
,,,,,,17.25,351.1524,1.437387,,,,,,,17.25,338.3223,1.437387
,,,,,,17.26,351.2001,1.438213,,,,,,,17.26,338.3287,1.438225
,,,,,,17.27,351.2351,1.43905,,,,,,,17.27,338.3223,1.439062
,,,,,,17.28,351.2446,1.439875,,,,,,,17.28,338.3382,1.439887
,,,,,,17.29,351.2446,1.440737,,,,,,,17.29,338.3573,1.440712
,,,,,,17.3,351.2764,1.441575,,,,,,,17.3,338.3827,1.441562
,,,,,,17.31,351.3241,1.442412,,,,,,,17.31,338.424,1.4424
,,,,,,17.32,351.3718,1.44325,,,,,,,17.32,338.4781,1.443225
,,,,,,17.33,351.4163,1.444075,,,,,,,17.33,338.5449,1.444075
,,,,,,17.34,351.4671,1.444888,,,,,,,17.34,338.6053,1.444912
,,,,,,17.35,351.5021,1.445725,,,,,,,17.35,338.6497,1.44575
,,,,,,17.36,351.518,1.446562,,,,,,,17.36,338.6815,1.446587
,,,,,,17.37,351.5339,1.447387,,,,,,,17.37,338.7006,1.447425
,,,,,,17.38,351.5371,1.448225,,,,,,,17.38,338.7229,1.448237
,,,,,,17.39,351.5339,1.44905,,,,,,,17.39,338.7419,1.44905
,,,,,,17.4,351.5434,1.449888,,,,,,,17.4,338.7769,1.449875
,,,,,,17.41,351.572,1.450725,,,,,,,17.41,338.8214,1.4507
,,,,,,17.42,351.607,1.451562,,,,,,,17.42,338.8564,1.451525
,,,,,,17.43,351.6293,1.452387,,,,,,,17.43,338.8691,1.452375
,,,,,,17.44,351.6451,1.453212,,,,,,,17.44,338.8564,1.453212
,,,,,,17.45,351.6801,1.454037,,,,,,,17.45,338.8564,1.454062
,,,,,,17.46,351.731,1.454862,,,,,,,17.46,338.8818,1.454888
,,,,,,17.47,351.7691,1.455687,,,,,,,17.47,338.9295,1.455725
,,,,,,17.48,351.7787,1.456525,,,,,,,17.48,338.9803,1.45655
,,,,,,17.49,351.7787,1.457387,,,,,,,17.49,339.0153,1.457375
,,,,,,17.5,351.7946,1.458225,,,,,,,17.5,339.0503,1.458212
,,,,,,17.51,351.8423,1.459075,,,,,,,17.51,339.0916,1.459062
,,,,,,17.52,351.8963,1.459912,,,,,,,17.52,339.1266,1.4599
,,,,,,17.53,351.9408,1.460737,,,,,,,17.53,339.152,1.460737
,,,,,,17.54,351.9758,1.46155,,,,,,,17.54,339.187,1.461575
,,,,,,17.55,352.0012,1.4624,,,,,,,17.55,339.2379,1.462412
,,,,,,17.56,352.0075,1.463225,,,,,,,17.56,339.276,1.46325
,,,,,,17.57,352.0139,1.464062,,,,,,,17.57,339.3141,1.464087
,,,,,,17.58,352.0171,1.464912,,,,,,,17.58,339.3586,1.464912
,,,,,,17.59,352.0425,1.46575,,,,,,,17.59,339.4095,1.465725
,,,,,,17.6,352.0679,1.466587,,,,,,,17.6,339.4381,1.46655
,,,,,,17.61,352.087,1.467412,,,,,,,17.61,339.4636,1.467375
,,,,,,17.62,352.1093,1.468238,,,,,,,17.62,339.4985,1.468212
,,,,,,17.63,352.1474,1.469062,,,,,,,17.63,339.5399,1.46905
,,,,,,17.64,352.1856,1.469875,,,,,,,17.64,339.5557,1.4699
,,,,,,17.65,352.211,1.470712,,,,,,,17.65,339.5399,1.470737
,,,,,,17.66,352.2237,1.471525,,,,,,,17.66,339.5399,1.471575
,,,,,,17.67,352.2301,1.47235,,,,,,,17.67,339.5748,1.4724
,,,,,,17.68,352.2332,1.473187,,,,,,,17.68,339.6193,1.473225
,,,,,,17.69,352.2587,1.474037,,,,,,,17.69,339.6702,1.474037
,,,,,,17.7,352.2968,1.474875,,,,,,,17.7,339.7115,1.474887
,,,,,,17.71,352.3254,1.475725,,,,,,,17.71,339.7433,1.475712
,,,,,,17.72,352.3572,1.476563,,,,,,,17.72,339.7465,1.476537
,,,,,,17.73,352.3954,1.477387,,,,,,,17.73,339.7465,1.477375
,,,,,,17.74,352.4367,1.478212,,,,,,,17.74,339.7624,1.478212
,,,,,,17.75,352.4685,1.479062,,,,,,,17.75,339.8069,1.47905
,,,,,,17.76,352.478,1.4799,,,,,,,17.76,339.8673,1.479887
,,,,,,17.77,352.4717,1.480737,,,,,,,17.77,339.9182,1.480725
,,,,,,17.78,352.4875,1.481575,,,,,,,17.78,339.9436,1.48155
,,,,,,17.79,352.513,1.482425,,,,,,,17.79,339.9658,1.482375
,,,,,,17.8,352.5416,1.483262,,,,,,,17.8,339.9849,1.4832
,,,,,,17.81,352.5734,1.484087,,,,,,,17.81,340.0135,1.484025
,,,,,,17.82,352.5988,1.484937,,,,,,,17.82,340.0358,1.484862
,,,,,,17.83,352.6243,1.48575,,,,,,,17.83,340.0389,1.4857
,,,,,,17.84,352.6592,1.486575,,,,,,,17.84,340.0548,1.48655
,,,,,,17.85,352.7133,1.487387,,,,,,,17.85,340.0962,1.4874
,,,,,,17.86,352.7641,1.488212,,,,,,,17.86,340.147,1.488238
,,,,,,17.87,352.7864,1.489038,,,,,,,17.87,340.1725,1.489075
,,,,,,17.88,352.7864,1.489887,,,,,,,17.88,340.1852,1.4899
,,,,,,17.89,352.7991,1.490737,,,,,,,17.89,340.201,1.490712
,,,,,,17.9,352.8309,1.491575,,,,,,,17.9,340.2328,1.491562
,,,,,,17.91,352.8627,1.492412,,,,,,,17.91,340.271,1.492387
,,,,,,17.92,352.8817,1.49325,,,,,,,17.92,340.3028,1.493225
,,,,,,17.93,352.9008,1.494075,,,,,,,17.93,340.3091,1.494062
,,,,,,17.94,352.9104,1.494887,,,,,,,17.94,340.3028,1.4949
,,,,,,17.95,352.9231,1.495725,,,,,,,17.95,340.3123,1.495737
,,,,,,17.96,352.9326,1.496562,,,,,,,17.96,340.3346,1.496562
,,,,,,17.97,352.958,1.497387,,,,,,,17.97,340.3632,1.4974
,,,,,,17.98,353.0026,1.498225,,,,,,,17.98,340.3982,1.498212
,,,,,,17.99,353.0566,1.499075,,,,,,,17.99,340.4236,1.49905
,,,,,,18,353.0947,1.499913,,,,,,,18,340.4299,1.499862
,,,,,,18.01,353.0979,1.500737,,,,,,,18.01,340.4395,1.5007
,,,,,,18.02,353.1043,1.501575,,,,,,,18.02,340.4681,1.501525
,,,,,,18.03,353.1234,1.502387,,,,,,,18.03,340.4999,1.502375
,,,,,,18.04,353.1583,1.503212,,,,,,,18.04,340.5158,1.503225
,,,,,,18.05,353.1901,1.504037,,,,,,,18.05,340.5349,1.504075
,,,,,,18.06,353.2155,1.504862,,,,,,,18.06,340.5667,1.5049
,,,,,,18.07,353.2346,1.5057,,,,,,,18.07,340.6048,1.505737
,,,,,,18.08,353.2505,1.506537,,,,,,,18.08,340.6397,1.506562
,,,,,,18.09,353.2791,1.507388,,,,,,,18.09,340.662,1.507388
,,,,,,18.1,353.3109,1.508237,,,,,,,18.1,340.6811,1.508225
,,,,,,18.11,353.3363,1.509062,,,,,,,18.11,340.7319,1.509075
,,,,,,18.12,353.3649,1.5099,,,,,,,18.12,340.7923,1.509912
,,,,,,18.13,353.4126,1.510725,,,,,,,18.13,340.8273,1.510737
,,,,,,18.14,353.4635,1.511537,,,,,,,18.14,340.8369,1.511575
,,,,,,18.15,353.4921,1.512388,,,,,,,18.15,340.8432,1.512412
,,,,,,18.16,353.4921,1.513225,,,,,,,18.16,340.8591,1.51325
,,,,,,18.17,353.473,1.51405,,,,,,,18.17,340.8686,1.514075
,,,,,,18.18,353.4635,1.514887,,,,,,,18.18,340.8782,1.514912
,,,,,,18.19,353.4889,1.515725,,,,,,,18.19,340.8845,1.515725
,,,,,,18.2,353.5143,1.516562,,,,,,,18.2,340.875,1.51655
,,,,,,18.21,353.5334,1.5174,,,,,,,18.21,340.8495,1.517362
,,,,,,18.22,353.5525,1.518237,,,,,,,18.22,340.8273,1.5182
,,,,,,18.23,353.5938,1.519063,,,,,,,18.23,340.8178,1.51905
,,,,,,18.24,353.6352,1.519887,,,,,,,18.24,340.8082,1.519887
,,,,,,18.25,353.6542,1.520712,,,,,,,18.25,340.7987,1.520725
,,,,,,18.26,353.6606,1.521537,,,,,,,18.26,340.7987,1.521575
,,,,,,18.27,353.6797,1.522362,,,,,,,18.27,340.8369,1.5224
,,,,,,18.28,353.7083,1.5232,,,,,,,18.28,340.8972,1.523225
,,,,,,18.29,353.7337,1.52405,,,,,,,18.29,340.9481,1.52405
,,,,,,18.3,353.7464,1.5249,,,,,,,18.3,340.9735,1.524887
,,,,,,18.31,353.7591,1.525737,,,,,,,18.31,340.9958,1.525725
,,,,,,18.32,353.8004,1.526575,,,,,,,18.32,341.0212,1.526562
,,,,,,18.33,353.8608,1.5274,,,,,,,18.33,341.0498,1.5274
,,,,,,18.34,353.9117,1.528225,,,,,,,18.34,341.0848,1.528237
,,,,,,18.35,353.9435,1.529063,,,,,,,18.35,341.1166,1.529075
,,,,,,18.36,353.9435,1.529887,,,,,,,18.36,341.1325,1.529912
,,,,,,18.37,353.9213,1.530725,,,,,,,18.37,341.142,1.530725
,,,,,,18.38,353.9117,1.531562,,,,,,,18.38,341.1611,1.53155
,,,,,,18.39,353.9467,1.5324,,,,,,,18.39,341.2024,1.532375
,,,,,,18.4,354.0134,1.53325,,,,,,,18.4,341.2437,1.5332
,,,,,,18.41,354.0929,1.534075,,,,,,,18.41,341.2819,1.534025
,,,,,,18.42,354.1756,1.5349,,,,,,,18.42,341.3137,1.53485
,,,,,,18.43,354.2201,1.535725,,,,,,,18.43,341.3328,1.5357
,,,,,,18.44,354.2105,1.536562,,,,,,,18.44,341.3423,1.53655
,,,,,,18.45,354.1692,1.537375,,,,,,,18.45,341.3423,1.537387
,,,,,,18.46,354.1501,1.5382,,,,,,,18.46,341.3296,1.538225
,,,,,,18.47,354.1501,1.539037,,,,,,,18.47,341.3137,1.539063
,,,,,,18.48,354.166,1.539875,,,,,,,18.48,341.3169,1.539887
,,,,,,18.49,354.1883,1.540725,,,,,,,18.49,341.355,1.540712
,,,,,,18.5,354.2201,1.541575,,,,,,,18.5,341.39,1.54155
,,,,,,18.51,354.2646,1.542413,,,,,,,18.51,341.4154,1.5424
,,,,,,18.52,354.3154,1.54325,,,,,,,18.52,341.4408,1.543237
,,,,,,18.53,354.3504,1.544075,,,,,,,18.53,341.4631,1.544075
,,,,,,18.54,354.3727,1.5449,,,,,,,18.54,341.4854,1.544912
,,,,,,18.55,354.3854,1.545738,,,,,,,18.55,341.4949,1.54575
,,,,,,18.56,354.4235,1.546562,,,,,,,18.56,341.5044,1.546587
,,,,,,18.57,354.4585,1.5474,,,,,,,18.57,341.5394,1.547413
,,,,,,18.58,354.4839,1.548237,,,,,,,18.58,341.5902,1.548237
,,,,,,18.59,354.5093,1.549075,,,,,,,18.59,341.6379,1.549062
,,,,,,18.6,354.5348,1.549912,,,,,,,18.6,341.6506,1.549887
,,,,,,18.61,354.5539,1.550738,,,,,,,18.61,341.6665,1.550712
,,,,,,18.62,354.5634,1.551562,,,,,,,18.62,341.6983,1.551538
,,,,,,18.63,354.5729,1.552387,,,,,,,18.63,341.7079,1.552375
,,,,,,18.64,354.5825,1.5532,,,,,,,18.64,341.6856,1.553225
,,,,,,18.65,354.5984,1.554025,,,,,,,18.65,341.6665,1.554062
,,,,,,18.66,354.6079,1.554862,,,,,,,18.66,341.6729,1.5549
,,,,,,18.67,354.5984,1.555687,,,,,,,18.67,341.7079,1.555725
,,,,,,18.68,354.5793,1.556525,,,,,,,18.68,341.746,1.55655
,,,,,,18.69,354.5825,1.557362,,,,,,,18.69,341.7937,1.557375
,,,,,,18.7,354.6333,1.558213,,,,,,,18.7,341.8318,1.558213
,,,,,,18.71,354.6906,1.55905,,,,,,,18.71,341.8636,1.55905
,,,,,,18.72,354.7287,1.559887,,,,,,,18.72,341.8827,1.559887
,,,,,,18.73,354.7541,1.560725,,,,,,,18.73,341.8954,1.560725
,,,,,,18.74,354.7764,1.56155,,,,,,,18.74,341.924,1.561562
,,,,,,18.75,354.7955,1.5624,,,,,,,18.75,341.9685,1.5624
,,,,,,18.76,354.8209,1.563225,,,,,,,18.76,342.0003,1.563237
,,,,,,18.77,354.84,1.564062,,,,,,,18.77,342.0067,1.564075
,,,,,,18.78,354.8527,1.564912,,,,,,,18.78,342.0194,1.5649
,,,,,,18.79,354.8622,1.56575,,,,,,,18.79,342.0512,1.565712
,,,,,,18.8,354.8781,1.566587,,,,,,,18.8,342.0798,1.56655
,,,,,,18.81,354.9067,1.567412,,,,,,,18.81,342.1021,1.567375
,,,,,,18.82,354.9417,1.56825,,,,,,,18.82,342.0925,1.5682
,,,,,,18.83,354.9735,1.569075,,,,,,,18.83,342.0703,1.56905
,,,,,,18.84,354.9767,1.5699,,,,,,,18.84,342.0766,1.5699
,,,,,,18.85,354.9639,1.570712,,,,,,,18.85,342.1211,1.57075
,,,,,,18.86,354.9735,1.571537,,,,,,,18.86,342.1974,1.571575
,,,,,,18.87,354.9989,1.572362,,,,,,,18.87,342.2674,1.572412
,,,,,,18.88,355.037,1.5732,,,,,,,18.88,342.3087,1.573237
,,,,,,18.89,355.0752,1.57405,,,,,,,18.89,342.3087,1.57405
,,,,,,18.9,355.0974,1.5749,,,,,,,18.9,342.3023,1.574888
,,,,,,18.91,355.1197,1.575737,,,,,,,18.91,342.3087,1.575725
,,,,,,18.92,355.1547,1.576562,,,,,,,18.92,342.3278,1.57655
,,,,,,18.93,355.1992,1.577387,,,,,,,18.93,342.3437,1.577387
,,,,,,18.94,355.2405,1.578212,,,,,,,18.94,342.3532,1.578225
,,,,,,18.95,355.2659,1.57905,,,,,,,18.95,342.3627,1.579062
,,,,,,18.96,355.2818,1.5799,,,,,,,18.96,342.385,1.579888
,,,,,,18.97,355.2818,1.580737,,,,,,,18.97,342.4041,1.580725
,,,,,,18.98,355.2596,1.581575,,,,,,,18.98,342.4295,1.58155
,,,,,,18.99,355.2469,1.582425,,,,,,,18.99,342.4644,1.582375
,,,,,,19,355.2596,1.583262,,,,,,,19,342.4962,1.5832
,,,,,,19.01,355.2914,1.5841,,,,,,,19.01,342.5217,1.584025
,,,,,,19.02,355.32,1.584925,,,,,,,19.02,342.5503,1.584862
,,,,,,19.03,355.3613,1.58575,,,,,,,19.03,342.5916,1.5857
,,,,,,19.04,355.4122,1.586575,,,,,,,19.04,342.6329,1.58655
,,,,,,19.05,355.4376,1.587387,,,,,,,19.05,342.6584,1.5874
,,,,,,19.06,355.4567,1.588212,,,,,,,19.06,342.6711,1.588237
,,,,,,19.07,355.4789,1.58905,,,,,,,19.07,342.687,1.589075
,,,,,,19.08,355.5075,1.5899,,,,,,,19.08,342.7188,1.5899
,,,,,,19.09,355.5489,1.590737,,,,,,,19.09,342.7537,1.590725
,,,,,,19.1,355.5679,1.591587,,,,,,,19.1,342.7792,1.591563
,,,,,,19.11,355.5679,1.592425,,,,,,,19.11,342.8173,1.5924
,,,,,,19.12,355.5648,1.59325,,,,,,,19.12,342.8586,1.593225
,,,,,,19.13,355.5902,1.594075,,,,,,,19.13,342.8682,1.594075
,,,,,,19.14,355.6411,1.594887,,,,,,,19.14,342.8427,1.594912
,,,,,,19.15,355.6855,1.595737,,,,,,,19.15,342.8332,1.59575
,,,,,,19.16,355.7014,1.596563,,,,,,,19.16,342.8586,1.596575
,,,,,,19.17,355.7142,1.597387,,,,,,,19.17,342.8904,1.5974
,,,,,,19.18,355.7364,1.598225,,,,,,,19.18,342.9095,1.598225
,,,,,,19.19,355.7491,1.59905,,,,,,,19.19,342.9349,1.59905
,,,,,,19.2,355.7459,1.599887,,,,,,,19.2,342.9699,1.599875
,,,,,,19.21,355.7269,1.600725,,,,,,,19.21,342.989,1.600688
,,,,,,19.22,355.711,1.60155,,,,,,,19.22,343.0017,1.601512
,,,,,,19.23,355.7269,1.602387,,,,,,,19.23,343.0144,1.60235
,,,,,,19.24,355.7873,1.603212,,,,,,,19.24,343.0303,1.6032
,,,,,,19.25,355.8477,1.604037,,,,,,,19.25,343.0367,1.60405
,,,,,,19.26,355.8731,1.604862,,,,,,,19.26,343.0303,1.604887
,,,,,,19.27,355.8572,1.6057,,,,,,,19.27,343.0367,1.605725
,,,,,,19.28,355.8572,1.606537,,,,,,,19.28,343.0716,1.606562
,,,,,,19.29,355.9113,1.607387,,,,,,,19.29,343.1352,1.607375
,,,,,,19.3,355.9844,1.608238,,,,,,,19.3,343.2178,1.608225
,,,,,,19.31,356.0384,1.609075,,,,,,,19.31,343.2719,1.609062
,,,,,,19.32,356.0575,1.609913,,,,,,,19.32,343.2719,1.6099
,,,,,,19.33,356.0734,1.610737,,,,,,,19.33,343.2369,1.61075
,,,,,,19.34,356.1147,1.61155,,,,,,,19.34,343.2274,1.611587
,,,,,,19.35,356.1656,1.6124,,,,,,,19.35,343.2687,1.612425
,,,,,,19.36,356.1815,1.613238,,,,,,,19.36,343.3228,1.613262
,,,,,,19.37,356.1497,1.614062,,,,,,,19.37,343.38,1.614087
,,,,,,19.38,356.1306,1.6149,,,,,,,19.38,343.4149,1.614913
,,,,,,19.39,356.1401,1.615737,,,,,,,19.39,343.434,1.615737
,,,,,,19.4,356.1656,1.616575,,,,,,,19.4,343.434,1.61655
,,,,,,19.41,356.1846,1.617412,,,,,,,19.41,343.4181,1.617375
,,,,,,19.42,356.2069,1.618237,,,,,,,19.42,343.399,1.6182
,,,,,,19.43,356.2419,1.619062,,,,,,,19.43,343.3831,1.619062
,,,,,,19.44,356.2768,1.619887,,,,,,,19.44,343.3831,1.6199
,,,,,,19.45,356.315,1.620712,,,,,,,19.45,343.4181,1.620737
,,,,,,19.46,356.3563,1.621537,,,,,,,19.46,343.4658,1.621575
,,,,,,19.47,356.3976,1.622362,,,,,,,19.47,343.5198,1.6224
,,,,,,19.48,356.4262,1.623212,,,,,,,19.48,343.5961,1.623225
,,,,,,19.49,356.4326,1.624062,,,,,,,19.49,343.6724,1.62405
,,,,,,19.5,356.4262,1.6249,,,,,,,19.5,343.7328,1.624887
,,,,,,19.51,356.4135,1.625737,,,,,,,19.51,343.7742,1.625725
,,,,,,19.52,356.4072,1.626575,,,,,,,19.52,343.7932,1.626562
,,,,,,19.53,356.439,1.6274,,,,,,,19.53,343.8028,1.6274
,,,,,,19.54,356.4835,1.628225,,,,,,,19.54,343.8091,1.628237
,,,,,,19.55,356.528,1.629062,,,,,,,19.55,343.8282,1.629075
,,,,,,19.56,356.5502,1.6299,,,,,,,19.56,343.8505,1.6299
,,,,,,19.57,356.5629,1.630737,,,,,,,19.57,343.8536,1.630725
,,,,,,19.58,356.5884,1.631575,,,,,,,19.58,343.8536,1.63155
,,,,,,19.59,356.5979,1.632412,,,,,,,19.59,343.8695,1.632387
,,,,,,19.6,356.5852,1.63325,,,,,,,19.6,343.9109,1.633212
,,,,,,19.61,356.5852,1.634075,,,,,,,19.61,343.9363,1.634025
,,,,,,19.62,356.6297,1.634912,,,,,,,19.62,343.9363,1.634862
,,,,,,19.63,356.6901,1.635737,,,,,,,19.63,343.9458,1.635713
,,,,,,19.64,356.7155,1.63655,,,,,,,19.64,343.9808,1.63655
,,,,,,19.65,356.706,1.637375,,,,,,,19.65,344.0094,1.637388
,,,,,,19.66,356.6996,1.6382,,,,,,,19.66,344.0094,1.638225
,,,,,,19.67,356.7219,1.639025,,,,,,,19.67,344.0221,1.639062
,,,,,,19.68,356.7568,1.639862,,,,,,,19.68,344.0571,1.639887
,,,,,,19.69,356.7855,1.640712,,,,,,,19.69,344.1016,1.6407
,,,,,,19.7,356.7918,1.641562,,,,,,,19.7,344.1366,1.64155
,,,,,,19.71,356.7823,1.6424,,,,,,,19.71,344.162,1.642375
,,,,,,19.72,356.7759,1.643225,,,,,,,19.72,344.1779,1.643212
,,,,,,19.73,356.7918,1.644062,,,,,,,19.73,344.1779,1.64405
,,,,,,19.74,356.8427,1.644887,,,,,,,19.74,344.1938,1.644887
,,,,,,19.75,356.9031,1.645725,,,,,,,19.75,344.2319,1.645725
,,,,,,19.76,356.9539,1.646562,,,,,,,19.76,344.2892,1.646562
,,,,,,19.77,356.9794,1.6474,,,,,,,19.77,344.34,1.6474
,,,,,,19.78,356.9984,1.648225,,,,,,,19.78,344.375,1.648225
,,,,,,19.79,357.008,1.649075,,,,,,,19.79,344.375,1.64905
,,,,,,19.8,357.0175,1.649912,,,,,,,19.8,344.3591,1.649875
,,,,,,19.81,357.0302,1.650737,,,,,,,19.81,344.3686,1.650687
,,,,,,19.82,357.0588,1.651575,,,,,,,19.82,344.4195,1.651525
,,,,,,19.83,357.0906,1.6524,,,,,,,19.83,344.4608,1.652375
,,,,,,19.84,357.1097,1.653212,,,,,,,19.84,344.464,1.653225
,,,,,,19.85,357.1256,1.654037,,,,,,,19.85,344.4544,1.654063
,,,,,,19.86,357.151,1.654862,,,,,,,19.86,344.464,1.6549
,,,,,,19.87,357.1701,1.655687,,,,,,,19.87,344.5021,1.655737
,,,,,,19.88,357.1765,1.656525,,,,,,,19.88,344.5498,1.656562
,,,,,,19.89,357.1606,1.657375,,,,,,,19.89,344.607,1.657375
,,,,,,19.9,357.1383,1.658225,,,,,,,19.9,344.6484,1.658225
,,,,,,19.91,357.1288,1.659063,,,,,,,19.91,344.6674,1.65905
,,,,,,19.92,357.1351,1.659887,,,,,,,19.92,344.6865,1.659887
,,,,,,19.93,357.1701,1.660725,,,,,,,19.93,344.7088,1.660738
,,,,,,19.94,357.221,1.66155,,,,,,,19.94,344.7119,1.661575
,,,,,,19.95,357.275,1.662387,,,,,,,19.95,344.7183,1.6624
,,,,,,19.96,357.3227,1.663225,,,,,,,19.96,344.7215,1.663237
,,,,,,19.97,357.3418,1.664063,,,,,,,19.97,344.7342,1.664063
,,,,,,19.98,357.3481,1.664912,,,,,,,19.98,344.7596,1.664887
,,,,,,19.99,357.3577,1.66575,,,,,,,19.99,344.7978,1.665712
,,,,,,20,357.3767,1.666587,,,,,,,20,344.8486,1.666537
,,,,,,20.01,357.4085,1.667412,,,,,,,20.01,344.8709,1.667375
,,,,,,20.02,357.434,1.66825,,,,,,,20.02,344.8645,1.6682
,,,,,,20.03,357.4594,1.669062,,,,,,,20.03,344.89,1.66905
,,,,,,20.04,357.488,1.669887,,,,,,,20.04,344.9503,1.6699
,,,,,,20.05,357.5325,1.670712,,,,,,,20.05,345.0171,1.670738
,,,,,,20.06,357.5579,1.671537,,,,,,,20.06,345.0457,1.671575
,,,,,,20.07,357.5643,1.672375,,,,,,,20.07,345.0553,1.672413
,,,,,,20.08,357.5579,1.673212,,,,,,,20.08,345.0712,1.673225
,,,,,,20.09,357.5452,1.674062,,,,,,,20.09,345.0902,1.674062
,,,,,,20.1,357.5388,1.6749,,,,,,,20.1,345.0902,1.6749
,,,,,,20.11,357.5484,1.675738,,,,,,,20.11,345.0902,1.675725
,,,,,,20.12,357.6088,1.676562,,,,,,,20.12,345.1284,1.676562
,,,,,,20.13,357.701,1.677387,,,,,,,20.13,345.1983,1.6774
,,,,,,20.14,357.79,1.678212,,,,,,,20.14,345.2682,1.678237
,,,,,,20.15,357.8409,1.67905,,,,,,,20.15,345.3,1.679062
,,,,,,20.16,357.8536,1.6799,,,,,,,20.16,345.3032,1.6799
,,,,,,20.17,357.8409,1.680737,,,,,,,20.17,345.3191,1.680725
,,,,,,20.18,357.8313,1.681562,,,,,,,20.18,345.3445,1.68155
,,,,,,20.19,357.8472,1.6824,,,,,,,20.19,345.3732,1.682375
,,,,,,20.2,357.8885,1.683237,,,,,,,20.2,345.4113,1.683187
,,,,,,20.21,357.9235,1.684075,,,,,,,20.21,345.4399,1.684025
,,,,,,20.22,357.933,1.684912,,,,,,,20.22,345.4495,1.68485
,,,,,,20.23,357.9267,1.685737,,,,,,,20.23,345.4304,1.685687
,,,,,,20.24,357.9426,1.686575,,,,,,,20.24,345.4208,1.686525
,,,,,,20.25,357.9744,1.687387,,,,,,,20.25,345.424,1.687375
,,,,,,20.26,357.9998,1.688213,,,,,,,20.26,345.4399,1.688225
,,,,,,20.27,358.0252,1.68905,,,,,,,20.27,345.4495,1.689062
,,,,,,20.28,358.0507,1.6899,,,,,,,20.28,345.4749,1.689887
,,,,,,20.29,358.0634,1.69075,,,,,,,20.29,345.5067,1.690712
,,,,,,20.3,358.0634,1.691587,,,,,,,20.3,345.5448,1.691562
,,,,,,20.31,358.0634,1.692425,,,,,,,20.31,345.6084,1.6924
,,,,,,20.32,358.0634,1.693262,,,,,,,20.32,345.672,1.693225
,,,,,,20.33,358.0856,1.694088,,,,,,,20.33,345.7197,1.694075
,,,,,,20.34,358.1238,1.6949,,,,,,,20.34,345.7387,1.694925
,,,,,,20.35,358.1714,1.695737,,,,,,,20.35,345.7419,1.69575
,,,,,,20.36,358.2064,1.696562,,,,,,,20.36,345.7546,1.696587
,,,,,,20.37,358.2255,1.6974,,,,,,,20.37,345.7801,1.697412
,,,,,,20.38,358.2319,1.698237,,,,,,,20.38,345.8087,1.698237
,,,,,,20.39,358.2319,1.699062,,,,,,,20.39,345.8436,1.69905
,,,,,,20.4,358.2477,1.6999,,,,,,,20.4,345.8786,1.699875
,,,,,,20.41,358.2668,1.700737,,,,,,,20.41,345.9008,1.700687
,,,,,,20.42,358.2859,1.701562,,,,,,,20.42,345.9104,1.701525
,,,,,,20.43,358.3018,1.702387,,,,,,,20.43,345.9136,1.702375
,,,,,,20.44,358.3209,1.703212,,,,,,,20.44,345.9199,1.703212
,,,,,,20.45,358.3431,1.704037,,,,,,,20.45,345.9358,1.704062
,,,,,,20.46,358.3431,1.704862,,,,,,,20.46,345.9708,1.704888
,,,,,,20.47,358.3113,1.7057,,,,,,,20.47,346.0058,1.705725
,,,,,,20.48,358.2923,1.70655,,,,,,,20.48,346.0375,1.70655
,,,,,,20.49,358.3018,1.7074,,,,,,,20.49,346.0662,1.707375
,,,,,,20.5,358.3177,1.70825,,,,,,,20.5,346.0916,1.708212
,,,,,,20.51,358.3272,1.709087,,,,,,,20.51,346.1075,1.709075
,,,,,,20.52,358.3558,1.709912,,,,,,,20.52,346.117,1.7099
,,,,,,20.53,358.4226,1.710737,,,,,,,20.53,346.1234,1.710737
,,,,,,20.54,358.5084,1.711563,,,,,,,20.54,346.1361,1.711587
,,,,,,20.55,358.5784,1.7124,,,,,,,20.55,346.1743,1.712425
,,,,,,20.56,358.6006,1.713237,,,,,,,20.56,346.2092,1.713262
,,,,,,20.57,358.5911,1.714075,,,,,,,20.57,346.2442,1.714087
,,,,,,20.58,358.5943,1.714912,,,,,,,20.58,346.2791,1.714912
,,,,,,20.59,358.6197,1.71575,,,,,,,20.59,346.3205,1.715737
,,,,,,20.6,358.6547,1.716575,,,,,,,20.6,346.3395,1.716563
,,,,,,20.61,358.6769,1.717412,,,,,,,20.61,346.3491,1.717375
,,,,,,20.62,358.6706,1.718237,,,,,,,20.62,346.3554,1.718212
,,,,,,20.63,358.6451,1.719062,,,,,,,20.63,346.3554,1.719062
,,,,,,20.64,358.626,1.719887,,,,,,,20.64,346.3586,1.719912
,,,,,,20.65,358.6356,1.720712,,,,,,,20.65,346.3809,1.72075
,,,,,,20.66,358.6706,1.721525,,,,,,,20.66,346.4063,1.721575
,,,,,,20.67,358.7055,1.722362,,,,,,,20.67,346.4413,1.722412
,,,,,,20.68,358.7151,1.7232,,,,,,,20.68,346.4762,1.723238
,,,,,,20.69,358.7023,1.724037,,,,,,,20.69,346.5176,1.72405
,,,,,,20.7,358.6896,1.724875,,,,,,,20.7,346.5525,1.724887
,,,,,,20.71,358.6896,1.725725,,,,,,,20.71,346.5875,1.725725
,,,,,,20.72,358.7119,1.726563,,,,,,,20.72,346.5907,1.72655
,,,,,,20.73,358.7469,1.7274,,,,,,,20.73,346.578,1.727387
,,,,,,20.74,358.7914,1.728212,,,,,,,20.74,346.5811,1.728225
,,,,,,20.75,358.8232,1.729062,,,,,,,20.75,346.6129,1.72905
,,,,,,20.76,358.8422,1.7299,,,,,,,20.76,346.632,1.729887
,,,,,,20.77,358.8676,1.730725,,,,,,,20.77,346.6288,1.730725
,,,,,,20.78,358.9121,1.731575,,,,,,,20.78,346.6288,1.73155
,,,,,,20.79,358.9694,1.732412,,,,,,,20.79,346.6415,1.732375
,,,,,,20.8,359.0075,1.73325,,,,,,,20.8,346.6574,1.7332
,,,,,,20.81,359.033,1.734087,,,,,,,20.81,346.667,1.734025
,,,,,,20.82,359.0488,1.734925,,,,,,,20.82,346.6733,1.734862
,,,,,,20.83,359.0806,1.73575,,,,,,,20.83,346.6924,1.7357
,,,,,,20.84,359.1188,1.736562,,,,,,,20.84,346.7496,1.736562
,,,,,,20.85,359.1442,1.737387,,,,,,,20.85,346.8259,1.7374
,,,,,,20.86,359.1506,1.7382,,,,,,,20.86,346.8895,1.738238
,,,,,,20.87,359.1506,1.739038,,,,,,,20.87,346.934,1.739062
,,,,,,20.88,359.176,1.739875,,,,,,,20.88,346.9753,1.7399
,,,,,,20.89,359.2205,1.740725,,,,,,,20.89,347.0103,1.740712
,,,,,,20.9,359.2714,1.741575,,,,,,,20.9,347.0453,1.74155
,,,,,,20.91,359.2873,1.7424,,,,,,,20.91,347.0612,1.742387
,,,,,,20.92,359.2714,1.743237,,,,,,,20.92,347.0516,1.743225
,,,,,,20.93,359.2555,1.744062,,,,,,,20.93,347.023,1.744075
,,,,,,20.94,359.2555,1.744875,,,,,,,20.94,347.0103,1.744913
,,,,,,20.95,359.2714,1.745725,,,,,,,20.95,347.0325,1.745737
,,,,,,20.96,359.2809,1.746562,,,,,,,20.96,347.0707,1.746575
,,,,,,20.97,359.2873,1.747387,,,,,,,20.97,347.0961,1.7474
,,,,,,20.98,359.3159,1.748237,,,,,,,20.98,347.1025,1.748225
,,,,,,20.99,359.0139,1.749175,,,,,,,20.99,347.1025,1.74905
,,,,,,21,351.3622,1.750012,,,,,,,21,347.1184,1.749875
,,,,,,21.01,314.2452,1.7508,,,,,,,21.01,347.1375,1.7507
,,,,,,21.02,229.1552,1.7516,,,,,,,21.02,347.1629,1.751537
,,,,,,21.03,120.2488,1.752412,,,,,,,21.03,347.1819,1.752375
,,,,,,21.04,39.74597,1.753225,,,,,,,21.04,347.1978,1.753225
,,,,,,21.05,6.812414,1.754037,,,,,,,21.05,347.2169,1.754062
,,,,,,21.06,0.5340576,1.75485,,,,,,,21.06,347.2551,1.7549
,,,,,,21.07,0.260671,1.755212,,,,,,,21.07,347.2932,1.755737
,,,,,,21.08,0.2193451,1.755325,,,,,,,21.08,347.3441,1.756562
,,,,,,,,,,,,,,,21.09,347.395,1.757387
,,,,,,,,,,,,,,,21.1,347.4395,1.758237
,,,,,,,,,,,,,,,21.11,347.4521,1.759062
,,,,,,,,,,,,,,,21.12,347.4395,1.7599
,,,,,,,,,,,,,,,21.13,347.4267,1.760737
,,,,,,,,,,,,,,,21.14,347.4299,1.761575
,,,,,,,,,,,,,,,21.15,347.4617,1.762412
,,,,,,,,,,,,,,,21.16,347.4998,1.763237
,,,,,,,,,,,,,,,21.17,347.5221,1.764075
,,,,,,,,,,,,,,,21.18,347.5253,1.7649
,,,,,,,,,,,,,,,21.19,347.5316,1.765712
,,,,,,,,,,,,,,,21.2,347.5412,1.766537
,,,,,,,,,,,,,,,21.21,347.5634,1.767362
,,,,,,,,,,,,,,,21.22,347.5761,1.768187
,,,,,,,,,,,,,,,21.23,347.5857,1.769025
,,,,,,,,,,,,,,,21.24,347.6016,1.769875
,,,,,,,,,,,,,,,21.25,347.6238,1.770725
,,,,,,,,,,,,,,,21.26,347.6524,1.771562
,,,,,,,,,,,,,,,21.27,347.6874,1.772388
,,,,,,,,,,,,,,,21.28,347.7383,1.773225
,,,,,,,,,,,,,,,21.29,347.7891,1.77405
,,,,,,,,,,,,,,,21.3,347.8082,1.774887
,,,,,,,,,,,,,,,21.31,347.7987,1.775725
,,,,,,,,,,,,,,,21.32,347.7891,1.77655
,,,,,,,,,,,,,,,21.33,347.805,1.777387
,,,,,,,,,,,,,,,21.34,347.8209,1.778237
,,,,,,,,,,,,,,,21.35,347.8241,1.779075
,,,,,,,,,,,,,,,21.36,347.8304,1.779912
,,,,,,,,,,,,,,,21.37,347.8463,1.780737
,,,,,,,,,,,,,,,21.38,347.8909,1.78155
,,,,,,,,,,,,,,,21.39,347.9513,1.782375
,,,,,,,,,,,,,,,21.4,348.0117,1.7832
,,,,,,,,,,,,,,,21.41,348.0625,1.784025
,,,,,,,,,,,,,,,21.42,348.0784,1.78485
,,,,,,,,,,,,,,,21.43,348.0657,1.7857
,,,,,,,,,,,,,,,21.44,348.0562,1.786537
,,,,,,,,,,,,,,,21.45,348.053,1.787387
,,,,,,,,,,,,,,,21.46,348.0562,1.788225
,,,,,,,,,,,,,,,21.47,348.0911,1.789063
,,,,,,,,,,,,,,,21.48,348.1515,1.789887
,,,,,,,,,,,,,,,21.49,348.2087,1.790712
,,,,,,,,,,,,,,,21.5,348.2342,1.79155
,,,,,,,,,,,,,,,21.51,348.2532,1.792387
,,,,,,,,,,,,,,,21.52,348.2882,1.793225
,,,,,,,,,,,,,,,21.53,348.3295,1.794075
,,,,,,,,,,,,,,,21.54,348.3486,1.794912
,,,,,,,,,,,,,,,21.55,348.355,1.79575
,,,,,,,,,,,,,,,21.56,348.3454,1.796575
,,,,,,,,,,,,,,,21.57,348.3295,1.797412
,,,,,,,,,,,,,,,21.58,348.3359,1.798225
,,,,,,,,,,,,,,,21.59,348.3868,1.799062
,,,,,,,,,,,,,,,21.6,348.4599,1.799887
,,,,,,,,,,,,,,,21.61,348.5362,1.8007
,,,,,,,,,,,,,,,21.62,348.5616,1.801538
,,,,,,,,,,,,,,,21.63,348.5584,1.802375
,,,,,,,,,,,,,,,21.64,348.5584,1.803225
,,,,,,,,,,,,,,,21.65,348.5839,1.804062
,,,,,,,,,,,,,,,21.66,348.622,1.8049
,,,,,,,,,,,,,,,21.67,348.6315,1.805737
,,,,,,,,,,,,,,,21.68,348.6284,1.806562
,,,,,,,,,,,,,,,21.69,348.6315,1.807375
,,,,,,,,,,,,,,,21.7,348.657,1.808212
,,,,,,,,,,,,,,,21.71,348.6824,1.809062
,,,,,,,,,,,,,,,21.72,348.7078,1.809887
,,,,,,,,,,,,,,,21.73,348.7301,1.810725
,,,,,,,,,,,,,,,21.74,348.7555,1.811575
,,,,,,,,,,,,,,,21.75,348.7841,1.8124
,,,,,,,,,,,,,,,21.76,348.8413,1.81325
,,,,,,,,,,,,,,,21.77,348.8954,1.814075
,,,,,,,,,,,,,,,21.78,348.9399,1.8149
,,,,,,,,,,,,,,,21.79,348.9622,1.815725
,,,,,,,,,,,,,,,21.8,348.9558,1.81655
,,,,,,,,,,,,,,,21.81,348.9526,1.817375
,,,,,,,,,,,,,,,21.82,348.9526,1.818213
,,,,,,,,,,,,,,,21.83,348.9558,1.819062
,,,,,,,,,,,,,,,21.84,348.9653,1.819912
,,,,,,,,,,,,,,,21.85,348.9876,1.820762
,,,,,,,,,,,,,,,21.86,349.013,1.8216
,,,,,,,,,,,,,,,21.87,349.048,1.822425
,,,,,,,,,,,,,,,21.88,349.0925,1.82325
,,,,,,,,,,,,,,,21.89,349.1274,1.824062
,,,,,,,,,,,,,,,21.9,349.1497,1.8249
,,,,,,,,,,,,,,,21.91,349.1433,1.825737
,,,,,,,,,,,,,,,21.92,349.1338,1.826562
,,,,,,,,,,,,,,,21.93,349.137,1.8274
,,,,,,,,,,,,,,,21.94,349.172,1.828237
,,,,,,,,,,,,,,,21.95,349.2387,1.829062
,,,,,,,,,,,,,,,21.96,349.2991,1.8299
,,,,,,,,,,,,,,,21.97,349.315,1.830725
,,,,,,,,,,,,,,,21.98,349.2959,1.83155
,,,,,,,,,,,,,,,21.99,349.28,1.832375
,,,,,,,,,,,,,,,22,349.2959,1.8332
,,,,,,,,,,,,,,,22.01,349.315,1.834025
,,,,,,,,,,,,,,,22.02,349.3246,1.834862
,,,,,,,,,,,,,,,22.03,349.3436,1.835712
,,,,,,,,,,,,,,,22.04,349.3754,1.836562
,,,,,,,,,,,,,,,22.05,349.4167,1.837412
,,,,,,,,,,,,,,,22.06,349.4517,1.83825
,,,,,,,,,,,,,,,22.07,349.4771,1.839075
,,,,,,,,,,,,,,,22.08,349.5057,1.8399
,,,,,,,,,,,,,,,22.09,349.5407,1.840725
,,,,,,,,,,,,,,,22.1,349.582,1.841575
,,,,,,,,,,,,,,,22.11,349.6138,1.842412
,,,,,,,,,,,,,,,22.12,349.6393,1.843237
,,,,,,,,,,,,,,,22.13,349.6679,1.844075
,,,,,,,,,,,,,,,22.14,349.6996,1.844912
,,,,,,,,,,,,,,,22.15,349.7124,1.845737
,,,,,,,,,,,,,,,22.16,349.7187,1.846575
,,,,,,,,,,,,,,,22.17,349.7251,1.847412
,,,,,,,,,,,,,,,22.18,349.7346,1.848225
,,,,,,,,,,,,,,,22.19,349.7505,1.84905
,,,,,,,,,,,,,,,22.2,349.7601,1.849875
,,,,,,,,,,,,,,,22.21,349.7537,1.8507
,,,,,,,,,,,,,,,22.22,349.7283,1.851512
,,,,,,,,,,,,,,,22.23,349.7092,1.852362
,,,,,,,,,,,,,,,22.24,349.7187,1.8532
,,,,,,,,,,,,,,,22.25,349.7537,1.85405
,,,,,,,,,,,,,,,22.26,349.8109,1.854887
,,,,,,,,,,,,,,,22.27,349.8554,1.855725
,,,,,,,,,,,,,,,22.28,349.8968,1.85655
,,,,,,,,,,,,,,,22.29,349.9349,1.857375
,,,,,,,,,,,,,,,22.3,349.9762,1.858225
,,,,,,,,,,,,,,,22.31,350.0112,1.859062
,,,,,,,,,,,,,,,22.32,350.0207,1.8599
,,,,,,,,,,,,,,,22.33,350.0334,1.860737
,,,,,,,,,,,,,,,22.34,350.0525,1.861587
,,,,,,,,,,,,,,,22.35,350.0779,1.862425
,,,,,,,,,,,,,,,22.36,350.1034,1.86325
,,,,,,,,,,,,,,,22.37,350.1288,1.864075
,,,,,,,,,,,,,,,22.38,350.1542,1.8649
,,,,,,,,,,,,,,,22.39,350.1797,1.865725
,,,,,,,,,,,,,,,22.4,350.2146,1.866537
,,,,,,,,,,,,,,,22.41,350.2401,1.867362
,,,,,,,,,,,,,,,22.42,350.2433,1.868212
,,,,,,,,,,,,,,,22.43,350.2401,1.869038
,,,,,,,,,,,,,,,22.44,350.2655,1.869887
,,,,,,,,,,,,,,,22.45,350.3195,1.870737
,,,,,,,,,,,,,,,22.46,350.3768,1.871562
,,,,,,,,,,,,,,,22.47,350.3863,1.872387
,,,,,,,,,,,,,,,22.48,350.3799,1.873212
,,,,,,,,,,,,,,,22.49,350.3863,1.874038
,,,,,,,,,,,,,,,22.5,350.4022,1.874887
,,,,,,,,,,,,,,,22.51,350.4054,1.875725
,,,,,,,,,,,,,,,22.52,350.4054,1.87655
,,,,,,,,,,,,,,,22.53,350.4149,1.877387
,,,,,,,,,,,,,,,22.54,350.4403,1.878225
,,,,,,,,,,,,,,,22.55,350.4658,1.879075
,,,,,,,,,,,,,,,22.56,350.4753,1.8799
,,,,,,,,,,,,,,,22.57,350.4753,1.880737
,,,,,,,,,,,,,,,22.58,350.4912,1.88155
,,,,,,,,,,,,,,,22.59,350.523,1.882387
,,,,,,,,,,,,,,,22.6,350.5675,1.883212
,,,,,,,,,,,,,,,22.61,350.6025,1.884037
,,,,,,,,,,,,,,,22.62,350.6247,1.884862
,,,,,,,,,,,,,,,22.63,350.6375,1.885713
,,,,,,,,,,,,,,,22.64,350.6597,1.88655
,,,,,,,,,,,,,,,22.65,350.6724,1.887387
,,,,,,,,,,,,,,,22.66,350.6978,1.888237
,,,,,,,,,,,,,,,22.67,350.7392,1.889075
,,,,,,,,,,,,,,,22.68,350.7741,1.889887
,,,,,,,,,,,,,,,22.69,350.7964,1.890712
,,,,,,,,,,,,,,,22.7,350.8059,1.89155
,,,,,,,,,,,,,,,22.71,350.8314,1.892375
,,,,,,,,,,,,,,,22.72,350.86,1.893212
,,,,,,,,,,,,,,,22.73,350.8759,1.89405
,,,,,,,,,,,,,,,22.74,350.8854,1.894887
,,,,,,,,,,,,,,,22.75,350.9172,1.895725
,,,,,,,,,,,,,,,22.76,350.9426,1.896562
,,,,,,,,,,,,,,,22.77,350.9553,1.8974
,,,,,,,,,,,,,,,22.78,350.9712,1.898212
,,,,,,,,,,,,,,,22.79,350.9808,1.89905
,,,,,,,,,,,,,,,22.8,350.9966,1.899875
,,,,,,,,,,,,,,,22.81,351.0316,1.9007
,,,,,,,,,,,,,,,22.82,351.0888,1.901537
,,,,,,,,,,,,,,,22.83,351.1334,1.902375
,,,,,,,,,,,,,,,22.84,351.1429,1.903237
,,,,,,,,,,,,,,,22.85,351.1334,1.904075
,,,,,,,,,,,,,,,22.86,351.1334,1.904912
,,,,,,,,,,,,,,,22.87,351.1492,1.905737
,,,,,,,,,,,,,,,22.88,351.1747,1.906562
,,,,,,,,,,,,,,,22.89,351.1906,1.907387
,,,,,,,,,,,,,,,22.9,351.1906,1.908225
,,,,,,,,,,,,,,,22.91,351.2033,1.909063
,,,,,,,,,,,,,,,22.92,351.2542,1.9099
,,,,,,,,,,,,,,,22.93,351.2986,1.910737
,,,,,,,,,,,,,,,22.94,351.3304,1.911575
,,,,,,,,,,,,,,,22.95,351.3463,1.912412
,,,,,,,,,,,,,,,22.96,351.3622,1.91325
,,,,,,,,,,,,,,,22.97,351.3845,1.914075
,,,,,,,,,,,,,,,22.98,351.4163,1.9149
,,,,,,,,,,,,,,,22.99,351.4481,1.915725
,,,,,,,,,,,,,,,23,351.4767,1.91655
,,,,,,,,,,,,,,,23.01,351.5116,1.917375
,,,,,,,,,,,,,,,23.02,351.5466,1.918212
,,,,,,,,,,,,,,,23.03,351.5625,1.919075
,,,,,,,,,,,,,,,23.04,351.5688,1.919912
,,,,,,,,,,,,,,,23.05,351.5688,1.92075
,,,,,,,,,,,,,,,23.06,351.5816,1.921587
,,,,,,,,,,,,,,,23.07,351.5975,1.922412
,,,,,,,,,,,,,,,23.08,351.6229,1.923237
,,,,,,,,,,,,,,,23.09,351.6547,1.924062
,,,,,,,,,,,,,,,23.1,351.6897,1.924912
,,,,,,,,,,,,,,,23.11,351.7087,1.925738
,,,,,,,,,,,,,,,23.12,351.7151,1.926562
,,,,,,,,,,,,,,,23.13,351.7342,1.9274
,,,,,,,,,,,,,,,23.14,351.7755,1.928237
,,,,,,,,,,,,,,,23.15,351.8168,1.929075
,,,,,,,,,,,,,,,23.16,351.8423,1.9299
,,,,,,,,,,,,,,,23.17,351.8549,1.930725
,,,,,,,,,,,,,,,23.18,351.8708,1.93155
,,,,,,,,,,,,,,,23.19,351.8899,1.932375
,,,,,,,,,,,,,,,23.2,351.9026,1.9332
,,,,,,,,,,,,,,,23.21,351.9026,1.934025
,,,,,,,,,,,,,,,23.22,351.9026,1.93485
,,,,,,,,,,,,,,,23.23,351.9312,1.9357
,,,,,,,,,,,,,,,23.24,351.9726,1.936538
,,,,,,,,,,,,,,,23.25,351.998,1.937387
,,,,,,,,,,,,,,,23.26,351.998,1.938225
,,,,,,,,,,,,,,,23.27,351.9885,1.939062
,,,,,,,,,,,,,,,23.28,351.9758,1.939887
,,,,,,,,,,,,,,,23.29,351.9821,1.940712
,,,,,,,,,,,,,,,23.3,352.0012,1.941562
,,,,,,,,,,,,,,,23.31,352.0489,1.9424
,,,,,,,,,,,,,,,23.32,352.1029,1.943225
,,,,,,,,,,,,,,,23.33,352.1697,1.944075
,,,,,,,,,,,,,,,23.34,352.2237,1.944912
,,,,,,,,,,,,,,,23.35,352.2714,1.94575
,,,,,,,,,,,,,,,23.36,352.3,1.946575
,,,,,,,,,,,,,,,23.37,352.3064,1.947412
,,,,,,,,,,,,,,,23.38,352.2968,1.948237
,,,,,,,,,,,,,,,23.39,352.3064,1.94905
,,,,,,,,,,,,,,,23.4,352.3413,1.949875
,,,,,,,,,,,,,,,23.41,352.3827,1.9507
,,,,,,,,,,,,,,,23.42,352.4208,1.951537
,,,,,,,,,,,,,,,23.43,352.4431,1.952375
,,,,,,,,,,,,,,,23.44,352.4526,1.953212
,,,,,,,,,,,,,,,23.45,352.4558,1.954062
,,,,,,,,,,,,,,,23.46,352.4526,1.954888
,,,,,,,,,,,,,,,23.47,352.4558,1.955725
,,,,,,,,,,,,,,,23.48,352.478,1.95655
,,,,,,,,,,,,,,,23.49,352.5067,1.957375
,,,,,,,,,,,,,,,23.5,352.5384,1.958212
,,,,,,,,,,,,,,,23.51,352.5638,1.95905
,,,,,,,,,,,,,,,23.52,352.5988,1.959888
,,,,,,,,,,,,,,,23.53,352.6401,1.960737
,,,,,,,,,,,,,,,23.54,352.6688,1.961575
,,,,,,,,,,,,,,,23.55,352.6878,1.962412
,,,,,,,,,,,,,,,23.56,352.7133,1.963237
,,,,,,,,,,,,,,,23.57,352.7451,1.964087
,,,,,,,,,,,,,,,23.58,352.761,1.964912
,,,,,,,,,,,,,,,23.59,352.761,1.965737
,,,,,,,,,,,,,,,23.6,352.78,1.96655
,,,,,,,,,,,,,,,23.61,352.8214,1.967387
,,,,,,,,,,,,,,,23.62,352.85,1.968212
,,,,,,,,,,,,,,,23.63,352.8563,1.96905
,,,,,,,,,,,,,,,23.64,352.8722,1.9699
,,,,,,,,,,,,,,,23.65,352.9072,1.970737
,,,,,,,,,,,,,,,23.66,352.9517,1.971575
,,,,,,,,,,,,,,,23.67,353.0026,1.972412
,,,,,,,,,,,,,,,23.68,353.0534,1.973225
,,,,,,,,,,,,,,,23.69,353.0979,1.974037
,,,,,,,,,,,,,,,23.7,353.1202,1.974887
,,,,,,,,,,,,,,,23.71,353.1138,1.975712
,,,,,,,,,,,,,,,23.72,353.1075,1.976537
,,,,,,,,,,,,,,,23.73,353.1043,1.977375
,,,,,,,,,,,,,,,23.74,353.1138,1.978212
,,,,,,,,,,,,,,,23.75,353.1456,1.97905
,,,,,,,,,,,,,,,23.76,353.1806,1.979887
,,,,,,,,,,,,,,,23.77,353.2155,1.980725
,,,,,,,,,,,,,,,23.78,353.2441,1.98155
,,,,,,,,,,,,,,,23.79,353.2696,1.982375
,,,,,,,,,,,,,,,23.8,353.3109,1.9832
,,,,,,,,,,,,,,,23.81,353.3522,1.984025
,,,,,,,,,,,,,,,23.82,353.3554,1.984862
,,,,,,,,,,,,,,,23.83,353.33,1.985712
,,,,,,,,,,,,,,,23.84,353.295,1.986562
,,,,,,,,,,,,,,,23.85,353.2855,1.9874
,,,,,,,,,,,,,,,23.86,353.3014,1.988238
,,,,,,,,,,,,,,,23.87,353.3522,1.989075
,,,,,,,,,,,,,,,23.88,353.4126,1.9899
,,,,,,,,,,,,,,,23.89,353.4635,1.990725
,,,,,,,,,,,,,,,23.9,353.4921,1.991562
,,,,,,,,,,,,,,,23.91,353.4985,1.992387
,,,,,,,,,,,,,,,23.92,353.4985,1.993225
,,,,,,,,,,,,,,,23.93,353.5143,1.994062
,,,,,,,,,,,,,,,23.94,353.5525,1.9949
,,,,,,,,,,,,,,,23.95,353.5875,1.995737
,,,,,,,,,,,,,,,23.96,353.6002,1.996562
,,,,,,,,,,,,,,,23.97,353.6097,1.997387
,,,,,,,,,,,,,,,23.98,353.6447,1.998212
,,,,,,,,,,,,,,,23.99,353.6797,1.99905
,,,,,,,,,,,,,,,24,353.7146,1.999875
,,,,,,,,,,,,,,,24.01,353.7305,2.0007
,,,,,,,,,,,,,,,24.02,353.721,2.001525
,,,,,,,,,,,,,,,24.03,353.7146,2.002375
,,,,,,,,,,,,,,,24.04,353.7337,2.003225
,,,,,,,,,,,,,,,24.05,353.7814,2.004075
,,,,,,,,,,,,,,,24.06,353.8195,2.004912
,,,,,,,,,,,,,,,24.07,353.8513,2.005738
,,,,,,,,,,,,,,,24.08,353.8608,2.006562
,,,,,,,,,,,,,,,24.09,353.8704,2.007387
,,,,,,,,,,,,,,,24.1,353.8831,2.008225
,,,,,,,,,,,,,,,24.11,353.9054,2.009075
,,,,,,,,,,,,,,,24.12,353.9467,2.009912
,,,,,,,,,,,,,,,24.13,354.0039,2.01075
,,,,,,,,,,,,,,,24.14,354.0325,2.011575
,,,,,,,,,,,,,,,24.15,354.0484,2.012413
,,,,,,,,,,,,,,,24.16,354.058,2.01325
,,,,,,,,,,,,,,,24.17,354.0834,2.014087
,,,,,,,,,,,,,,,24.18,354.1024,2.014912
,,,,,,,,,,,,,,,24.19,354.1088,2.015725
,,,,,,,,,,,,,,,24.2,354.1088,2.01655
,,,,,,,,,,,,,,,24.21,354.1247,2.017362
,,,,,,,,,,,,,,,24.22,354.1501,2.0182
,,,,,,,,,,,,,,,24.23,354.1438,2.01905
,,,,,,,,,,,,,,,24.24,354.1406,2.019887
,,,,,,,,,,,,,,,24.25,354.1533,2.020725
,,,,,,,,,,,,,,,24.26,354.2042,2.021575
,,,,,,,,,,,,,,,24.27,354.2646,2.0224
,,,,,,,,,,,,,,,24.28,354.3218,2.023225
,,,,,,,,,,,,,,,24.29,354.3504,2.02405
,,,,,,,,,,,,,,,24.3,354.3504,2.024888
,,,,,,,,,,,,,,,24.31,354.3472,2.025725
,,,,,,,,,,,,,,,24.32,354.3663,2.02655
,,,,,,,,,,,,,,,24.33,354.4013,2.0274
,,,,,,,,,,,,,,,24.34,354.4362,2.028237
,,,,,,,,,,,,,,,24.35,354.4458,2.029075
,,,,,,,,,,,,,,,24.36,354.4521,2.0299
,,,,,,,,,,,,,,,24.37,354.4776,2.030725
,,,,,,,,,,,,,,,24.38,354.5284,2.03155
,,,,,,,,,,,,,,,24.39,354.5888,2.032375
,,,,,,,,,,,,,,,24.4,354.6302,2.0332
,,,,,,,,,,,,,,,24.41,354.6492,2.034025
,,,,,,,,,,,,,,,24.42,354.6429,2.034863
,,,,,,,,,,,,,,,24.43,354.6302,2.0357
,,,,,,,,,,,,,,,24.44,354.6206,2.03655
,,,,,,,,,,,,,,,24.45,354.6143,2.0374
,,,,,,,,,,,,,,,24.46,354.6333,2.038237
,,,,,,,,,,,,,,,24.47,354.6906,2.039063
,,,,,,,,,,,,,,,24.48,354.7541,2.039887
,,,,,,,,,,,,,,,24.49,354.7955,2.040712
,,,,,,,,,,,,,,,24.5,354.8113,2.04155
,,,,,,,,,,,,,,,24.51,354.8368,2.0424
,,,,,,,,,,,,,,,24.52,354.8781,2.043237
,,,,,,,,,,,,,,,24.53,354.8972,2.044075
,,,,,,,,,,,,,,,24.54,354.8972,2.044912
,,,,,,,,,,,,,,,24.55,354.8972,2.04575
,,,,,,,,,,,,,,,24.56,354.9067,2.046587
,,,,,,,,,,,,,,,24.57,354.9322,2.047425
,,,,,,,,,,,,,,,24.58,354.9576,2.048238
,,,,,,,,,,,,,,,24.59,354.9735,2.049062
,,,,,,,,,,,,,,,24.6,354.9767,2.049887
,,,,,,,,,,,,,,,24.61,355.0116,2.0507
,,,,,,,,,,,,,,,24.62,355.0752,2.051538
,,,,,,,,,,,,,,,24.63,355.1102,2.052387
,,,,,,,,,,,,,,,24.64,355.0943,2.053225
,,,,,,,,,,,,,,,24.65,355.0752,2.054062
,,,,,,,,,,,,,,,24.66,355.0688,2.0549
,,,,,,,,,,,,,,,24.67,355.0879,2.055737
,,,,,,,,,,,,,,,24.68,355.1102,2.056562
,,,,,,,,,,,,,,,24.69,355.1292,2.057375
,,,,,,,,,,,,,,,24.7,355.1642,2.058213
,,,,,,,,,,,,,,,24.71,355.2055,2.059037
,,,,,,,,,,,,,,,24.72,355.2564,2.059875
,,,,,,,,,,,,,,,24.73,355.3073,2.060712
,,,,,,,,,,,,,,,24.74,355.3327,2.06155
,,,,,,,,,,,,,,,24.75,355.3327,2.0624
,,,,,,,,,,,,,,,24.76,355.3327,2.063237
,,,,,,,,,,,,,,,24.77,355.3359,2.064062
,,,,,,,,,,,,,,,24.78,355.3613,2.064888
,,,,,,,,,,,,,,,24.79,355.4026,2.065712
,,,,,,,,,,,,,,,24.8,355.4376,2.06655
,,,,,,,,,,,,,,,24.81,355.4471,2.067375
,,,,,,,,,,,,,,,24.82,355.4312,2.0682
,,,,,,,,,,,,,,,24.83,355.4376,2.069037
,,,,,,,,,,,,,,,24.84,355.4662,2.0699
,,,,,,,,,,,,,,,24.85,355.5075,2.07075
,,,,,,,,,,,,,,,24.86,355.5425,2.071588
,,,,,,,,,,,,,,,24.87,355.5743,2.072412
,,,,,,,,,,,,,,,24.88,355.5902,2.073237
,,,,,,,,,,,,,,,24.89,355.6093,2.07405
,,,,,,,,,,,,,,,24.9,355.6188,2.074888
,,,,,,,,,,,,,,,24.91,355.6252,2.075712
,,,,,,,,,,,,,,,24.92,355.6252,2.07655
,,,,,,,,,,,,,,,24.93,355.6156,2.077387
,,,,,,,,,,,,,,,24.94,355.5997,2.078225
,,,,,,,,,,,,,,,24.95,355.6029,2.079062
,,,,,,,,,,,,,,,24.96,355.6442,2.079887
,,,,,,,,,,,,,,,24.97,355.7205,2.080725
,,,,,,,,,,,,,,,24.98,355.7968,2.081537
,,,,,,,,,,,,,,,24.99,355.8509,2.082362
,,,,,,,,,,,,,,,25,355.8826,2.0832
,,,,,,,,,,,,,,,25.01,355.8922,2.084038
,,,,,,,,,,,,,,,25.02,355.8763,2.084862
,,,,,,,,,,,,,,,25.03,355.8572,2.0857
,,,,,,,,,,,,,,,25.04,355.8381,2.08655
,,,,,,,,,,,,,,,25.05,355.8222,2.0874
,,,,,,,,,,,,,,,25.06,355.8318,2.088238
,,,,,,,,,,,,,,,25.07,355.8604,2.089075
,,,,,,,,,,,,,,,25.08,355.9113,2.0899
,,,,,,,,,,,,,,,25.09,355.978,2.090725
,,,,,,,,,,,,,,,25.1,356.0543,2.091563
,,,,,,,,,,,,,,,25.11,356.1179,2.0924
,,,,,,,,,,,,,,,25.12,356.156,2.093225
,,,,,,,,,,,,,,,25.13,356.1656,2.094062
,,,,,,,,,,,,,,,25.14,356.1433,2.094913
,,,,,,,,,,,,,,,25.15,356.1147,2.09575
,,,,,,,,,,,,,,,25.16,356.1179,2.096575
,,,,,,,,,,,,,,,25.17,356.1656,2.0974
,,,,,,,,,,,,,,,25.18,356.2196,2.098225
,,,,,,,,,,,,,,,25.19,356.2355,2.099037
,,,,,,,,,,,,,,,25.2,356.2419,2.099862
,,,,,,,,,,,,,,,25.21,356.28,2.100688
,,,,,,,,,,,,,,,25.22,356.3404,2.101512
,,,,,,,,,,,,,,,25.23,356.3785,2.10235
,,,,,,,,,,,,,,,25.24,356.3817,2.1032
,,,,,,,,,,,,,,,25.25,356.3785,2.104063
,,,,,,,,,,,,,,,25.26,356.3817,2.1049
,,,,,,,,,,,,,,,25.27,356.4072,2.105725
,,,,,,,,,,,,,,,25.28,356.4485,2.10655
,,,,,,,,,,,,,,,25.29,356.493,2.107375
,,,,,,,,,,,,,,,25.3,356.5089,2.108212
,,,,,,,,,,,,,,,25.31,356.4994,2.109062
,,,,,,,,,,,,,,,25.32,356.4994,2.1099
,,,,,,,,,,,,,,,25.33,356.528,2.110738
,,,,,,,,,,,,,,,25.34,356.5788,2.111588
,,,,,,,,,,,,,,,25.35,356.6233,2.112425
,,,,,,,,,,,,,,,25.36,356.6392,2.113262
,,,,,,,,,,,,,,,25.37,356.6297,2.114087
,,,,,,,,,,,,,,,25.38,356.6138,2.114913
,,,,,,,,,,,,,,,25.39,356.6138,2.115737
,,,,,,,,,,,,,,,25.4,356.6297,2.11655
,,,,,,,,,,,,,,,25.41,356.636,2.117375
,,,,,,,,,,,,,,,25.42,356.6297,2.118212
,,,,,,,,,,,,,,,25.43,356.6297,2.119062
,,,,,,,,,,,,,,,25.44,356.6456,2.1199
,,,,,,,,,,,,,,,25.45,356.6742,2.12075
,,,,,,,,,,,,,,,25.46,356.7251,2.121575
,,,,,,,,,,,,,,,25.47,356.7823,2.1224
,,,,,,,,,,,,,,,25.48,356.8363,2.123225
,,,,,,,,,,,,,,,25.49,356.8808,2.12405
,,,,,,,,,,,,,,,25.5,356.9063,2.1249
,,,,,,,,,,,,,,,25.51,356.9031,2.125725
,,,,,,,,,,,,,,,25.52,356.8936,2.126562
,,,,,,,,,,,,,,,25.53,356.8872,2.1274
,,,,,,,,,,,,,,,25.54,356.9063,2.128237
,,,,,,,,,,,,,,,25.55,356.938,2.129075
,,,,,,,,,,,,,,,25.56,356.9571,2.1299
,,,,,,,,,,,,,,,25.57,356.9666,2.130725
,,,,,,,,,,,,,,,25.58,356.9921,2.13155
,,,,,,,,,,,,,,,25.59,357.0239,2.132387
,,,,,,,,,,,,,,,25.6,357.0429,2.133212
,,,,,,,,,,,,,,,25.61,357.0525,2.134025
,,,,,,,,,,,,,,,25.62,357.0652,2.134862
,,,,,,,,,,,,,,,25.63,357.0843,2.135712
,,,,,,,,,,,,,,,25.64,357.0938,2.13655
,,,,,,,,,,,,,,,25.65,357.1002,2.1374
,,,,,,,,,,,,,,,25.66,357.1161,2.138237
,,,,,,,,,,,,,,,25.67,357.1447,2.139062
,,,,,,,,,,,,,,,25.68,357.186,2.139887
,,,,,,,,,,,,,,,25.69,357.2273,2.140712
,,,,,,,,,,,,,,,25.7,357.2718,2.14155
,,,,,,,,,,,,,,,25.71,357.3068,2.142375
,,,,,,,,,,,,,,,25.72,357.3322,2.143213
,,,,,,,,,,,,,,,25.73,357.3513,2.14405
,,,,,,,,,,,,,,,25.74,357.3577,2.144887
,,,,,,,,,,,,,,,25.75,357.3513,2.145737
,,,,,,,,,,,,,,,25.76,357.3513,2.146575
,,,,,,,,,,,,,,,25.77,357.3767,2.1474
,,,,,,,,,,,,,,,25.78,357.4181,2.148225
,,,,,,,,,,,,,,,25.79,357.4467,2.14905
,,,,,,,,,,,,,,,25.8,357.4594,2.149875
,,,,,,,,,,,,,,,25.81,357.4467,2.1507
,,,,,,,,,,,,,,,25.82,357.4276,2.151537
,,,,,,,,,,,,,,,25.83,357.4181,2.152375
,,,,,,,,,,,,,,,25.84,357.4435,2.153225
,,,,,,,,,,,,,,,25.85,357.488,2.154075
,,,,,,,,,,,,,,,25.86,357.5229,2.154912
,,,,,,,,,,,,,,,25.87,357.5293,2.155737
,,,,,,,,,,,,,,,25.88,357.5325,2.156562
,,,,,,,,,,,,,,,25.89,357.5706,2.157387
,,,,,,,,,,,,,,,25.9,357.6183,2.158225
,,,,,,,,,,,,,,,25.91,357.6438,2.15905
,,,,,,,,,,,,,,,25.92,357.6597,2.1599
,,,,,,,,,,,,,,,25.93,357.6851,2.160738
,,,,,,,,,,,,,,,25.94,357.7105,2.161575
,,,,,,,,,,,,,,,25.95,357.7423,2.162412
,,,,,,,,,,,,,,,25.96,357.755,2.163237
,,,,,,,,,,,,,,,25.97,357.7518,2.164063
,,,,,,,,,,,,,,,25.98,357.7614,2.164887
,,,,,,,,,,,,,,,25.99,357.79,2.165712
,,,,,,,,,,,,,,,26,357.8313,2.16655
,,,,,,,,,,,,,,,26.01,357.8663,2.167375
,,,,,,,,,,,,,,,26.02,357.8917,2.1682
,,,,,,,,,,,,,,,26.03,357.9076,2.16905
,,,,,,,,,,,,,,,26.04,357.9235,2.1699
,,,,,,,,,,,,,,,26.05,357.9521,2.170738
,,,,,,,,,,,,,,,26.06,357.9775,2.171575
,,,,,,,,,,,,,,,26.07,358.0093,2.1724
,,,,,,,,,,,,,,,26.08,358.0443,2.173225
,,,,,,,,,,,,,,,26.09,358.0952,2.174062
,,,,,,,,,,,,,,,26.1,358.1238,2.1749
,,,,,,,,,,,,,,,26.11,358.1365,2.175725
,,,,,,,,,,,,,,,26.12,358.1301,2.17655
,,,,,,,,,,,,,,,26.13,358.1301,2.1774
,,,,,,,,,,,,,,,26.14,358.1365,2.178237
,,,,,,,,,,,,,,,26.15,358.1651,2.179062
,,,,,,,,,,,,,,,26.16,358.1969,2.1799
,,,,,,,,,,,,,,,26.17,358.2096,2.180737
,,,,,,,,,,,,,,,26.18,358.2223,2.18155
,,,,,,,,,,,,,,,26.19,358.235,2.182375
,,,,,,,,,,,,,,,26.2,358.2668,2.183187
,,,,,,,,,,,,,,,26.21,358.2859,2.184025
,,,,,,,,,,,,,,,26.22,358.2954,2.18485
,,,,,,,,,,,,,,,26.23,358.2954,2.185688
,,,,,,,,,,,,,,,26.24,358.2923,2.186525
,,,,,,,,,,,,,,,26.25,358.3082,2.187387
,,,,,,,,,,,,,,,26.26,358.3368,2.188225
,,,,,,,,,,,,,,,26.27,358.3622,2.18905
,,,,,,,,,,,,,,,26.28,358.3686,2.189875
,,,,,,,,,,,,,,,26.29,358.3781,2.1907
,,,,,,,,,,,,,,,26.3,358.394,2.191562
,,,,,,,,,,,,,,,26.31,358.4194,2.192387
,,,,,,,,,,,,,,,26.32,358.4576,2.193225
,,,,,,,,,,,,,,,26.33,358.4989,2.194062
,,,,,,,,,,,,,,,26.34,358.5243,2.194912
,,,,,,,,,,,,,,,26.35,358.5243,2.19575
,,,,,,,,,,,,,,,26.36,358.5084,2.196575
,,,,,,,,,,,,,,,26.37,358.518,2.197412
,,,,,,,,,,,,,,,26.38,358.5529,2.198225
,,,,,,,,,,,,,,,26.39,358.5943,2.19905
,,,,,,,,,,,,,,,26.4,358.6197,2.199875
,,,,,,,,,,,,,,,26.41,358.6165,2.200687
,,,,,,,,,,,,,,,26.42,358.6006,2.201525
,,,,,,,,,,,,,,,26.43,358.6038,2.202375
,,,,,,,,,,,,,,,26.44,358.6292,2.203212
,,,,,,,,,,,,,,,26.45,358.6515,2.204062
,,,,,,,,,,,,,,,26.46,358.661,2.204887
,,,,,,,,,,,,,,,26.47,358.6865,2.205725
,,,,,,,,,,,,,,,26.48,358.7373,2.20655
,,,,,,,,,,,,,,,26.49,358.7818,2.207375
,,,,,,,,,,,,,,,26.5,358.8073,2.208225
,,,,,,,,,,,,,,,26.51,358.8263,2.209075
,,,,,,,,,,,,,,,26.52,358.8517,2.2099
,,,,,,,,,,,,,,,26.53,358.8931,2.210737
,,,,,,,,,,,,,,,26.54,358.9344,2.211587
,,,,,,,,,,,,,,,26.55,358.9725,2.212425
,,,,,,,,,,,,,,,26.56,359.0139,2.213263
,,,,,,,,,,,,,,,26.57,359.0488,2.214087
,,,,,,,,,,,,,,,26.58,359.0806,2.214912
,,,,,,,,,,,,,,,26.59,359.1061,2.215737
,,,,,,,,,,,,,,,26.6,359.1188,2.216563
,,,,,,,,,,,,,,,26.61,359.1188,2.217375
,,,,,,,,,,,,,,,26.62,359.0997,2.218212
,,,,,,,,,,,,,,,26.63,359.0806,2.219062
,,,,,,,,,,,,,,,26.64,359.0743,2.219913
,,,,,,,,,,,,,,,26.65,359.1061,2.22075
,,,,,,,,,,,,,,,26.66,359.1601,2.221587
,,,,,,,,,,,,,,,26.67,359.211,2.222412
,,,,,,,,,,,,,,,26.68,359.2428,2.223238
,,,,,,,,,,,,,,,26.69,359.2555,2.22405
,,,,,,,,,,,,,,,26.7,359.2777,2.224887
,,,,,,,,,,,,,,,26.71,359.3127,2.225725
,,,,,,,,,,,,,,,26.72,359.3318,2.22655
,,,,,,,,,,,,,,,26.73,359.3222,2.227387
,,,,,,,,,,,,,,,26.74,359.3032,2.228225
,,,,,,,,,,,,,,,26.75,359.3127,2.229063
,,,,,,,,,,,,,,,26.76,359.3572,2.229887
,,,,,,,,,,,,,,,26.77,359.4144,2.230725
,,,,,,,,,,,,,,,26.78,359.4398,2.23155
,,,,,,,,,,,,,,,26.79,359.4398,2.232375
,,,,,,,,,,,,,,,26.8,359.4335,2.2332
,,,,,,,,,,,,,,,26.81,359.443,2.234025
,,,,,,,,,,,,,,,26.82,359.4621,2.234862
,,,,,,,,,,,,,,,26.83,359.478,2.235713
,,,,,,,,,,,,,,,26.84,359.4875,2.236562
,,,,,,,,,,,,,,,26.85,359.513,2.237412
,,,,,,,,,,,,,,,26.86,359.5447,2.23825
,,,,,,,,,,,,,,,26.87,359.5702,2.239063
,,,,,,,,,,,,,,,26.88,359.5861,2.2399
,,,,,,,,,,,,,,,26.89,359.6115,2.240712
,,,,,,,,,,,,,,,26.9,359.656,2.241562
,,,,,,,,,,,,,,,26.91,359.691,2.2424
,,,,,,,,,,,,,,,26.92,359.6973,2.243237
,,,,,,,,,,,,,,,26.93,359.7069,2.244062
,,,,,,,,,,,,,,,26.94,359.7355,2.244912
,,,,,,,,,,,,,,,26.95,359.7704,2.245738
,,,,,,,,,,,,,,,26.96,359.7863,2.246575
,,,,,,,,,,,,,,,26.97,359.7959,2.2474
,,,,,,,,,,,,,,,26.98,359.8181,2.248225
,,,,,,,,,,,,,,,26.99,359.8436,2.24905
,,,,,,,,,,,,,,,27,359.8372,2.249875
,,,,,,,,,,,,,,,27.01,359.8181,2.2507
,,,,,,,,,,,,,,,27.02,359.8118,2.251538
,,,,,,,,,,,,,,,27.03,359.8436,2.252375
,,,,,,,,,,,,,,,27.04,359.8944,2.253225
,,,,,,,,,,,,,,,27.05,359.9389,2.254062
,,,,,,,,,,,,,,,27.06,359.9644,2.2549
,,,,,,,,,,,,,,,27.07,359.9835,2.255738
,,,,,,,,,,,,,,,27.08,360.0089,2.256562
,,,,,,,,,,,,,,,27.09,360.0439,2.257387
,,,,,,,,,,,,,,,27.1,360.0756,2.258237
,,,,,,,,,,,,,,,27.11,360.0693,2.259063
,,,,,,,,,,,,,,,27.12,360.0598,2.2599
,,,,,,,,,,,,,,,27.13,360.0756,2.260737
,,,,,,,,,,,,,,,27.14,360.1042,2.261575
,,,,,,,,,,,,,,,27.15,360.1297,2.262413
,,,,,,,,,,,,,,,27.16,360.1392,2.263237
,,,,,,,,,,,,,,,27.17,360.1456,2.264075
,,,,,,,,,,,,,,,27.18,360.1615,2.2649
,,,,,,,,,,,,,,,27.19,360.1774,2.265725
,,,,,,,,,,,,,,,27.2,360.1869,2.266537
,,,,,,,,,,,,,,,27.21,360.1774,2.267362
,,,,,,,,,,,,,,,27.22,360.171,2.268188
,,,,,,,,,,,,,,,27.23,360.1869,2.269025
,,,,,,,,,,,,,,,27.24,360.2123,2.269875
,,,,,,,,,,,,,,,27.25,360.2314,2.270737
,,,,,,,,,,,,,,,27.26,360.2568,2.271562
,,,,,,,,,,,,,,,27.27,360.2759,2.2724
,,,,,,,,,,,,,,,27.28,360.3013,2.273225
,,,,,,,,,,,,,,,27.29,360.3586,2.274037
,,,,,,,,,,,,,,,27.3,360.4126,2.274887
,,,,,,,,,,,,,,,27.31,360.4444,2.275725
,,,,,,,,,,,,,,,27.32,360.4476,2.276562
,,,,,,,,,,,,,,,27.33,360.4539,2.277387
,,,,,,,,,,,,,,,27.34,360.4635,2.278237
,,,,,,,,,,,,,,,27.35,360.4889,2.279075
,,,,,,,,,,,,,,,27.36,360.5143,2.279912
,,,,,,,,,,,,,,,27.37,360.5302,2.280737
,,,,,,,,,,,,,,,27.38,360.5398,2.281562
,,,,,,,,,,,,,,,27.39,360.5461,2.282387
,,,,,,,,,,,,,,,27.4,360.5461,2.2832
,,,,,,,,,,,,,,,27.41,360.5557,2.284025
,,,,,,,,,,,,,,,27.42,360.5843,2.284863
,,,,,,,,,,,,,,,27.43,360.6256,2.2857
,,,,,,,,,,,,,,,27.44,360.6606,2.28655
,,,,,,,,,,,,,,,27.45,360.686,2.287387
,,,,,,,,,,,,,,,27.46,360.7019,2.288237
,,,,,,,,,,,,,,,27.47,360.7178,2.289063
,,,,,,,,,,,,,,,27.48,360.7178,2.289887
,,,,,,,,,,,,,,,27.49,360.705,2.290712
,,,,,,,,,,,,,,,27.5,360.7114,2.291563
,,,,,,,,,,,,,,,27.51,360.7305,2.2924
,,,,,,,,,,,,,,,27.52,360.7464,2.293225
,,,,,,,,,,,,,,,27.53,360.7623,2.294075
,,,,,,,,,,,,,,,27.54,360.7877,2.294912
,,,,,,,,,,,,,,,27.55,360.8131,2.29575
,,,,,,,,,,,,,,,27.56,360.8481,2.296575
,,,,,,,,,,,,,,,27.57,360.899,2.297412
,,,,,,,,,,,,,,,27.58,360.9626,2.298237
,,,,,,,,,,,,,,,27.59,361.0134,2.299062
,,,,,,,,,,,,,,,27.6,361.0261,2.299887
,,,,,,,,,,,,,,,27.61,361.0039,2.3007
,,,,,,,,,,,,,,,27.62,360.9626,2.301538
,,,,,,,,,,,,,,,27.63,360.953,2.302375
,,,,,,,,,,,,,,,27.64,360.953,2.303225
,,,,,,,,,,,,,,,27.65,360.953,2.304075
,,,,,,,,,,,,,,,27.66,360.9594,2.3049
,,,,,,,,,,,,,,,27.67,361.0102,2.305737
,,,,,,,,,,,,,,,27.68,361.0865,2.306562
,,,,,,,,,,,,,,,27.69,361.1501,2.307375
,,,,,,,,,,,,,,,27.7,361.1755,2.308225
,,,,,,,,,,,,,,,27.71,361.1851,2.309062
,,,,,,,,,,,,,,,27.72,361.2073,2.309887
,,,,,,,,,,,,,,,27.73,361.2264,2.310725
,,,,,,,,,,,,,,,27.74,361.2328,2.311563
,,,,,,,,,,,,,,,27.75,361.2359,2.312413
,,,,,,,,,,,,,,,27.76,361.2677,2.313237
,,,,,,,,,,,,,,,27.77,361.3091,2.314075
,,,,,,,,,,,,,,,27.78,361.3376,2.3149
,,,,,,,,,,,,,,,27.79,361.3472,2.315725
,,,,,,,,,,,,,,,27.8,361.3472,2.31655
,,,,,,,,,,,,,,,27.81,361.3631,2.317375
,,,,,,,,,,,,,,,27.82,361.3949,2.318213
,,,,,,,,,,,,,,,27.83,361.4171,2.319062
,,,,,,,,,,,,,,,27.84,361.4171,2.319912
,,,,,,,,,,,,,,,27.85,361.4076,2.32075
,,,,,,,,,,,,,,,27.86,361.4044,2.321587
,,,,,,,,,,,,,,,27.87,361.4171,2.322425
,,,,,,,,,,,,,,,27.88,361.4648,2.323237
,,,,,,,,,,,,,,,27.89,361.5189,2.324062
,,,,,,,,,,,,,,,27.9,361.5602,2.3249
,,,,,,,,,,,,,,,27.91,361.5602,2.325725
,,,,,,,,,,,,,,,27.92,361.5507,2.326562
,,,,,,,,,,,,,,,27.93,361.5538,2.3274
,,,,,,,,,,,,,,,27.94,361.5761,2.328225
,,,,,,,,,,,,,,,27.95,361.6015,2.329062
,,,,,,,,,,,,,,,27.96,361.6015,2.329887
,,,,,,,,,,,,,,,27.97,361.5856,2.330713
,,,,,,,,,,,,,,,27.98,361.5761,2.33155
,,,,,,,,,,,,,,,27.99,361.5697,2.332362
,,,,,,,,,,,,,,,28,361.5443,2.3332
,,,,,,,,,,,,,,,28.01,361.4839,2.334025
,,,,,,,,,,,,,,,28.02,361.4235,2.334862
,,,,,,,,,,,,,,,28.03,361.3726,2.335712
,,,,,,,,,,,,,,,28.04,361.3281,2.336562
,,,,,,,,,,,,,,,28.05,361.2709,2.3374
,,,,,,,,,,,,,,,28.06,361.22,2.338238
,,,,,,,,,,,,,,,28.07,361.1978,2.339062
,,,,,,,,,,,,,,,28.08,361.1819,2.3399
,,,,,,,,,,,,,,,28.09,361.1596,2.340725
,,,,,,,,,,,,,,,28.1,361.1151,2.341575
,,,,,,,,,,,,,,,28.11,361.0547,2.3424
,,,,,,,,,,,,,,,28.12,361.0039,2.343237
,,,,,,,,,,,,,,,28.13,360.9594,2.344075
,,,,,,,,,,,,,,,28.14,360.918,2.344913
,,,,,,,,,,,,,,,28.15,360.8894,2.345737
,,,,,,,,,,,,,,,28.16,360.8831,2.346575
,,,,,,,,,,,,,,,28.17,360.8831,2.347412
,,,,,,,,,,,,,,,28.18,360.8576,2.348225
,,,,,,,,,,,,,,,28.19,360.8068,2.34905
,,,,,,,,,,,,,,,28.2,360.7527,2.349862
,,,,,,,,,,,,,,,28.21,360.7209,2.350688
,,,,,,,,,,,,,,,28.22,360.705,2.351512
,,,,,,,,,,,,,,,28.23,360.7019,2.35235
,,,,,,,,,,,,,,,28.24,360.7114,2.3532
,,,,,,,,,,,,,,,28.25,360.7114,2.35405
,,,,,,,,,,,,,,,28.26,360.705,2.354887
,,,,,,,,,,,,,,,28.27,360.6924,2.355725
,,,,,,,,,,,,,,,28.28,360.686,2.35655
,,,,,,,,,,,,,,,28.29,360.705,2.357375
,,,,,,,,,,,,,,,28.3,360.7623,2.358225
,,,,,,,,,,,,,,,28.31,360.8163,2.359062
,,,,,,,,,,,,,,,28.32,360.8322,2.3599
,,,,,,,,,,,,,,,28.33,360.8068,2.360737
,,,,,,,,,,,,,,,28.34,360.7782,2.361575
,,,,,,,,,,,,,,,28.35,360.7559,2.362425
,,,,,,,,,,,,,,,28.36,360.7527,2.36325
,,,,,,,,,,,,,,,28.37,360.7623,2.364075
,,,,,,,,,,,,,,,28.38,360.7813,2.3649
,,,,,,,,,,,,,,,28.39,360.8131,2.365725
,,,,,,,,,,,,,,,28.4,360.8068,2.366537
,,,,,,,,,,,,,,,28.41,360.7813,2.367362
,,,,,,,,,,,,,,,28.42,360.7654,2.3682
,,,,,,,,,,,,,,,28.43,360.7877,2.36905
,,,,,,,,,,,,,,,28.44,360.8163,2.369887
,,,,,,,,,,,,,,,28.45,360.8417,2.370738
,,,,,,,,,,,,,,,28.46,360.8513,2.371562
,,,,,,,,,,,,,,,28.47,360.8576,2.3724
,,,,,,,,,,,,,,,28.48,360.8735,2.373225
,,,,,,,,,,,,,,,28.49,360.8894,2.374038
,,,,,,,,,,,,,,,28.5,360.899,2.374887
,,,,,,,,,,,,,,,28.51,360.9149,2.375725
,,,,,,,,,,,,,,,28.52,360.9339,2.37655
,,,,,,,,,,,,,,,28.53,360.9403,2.377388
,,,,,,,,,,,,,,,28.54,360.9244,2.378225
,,,,,,,,,,,,,,,28.55,360.9244,2.379075
,,,,,,,,,,,,,,,28.56,360.9594,2.3799
,,,,,,,,,,,,,,,28.57,361.0102,2.380725
,,,,,,,,,,,,,,,28.58,361.0484,2.38155
,,,,,,,,,,,,,,,28.59,361.0547,2.382387
,,,,,,,,,,,,,,,28.6,361.0357,2.383212
,,,,,,,,,,,,,,,28.61,361.0102,2.384037
,,,,,,,,,,,,,,,28.62,360.9753,2.384875
,,,,,,,,,,,,,,,28.63,360.9339,2.3857
,,,,,,,,,,,,,,,28.64,360.9149,2.38655
,,,,,,,,,,,,,,,28.65,360.9339,2.387388
,,,,,,,,,,,,,,,28.66,360.9785,2.388237
,,,,,,,,,,,,,,,28.67,361.0198,2.389075
,,,,,,,,,,,,,,,28.68,361.0484,2.389887
,,,,,,,,,,,,,,,28.69,361.0706,2.390712
,,,,,,,,,,,,,,,28.7,361.0802,2.39155
,,,,,,,,,,,,,,,28.71,361.0865,2.392375
,,,,,,,,,,,,,,,28.72,361.0865,2.393213
,,,,,,,,,,,,,,,28.73,361.0897,2.39405
,,,,,,,,,,,,,,,28.74,361.112,2.394887
,,,,,,,,,,,,,,,28.75,361.131,2.395737
,,,,,,,,,,,,,,,28.76,361.1501,2.396562
,,,,,,,,,,,,,,,28.77,361.1596,2.3974
,,,,,,,,,,,,,,,28.78,361.1501,2.398225
,,,,,,,,,,,,,,,28.79,361.1342,2.39905
,,,,,,,,,,,,,,,28.8,361.1247,2.399875
,,,,,,,,,,,,,,,28.81,361.1215,2.4007
,,,,,,,,,,,,,,,28.82,361.1215,2.401537
,,,,,,,,,,,,,,,28.83,361.1342,2.402387
,,,,,,,,,,,,,,,28.84,361.1501,2.403225
,,,,,,,,,,,,,,,28.85,361.1724,2.404075
,,,,,,,,,,,,,,,28.86,361.1914,2.404912
,,,,,,,,,,,,,,,28.87,361.2264,2.405737
,,,,,,,,,,,,,,,28.88,361.2836,2.406562
,,,,,,,,,,,,,,,28.89,361.3313,2.407387
,,,,,,,,,,,,,,,28.9,361.3376,2.408225
,,,,,,,,,,,,,,,28.91,361.2963,2.409062
,,,,,,,,,,,,,,,28.92,361.2455,2.4099
,,,,,,,,,,,,,,,28.93,361.2423,2.41075
,,,,,,,,,,,,,,,28.94,361.2709,2.411587
,,,,,,,,,,,,,,,28.95,361.3122,2.412412
,,,,,,,,,,,,,,,28.96,361.3535,2.41325
,,,,,,,,,,,,,,,28.97,361.3822,2.414075
,,,,,,,,,,,,,,,28.98,361.4076,2.4149
,,,,,,,,,,,,,,,28.99,361.4298,2.415725
,,,,,,,,,,,,,,,29,361.4489,2.41655
,,,,,,,,,,,,,,,29.01,361.4648,2.417375
,,,,,,,,,,,,,,,29.02,361.468,2.418212
,,,,,,,,,,,,,,,29.03,361.4489,2.419075
,,,,,,,,,,,,,,,29.04,361.4171,2.419912
,,,,,,,,,,,,,,,29.05,361.3981,2.420763
,,,,,,,,,,,,,,,29.06,361.4139,2.421587
,,,,,,,,,,,,,,,29.07,361.433,2.422412
,,,,,,,,,,,,,,,29.08,361.4394,2.42325
,,,,,,,,,,,,,,,29.09,361.4394,2.424062
,,,,,,,,,,,,,,,29.1,361.4426,2.424912
,,,,,,,,,,,,,,,29.11,361.4585,2.425737
,,,,,,,,,,,,,,,29.12,361.4839,2.426575
,,,,,,,,,,,,,,,29.13,361.5252,2.4274
,,,,,,,,,,,,,,,29.14,361.5793,2.428237
,,,,,,,,,,,,,,,29.15,361.6142,2.429062
,,,,,,,,,,,,,,,29.16,361.627,2.4299
,,,,,,,,,,,,,,,29.17,361.6301,2.430725
,,,,,,,,,,,,,,,29.18,361.6396,2.43155
,,,,,,,,,,,,,,,29.19,361.6619,2.432375
,,,,,,,,,,,,,,,29.2,361.6969,2.4332
,,,,,,,,,,,,,,,29.21,361.7255,2.434012
,,,,,,,,,,,,,,,29.22,361.7382,2.43485
,,,,,,,,,,,,,,,29.23,361.7159,2.4357
,,,,,,,,,,,,,,,29.24,361.6905,2.436538
,,,,,,,,,,,,,,,29.25,361.6714,2.437387
,,,,,,,,,,,,,,,29.26,361.6651,2.438225
,,,,,,,,,,,,,,,29.27,361.681,2.439062
,,,,,,,,,,,,,,,29.28,361.7255,2.439888
,,,,,,,,,,,,,,,29.29,361.7732,2.440712
,,,,,,,,,,,,,,,29.3,361.7827,2.441562
,,,,,,,,,,,,,,,29.31,361.7636,2.4424
,,,,,,,,,,,,,,,29.32,361.7573,2.443225
,,,,,,,,,,,,,,,29.33,361.7668,2.444075
,,,,,,,,,,,,,,,29.34,361.7732,2.444912
,,,,,,,,,,,,,,,29.35,361.7636,2.44575
,,,,,,,,,,,,,,,29.36,361.7827,2.446587
,,,,,,,,,,,,,,,29.37,361.8272,2.447412
,,,,,,,,,,,,,,,29.38,361.859,2.448237
,,,,,,,,,,,,,,,29.39,361.8527,2.44905
,,,,,,,,,,,,,,,29.4,361.8527,2.449875
,,,,,,,,,,,,,,,29.41,361.8685,2.4507
,,,,,,,,,,,,,,,29.42,361.8876,2.451537
,,,,,,,,,,,,,,,29.43,361.8876,2.452375
,,,,,,,,,,,,,,,29.44,361.8972,2.453212
,,,,,,,,,,,,,,,29.45,361.9194,2.454062
,,,,,,,,,,,,,,,29.46,361.9385,2.454887
,,,,,,,,,,,,,,,29.47,361.9607,2.455725
,,,,,,,,,,,,,,,29.48,361.9989,2.45655
,,,,,,,,,,,,,,,29.49,362.0338,2.457375
,,,,,,,,,,,,,,,29.5,362.0561,2.458225
,,,,,,,,,,,,,,,29.51,362.0466,2.459062
,,,,,,,,,,,,,,,29.52,362.0211,2.459888
,,,,,,,,,,,,,,,29.53,361.9893,2.460737
,,,,,,,,,,,,,,,29.54,361.9734,2.461575
,,,,,,,,,,,,,,,29.55,361.9893,2.462412
,,,,,,,,,,,,,,,29.56,362.0338,2.46325
,,,,,,,,,,,,,,,29.57,362.0911,2.464075
,,,,,,,,,,,,,,,29.58,362.126,2.464912
,,,,,,,,,,,,,,,29.59,362.1197,2.465725
,,,,,,,,,,,,,,,29.6,362.1006,2.46655
,,,,,,,,,,,,,,,29.61,362.107,2.467375
,,,,,,,,,,,,,,,29.62,362.1101,2.4682
,,,,,,,,,,,,,,,29.63,362.107,2.46905
,,,,,,,,,,,,,,,29.64,362.0911,2.4699
,,,,,,,,,,,,,,,29.65,362.0911,2.470737
,,,,,,,,,,,,,,,29.66,362.1101,2.471562
,,,,,,,,,,,,,,,29.67,362.1419,2.4724
,,,,,,,,,,,,,,,29.68,362.1674,2.473225
,,,,,,,,,,,,,,,29.69,362.1801,2.474037
,,,,,,,,,,,,,,,29.7,362.1801,2.474875
,,,,,,,,,,,,,,,29.71,362.1705,2.475713
,,,,,,,,,,,,,,,29.72,362.1674,2.476537
,,,,,,,,,,,,,,,29.73,362.1928,2.477375
,,,,,,,,,,,,,,,29.74,362.2405,2.478212
,,,,,,,,,,,,,,,29.75,362.2913,2.47905
,,,,,,,,,,,,,,,29.76,362.3072,2.479887
,,,,,,,,,,,,,,,29.77,362.304,2.480712
,,,,,,,,,,,,,,,29.78,362.304,2.48155
,,,,,,,,,,,,,,,29.79,362.3231,2.482363
,,,,,,,,,,,,,,,29.8,362.339,2.483187
,,,,,,,,,,,,,,,29.81,362.3295,2.484025
,,,,,,,,,,,,,,,29.82,362.3136,2.484862
,,,,,,,,,,,,,,,29.83,362.3072,2.4857
,,,,,,,,,,,,,,,29.84,362.3295,2.48655
,,,,,,,,,,,,,,,29.85,362.374,2.4874
,,,,,,,,,,,,,,,29.86,362.4376,2.488237
,,,,,,,,,,,,,,,29.87,362.4853,2.489075
,,,,,,,,,,,,,,,29.88,362.5107,2.4899
,,,,,,,,,,,,,,,29.89,362.5139,2.490712
,,,,,,,,,,,,,,,29.9,362.5139,2.49155
,,,,,,,,,,,,,,,29.91,362.5043,2.492388
,,,,,,,,,,,,,,,29.92,362.4884,2.493225
,,,,,,,,,,,,,,,29.93,362.4948,2.494062
,,,,,,,,,,,,,,,29.94,362.5139,2.4949
,,,,,,,,,,,,,,,29.95,362.5457,2.495738
,,,,,,,,,,,,,,,29.96,362.5711,2.496562
,,,,,,,,,,,,,,,29.97,362.587,2.497387
,,,,,,,,,,,,,,,29.98,362.5965,2.498212
,,,,,,,,,,,,,,,29.99,362.5901,2.499038
,,,,,,,,,,,,,,,30,362.5647,2.499875
,,,,,,,,,,,,,,,30.01,362.5393,2.5007
,,,,,,,,,,,,,,,30.02,362.5361,2.501525
,,,,,,,,,,,,,,,30.03,362.5616,2.502375
,,,,,,,,,,,,,,,30.04,362.5965,2.503225
,,,,,,,,,,,,,,,30.05,362.606,2.504075
,,,,,,,,,,,,,,,30.06,362.606,2.504912
,,,,,,,,,,,,,,,30.07,362.6315,2.505738
,,,,,,,,,,,,,,,30.08,362.6919,2.506575
,,,,,,,,,,,,,,,30.09,362.7268,2.507387
,,,,,,,,,,,,,,,30.1,362.7268,2.508225
,,,,,,,,,,,,,,,30.11,362.7205,2.509075
,,,,,,,,,,,,,,,30.12,362.7109,2.5099
,,,,,,,,,,,,,,,30.13,362.7014,2.510737
,,,,,,,,,,,,,,,30.14,362.7109,2.511587
,,,,,,,,,,,,,,,30.15,362.7586,2.512413
,,,,,,,,,,,,,,,30.16,362.8127,2.51325
,,,,,,,,,,,,,,,30.17,362.8477,2.514087
,,,,,,,,,,,,,,,30.18,362.8635,2.5149
,,,,,,,,,,,,,,,30.19,362.8635,2.515725
,,,,,,,,,,,,,,,30.2,362.8572,2.51655
,,,,,,,,,,,,,,,30.21,362.8635,2.517362
,,,,,,,,,,,,,,,30.22,362.8826,2.5182
,,,,,,,,,,,,,,,30.23,362.8985,2.51905
,,,,,,,,,,,,,,,30.24,362.9049,2.519887
,,,,,,,,,,,,,,,30.25,362.8985,2.520737
,,,,,,,,,,,,,,,30.26,362.9081,2.521587
,,,,,,,,,,,,,,,30.27,362.9335,2.522413
,,,,,,,,,,,,,,,30.28,362.9684,2.523237
,,,,,,,,,,,,,,,30.29,362.9843,2.52405
,,,,,,,,,,,,,,,30.3,362.9907,2.5249
,,,,,,,,,,,,,,,30.31,362.9907,2.525725
,,,,,,,,,,,,,,,30.32,362.9843,2.526562
,,,,,,,,,,,,,,,30.33,362.9843,2.5274
,,,,,,,,,,,,,,,30.34,362.9939,2.528237
,,,,,,,,,,,,,,,30.35,363.0034,2.529075
,,,,,,,,,,,,,,,30.36,363.0161,2.529912
,,,,,,,,,,,,,,,30.37,363.0416,2.530725
,,,,,,,,,,,,,,,30.38,363.0797,2.53155
,,,,,,,,,,,,,,,30.39,363.1115,2.532375
,,,,,,,,,,,,,,,30.4,363.1274,2.5332
,,,,,,,,,,,,,,,30.41,363.1465,2.534012
,,,,,,,,,,,,,,,30.42,363.1719,2.534863
,,,,,,,,,,,,,,,30.43,363.1719,2.5357
,,,,,,,,,,,,,,,30.44,363.1369,2.53655
,,,,,,,,,,,,,,,30.45,363.0956,2.537387
,,,,,,,,,,,,,,,30.46,363.0765,2.538225
,,,,,,,,,,,,,,,30.47,363.0892,2.53905
,,,,,,,,,,,,,,,30.48,363.1401,2.539875
,,,,,,,,,,,,,,,30.49,363.1814,2.5407
,,,,,,,,,,,,,,,30.5,363.1973,2.54155
,,,,,,,,,,,,,,,30.51,363.2005,2.542387
,,,,,,,,,,,,,,,30.52,363.2164,2.543225
,,,,,,,,,,,,,,,30.53,363.2386,2.544062
,,,,,,,,,,,,,,,30.54,363.2577,2.544912
,,,,,,,,,,,,,,,30.55,363.2831,2.54575
,,,,,,,,,,,,,,,30.56,363.3086,2.546575
,,,,,,,,,,,,,,,30.57,363.3245,2.547412
,,,,,,,,,,,,,,,30.58,363.3181,2.548237
,,,,,,,,,,,,,,,30.59,363.299,2.549062
,,,,,,,,,,,,,,,30.6,363.2831,2.549887
,,,,,,,,,,,,,,,30.61,363.2927,2.5507
,,,,,,,,,,,,,,,30.62,363.3181,2.551538
,,,,,,,,,,,,,,,30.63,363.3277,2.552375
,,,,,,,,,,,,,,,30.64,363.3277,2.553212
,,,,,,,,,,,,,,,30.65,363.3436,2.554062
,,,,,,,,,,,,,,,30.66,363.369,2.5549
,,,,,,,,,,,,,,,30.67,363.3881,2.555737
,,,,,,,,,,,,,,,30.68,363.4103,2.55655
,,,,,,,,,,,,,,,30.69,363.4294,2.557375
,,,,,,,,,,,,,,,30.7,363.4357,2.558213
,,,,,,,,,,,,,,,30.71,363.4357,2.55905
,,,,,,,,,,,,,,,30.72,363.4485,2.559875
,,,,,,,,,,,,,,,30.73,363.458,2.560725
,,,,,,,,,,,,,,,30.74,363.4548,2.561563
,,,,,,,,,,,,,,,30.75,363.4453,2.5624
,,,,,,,,,,,,,,,30.76,363.4485,2.563225
,,,,,,,,,,,,,,,30.77,363.4707,2.564075
,,,,,,,,,,,,,,,30.78,363.5057,2.564888
,,,,,,,,,,,,,,,30.79,363.5343,2.565712
,,,,,,,,,,,,,,,30.8,363.5661,2.56655
,,,,,,,,,,,,,,,30.81,363.5915,2.567375
,,,,,,,,,,,,,,,30.82,363.6106,2.5682
,,,,,,,,,,,,,,,30.83,363.6201,2.56905
,,,,,,,,,,,,,,,30.84,363.6169,2.5699
,,,,,,,,,,,,,,,30.85,363.6074,2.57075
,,,,,,,,,,,,,,,30.86,363.6169,2.571587
,,,,,,,,,,,,,,,30.87,363.6424,2.572412
,,,,,,,,,,,,,,,30.88,363.6932,2.573237
,,,,,,,,,,,,,,,30.89,363.7409,2.57405
,,,,,,,,,,,,,,,30.9,363.7664,2.574888
,,,,,,,,,,,,,,,30.91,363.7568,2.575712
,,,,,,,,,,,,,,,30.92,363.7187,2.57655
,,,,,,,,,,,,,,,30.93,363.6869,2.577387
,,,,,,,,,,,,,,,30.94,363.6964,2.578225
,,,,,,,,,,,,,,,30.95,363.7282,2.579062
,,,,,,,,,,,,,,,30.96,363.7632,2.579887
,,,,,,,,,,,,,,,30.97,363.7727,2.580725
,,,,,,,,,,,,,,,30.98,363.7632,2.581537
,,,,,,,,,,,,,,,30.99,363.7473,2.582362
,,,,,,,,,,,,,,,31,363.7536,2.5832
,,,,,,,,,,,,,,,31.01,363.7886,2.584025
,,,,,,,,,,,,,,,31.02,363.8522,2.58485
,,,,,,,,,,,,,,,31.03,363.9189,2.5857
,,,,,,,,,,,,,,,31.04,363.9539,2.58655
,,,,,,,,,,,,,,,31.05,363.9539,2.5874
,,,,,,,,,,,,,,,31.06,363.938,2.588238
,,,,,,,,,,,,,,,31.07,363.9285,2.589062
,,,,,,,,,,,,,,,31.08,363.9189,2.5899
,,,,,,,,,,,,,,,31.09,363.9189,2.590725
,,,,,,,,,,,,,,,31.1,363.9253,2.591563
,,,,,,,,,,,,,,,31.11,363.9444,2.5924
,,,,,,,,,,,,,,,31.12,363.9793,2.593225
,,,,,,,,,,,,,,,31.13,364.0111,2.594062
,,,,,,,,,,,,,,,31.14,364.0143,2.5949
,,,,,,,,,,,,,,,31.15,363.9952,2.59575
,,,,,,,,,,,,,,,31.16,364.0016,2.596575
,,,,,,,,,,,,,,,31.17,364.0397,2.5974
,,,,,,,,,,,,,,,31.18,364.0747,2.598225
,,,,,,,,,,,,,,,31.19,364.0906,2.599037
,,,,,,,,,,,,,,,31.2,364.1001,2.599862
,,,,,,,,,,,,,,,31.21,364.1224,2.600688
,,,,,,,,,,,,,,,31.22,364.1319,2.601512
,,,,,,,,,,,,,,,31.23,364.1224,2.602362
,,,,,,,,,,,,,,,31.24,364.1097,2.6032
,,,,,,,,,,,,,,,31.25,364.116,2.60405
,,,,,,,,,,,,,,,31.26,364.1415,2.604887
,,,,,,,,,,,,,,,31.27,364.1605,2.605725
,,,,,,,,,,,,,,,31.28,364.1764,2.60655
,,,,,,,,,,,,,,,31.29,364.186,2.607375
,,,,,,,,,,,,,,,31.3,364.2019,2.608212
,,,,,,,,,,,,,,,31.31,364.2209,2.609062
,,,,,,,,,,,,,,,31.32,364.2464,2.6099
,,,,,,,,,,,,,,,31.33,364.2718,2.61075
,,,,,,,,,,,,,,,31.34,364.2813,2.611588
,,,,,,,,,,,,,,,31.35,364.2782,2.612437
,,,,,,,,,,,,,,,31.36,364.2813,2.613262
,,,,,,,,,,,,,,,31.37,364.3131,2.614087
,,,,,,,,,,,,,,,31.38,364.3545,2.614913
,,,,,,,,,,,,,,,31.39,364.3831,2.615737
,,,,,,,,,,,,,,,31.4,364.399,2.61655
,,,,,,,,,,,,,,,31.41,364.4053,2.617375
,,,,,,,,,,,,,,,31.42,364.4053,2.618212
,,,,,,,,,,,,,,,31.43,364.4085,2.619062
,,,,,,,,,,,,,,,31.44,364.4149,2.6199
,,,,,,,,,,,,,,,31.45,364.418,2.620738
,,,,,,,,,,,,,,,31.46,364.4339,2.621575
,,,,,,,,,,,,,,,31.47,364.4562,2.622412
,,,,,,,,,,,,,,,31.48,364.4784,2.623225
,,,,,,,,,,,,,,,31.49,364.5038,2.62405
,,,,,,,,,,,,,,,31.5,364.5197,2.6249
,,,,,,,,,,,,,,,31.51,364.5261,2.625725
,,,,,,,,,,,,,,,31.52,364.5293,2.626562
,,,,,,,,,,,,,,,31.53,364.5356,2.6274
,,,,,,,,,,,,,,,31.54,364.5515,2.628237
,,,,,,,,,,,,,,,31.55,364.5547,2.629075
,,,,,,,,,,,,,,,31.56,364.5706,2.6299
,,,,,,,,,,,,,,,31.57,364.596,2.630725
,,,,,,,,,,,,,,,31.58,364.6151,2.631562
,,,,,,,,,,,,,,,31.59,364.6024,2.632375
,,,,,,,,,,,,,,,31.6,364.5801,2.633212
,,,,,,,,,,,,,,,31.61,364.5865,2.634025
,,,,,,,,,,,,,,,31.62,364.6056,2.634862
,,,,,,,,,,,,,,,31.63,364.6056,2.635712
,,,,,,,,,,,,,,,31.64,364.577,2.63655
,,,,,,,,,,,,,,,31.65,364.5547,2.6374
,,,,,,,,,,,,,,,31.66,364.577,2.638225
,,,,,,,,,,,,,,,31.67,364.6215,2.639062
,,,,,,,,,,,,,,,31.68,364.6819,2.639887
,,,,,,,,,,,,,,,31.69,364.7169,2.640712
,,,,,,,,,,,,,,,31.7,364.7169,2.64155
,,,,,,,,,,,,,,,31.71,364.7137,2.642387
,,,,,,,,,,,,,,,31.72,364.7327,2.643212
,,,,,,,,,,,,,,,31.73,364.7582,2.64405
,,,,,,,,,,,,,,,31.74,364.7614,2.644887
,,,,,,,,,,,,,,,31.75,364.7677,2.645737
,,,,,,,,,,,,,,,31.76,364.7836,2.646575
,,,,,,,,,,,,,,,31.77,364.8027,2.6474
,,,,,,,,,,,,,,,31.78,364.8281,2.648225
,,,,,,,,,,,,,,,31.79,364.844,2.64905
,,,,,,,,,,,,,,,31.8,364.8472,2.649875
,,,,,,,,,,,,,,,31.81,364.8535,2.6507
,,,,,,,,,,,,,,,31.82,364.8631,2.651525
,,,,,,,,,,,,,,,31.83,364.8694,2.652375
,,,,,,,,,,,,,,,31.84,364.8726,2.653225
,,,,,,,,,,,,,,,31.85,364.8853,2.654063
,,,,,,,,,,,,,,,31.86,364.9108,2.654912
,,,,,,,,,,,,,,,31.87,364.9394,2.655737
,,,,,,,,,,,,,,,31.88,364.9584,2.656562
,,,,,,,,,,,,,,,31.89,364.9807,2.657387
,,,,,,,,,,,,,,,31.9,364.9966,2.658225
,,,,,,,,,,,,,,,31.91,365.0093,2.65905
,,,,,,,,,,,,,,,31.92,365.0252,2.6599
,,,,,,,,,,,,,,,31.93,365.0443,2.660738
,,,,,,,,,,,,,,,31.94,365.0824,2.661575
,,,,,,,,,,,,,,,31.95,365.0952,2.662412
,,,,,,,,,,,,,,,31.96,365.0824,2.663237
,,,,,,,,,,,,,,,31.97,365.0602,2.664075
,,,,,,,,,,,,,,,31.98,365.0697,2.664887
,,,,,,,,,,,,,,,31.99,365.0952,2.665712
,,,,,,,,,,,,,,,32,365.0856,2.66655
,,,,,,,,,,,,,,,32.01,365.0665,2.667375
,,,,,,,,,,,,,,,32.02,365.0665,2.668212
,,,,,,,,,,,,,,,32.03,365.076,2.66905
,,,,,,,,,,,,,,,32.04,365.0697,2.6699
,,,,,,,,,,,,,,,32.05,365.0665,2.67075
,,,,,,,,,,,,,,,32.06,365.0952,2.671575
,,,,,,,,,,,,,,,32.07,365.1682,2.672412
,,,,,,,,,,,,,,,32.08,365.2477,2.673237
,,,,,,,,,,,,,,,32.09,365.2922,2.674062
,,,,,,,,,,,,,,,32.1,365.2922,2.6749
,,,,,,,,,,,,,,,32.11,365.2795,2.675725
,,,,,,,,,,,,,,,32.12,365.2732,2.676563
,,,,,,,,,,,,,,,32.13,365.2636,2.6774
,,,,,,,,,,,,,,,32.14,365.2318,2.678237
,,,,,,,,,,,,,,,32.15,365.2128,2.679062
,,,,,,,,,,,,,,,32.16,365.2223,2.6799
,,,,,,,,,,,,,,,32.17,365.2573,2.680737
,,,,,,,,,,,,,,,32.18,365.2986,2.68155
,,,,,,,,,,,,,,,32.19,365.3272,2.682375
,,,,,,,,,,,,,,,32.2,365.3495,2.683187
,,,,,,,,,,,,,,,32.21,365.3526,2.684025
,,,,,,,,,,,,,,,32.22,365.3749,2.68485
,,,,,,,,,,,,,,,32.23,365.4099,2.685688
,,,,,,,,,,,,,,,32.24,365.4289,2.686525
,,,,,,,,,,,,,,,32.25,365.4289,2.687387
,,,,,,,,,,,,,,,32.26,365.413,2.688225
,,,,,,,,,,,,,,,32.27,365.394,2.689062
,,,,,,,,,,,,,,,32.28,365.3781,2.689888
,,,,,,,,,,,,,,,32.29,365.3654,2.690712
,,,,,,,,,,,,,,,32.3,365.359,2.691562
,,,,,,,,,,,,,,,32.31,365.359,2.692387
,,,,,,,,,,,,,,,32.32,365.3685,2.693225
,,,,,,,,,,,,,,,32.33,365.4003,2.694075
,,,,,,,,,,,,,,,32.34,365.4448,2.694925
,,,,,,,,,,,,,,,32.35,365.4861,2.69575
,,,,,,,,,,,,,,,32.36,365.5052,2.696587
,,,,,,,,,,,,,,,32.37,365.5148,2.697412
,,,,,,,,,,,,,,,32.38,365.5243,2.698237
,,,,,,,,,,,,,,,32.39,365.5306,2.69905
,,,,,,,,,,,,,,,32.4,365.5148,2.699875
,,,,,,,,,,,,,,,32.41,365.4893,2.7007
,,,,,,,,,,,,,,,32.42,365.4702,2.701525
,,,,,,,,,,,,,,,32.43,365.4702,2.702375
,,,,,,,,,,,,,,,32.44,365.4989,2.703212
,,,,,,,,,,,,,,,32.45,365.5561,2.704062
,,,,,,,,,,,,,,,32.46,365.6006,2.7049
,,,,,,,,,,,,,,,32.47,365.6228,2.705725
,,,,,,,,,,,,,,,32.48,365.6165,2.70655
,,,,,,,,,,,,,,,32.49,365.6069,2.707375
,,,,,,,,,,,,,,,32.5,365.5974,2.708225
,,,,,,,,,,,,,,,32.51,365.5847,2.709075
,,,,,,,,,,,,,,,32.52,365.5752,2.709913
,,,,,,,,,,,,,,,32.53,365.5815,2.71075
,,,,,,,,,,,,,,,32.54,365.6069,2.711587
,,,,,,,,,,,,,,,32.55,365.6419,2.712425
,,,,,,,,,,,,,,,32.56,365.6674,2.713262
,,,,,,,,,,,,,,,32.57,365.6832,2.714087
,,,,,,,,,,,,,,,32.58,365.6928,2.714925
,,,,,,,,,,,,,,,32.59,365.6864,2.715737
,,,,,,,,,,,,,,,32.6,365.6928,2.716563
,,,,,,,,,,,,,,,32.61,365.7278,2.717375
,,,,,,,,,,,,,,,32.62,365.7722,2.718212
,,,,,,,,,,,,,,,32.63,365.7786,2.719062
,,,,,,,,,,,,,,,32.64,365.7595,2.719913
,,,,,,,,,,,,,,,32.65,365.7468,2.72075
,,,,,,,,,,,,,,,32.66,365.7691,2.721587
,,,,,,,,,,,,,,,32.67,365.8072,2.722412
,,,,,,,,,,,,,,,32.68,365.8549,2.723238
,,,,,,,,,,,,,,,32.69,365.8803,2.72405
,,,,,,,,,,,,,,,32.7,365.893,2.724887
,,,,,,,,,,,,,,,32.71,365.9058,2.725725
,,,,,,,,,,,,,,,32.72,365.9058,2.72655
,,,,,,,,,,,,,,,32.73,365.8994,2.727387
,,,,,,,,,,,,,,,32.74,365.8994,2.728212
,,,,,,,,,,,,,,,32.75,365.9089,2.729062
,,,,,,,,,,,,,,,32.76,365.9185,2.729887
,,,,,,,,,,,,,,,32.77,365.9185,2.730725
,,,,,,,,,,,,,,,32.78,365.9153,2.73155
,,,,,,,,,,,,,,,32.79,365.9185,2.732375
,,,,,,,,,,,,,,,32.8,365.9344,2.7332
,,,,,,,,,,,,,,,32.81,365.9534,2.734025
,,,,,,,,,,,,,,,32.82,365.9852,2.734862
,,,,,,,,,,,,,,,32.83,366.0266,2.735713
,,,,,,,,,,,,,,,32.84,366.0552,2.736562
,,,,,,,,,,,,,,,32.85,366.0647,2.737412
,,,,,,,,,,,,,,,32.86,366.0774,2.738237
,,,,,,,,,,,,,,,32.87,366.1028,2.739063
,,,,,,,,,,,,,,,32.88,366.1505,2.739887
,,,,,,,,,,,,,,,32.89,366.1982,2.740712
,,,,,,,,,,,,,,,32.9,366.2078,2.74155
,,,,,,,,,,,,,,,32.91,366.176,2.7424
,,,,,,,,,,,,,,,32.92,366.1474,2.743225
,,,,,,,,,,,,,,,32.93,366.141,2.744062
,,,,,,,,,,,,,,,32.94,366.1664,2.7449
,,,,,,,,,,,,,,,32.95,366.2078,2.745737
,,,,,,,,,,,,,,,32.96,366.2523,2.746575
,,,,,,,,,,,,,,,32.97,366.2936,2.7474
,,,,,,,,,,,,,,,32.98,366.3222,2.748225
,,,,,,,,,,,,,,,32.99,366.3381,2.74905
,,,,,,,,,,,,,,,33,366.3286,2.749875
,,,,,,,,,,,,,,,33.01,366.3095,2.7507
,,,,,,,,,,,,,,,33.02,366.3,2.751537
,,,,,,,,,,,,,,,33.03,366.3095,2.752375
,,,,,,,,,,,,,,,33.04,366.3381,2.753225
,,,,,,,,,,,,,,,33.05,366.3604,2.754062
,,,,,,,,,,,,,,,33.06,366.3699,2.7549
,,,,,,,,,,,,,,,33.07,366.3889,2.755738
,,,,,,,,,,,,,,,33.08,366.4335,2.756575
,,,,,,,,,,,,,,,33.09,366.4716,2.757387
,,,,,,,,,,,,,,,33.1,366.4843,2.758225
,,,,,,,,,,,,,,,33.11,366.5002,2.759063
,,,,,,,,,,,,,,,33.12,366.532,2.7599
,,,,,,,,,,,,,,,33.13,366.5447,2.760737
,,,,,,,,,,,,,,,33.14,366.5415,2.761575
,,,,,,,,,,,,,,,33.15,366.5352,2.762413
,,,,,,,,,,,,,,,33.16,366.5415,2.76325
,,,,,,,,,,,,,,,33.17,366.5574,2.764075
,,,,,,,,,,,,,,,33.18,366.5702,2.7649
,,,,,,,,,,,,,,,33.19,366.5861,2.765712
,,,,,,,,,,,,,,,33.2,366.6051,2.766537
,,,,,,,,,,,,,,,33.21,366.6369,2.767362
,,,,,,,,,,,,,,,33.22,366.656,2.768188
,,,,,,,,,,,,,,,33.23,366.656,2.769025
,,,,,,,,,,,,,,,33.24,366.6433,2.769875
,,,,,,,,,,,,,,,33.25,366.6115,2.770725
,,,,,,,,,,,,,,,33.26,366.6051,2.771562
,,,,,,,,,,,,,,,33.27,366.6274,2.772388
,,,,,,,,,,,,,,,33.28,366.6528,2.773225
,,,,,,,,,,,,,,,33.29,366.6814,2.774037
,,,,,,,,,,,,,,,33.3,366.7132,2.774887
,,,,,,,,,,,,,,,33.31,366.7323,2.775725
,,,,,,,,,,,,,,,33.32,366.7386,2.77655
,,,,,,,,,,,,,,,33.33,366.7418,2.7774
,,,,,,,,,,,,,,,33.34,366.7641,2.778237
,,,,,,,,,,,,,,,33.35,366.7895,2.779075
,,,,,,,,,,,,,,,33.36,366.8149,2.7799
,,,,,,,,,,,,,,,33.37,366.8276,2.780725
,,,,,,,,,,,,,,,33.38,366.834,2.78155
,,,,,,,,,,,,,,,33.39,366.8245,2.782375
,,,,,,,,,,,,,,,33.4,366.8181,2.7832
,,,,,,,,,,,,,,,33.41,366.8245,2.784025
,,,,,,,,,,,,,,,33.42,366.834,2.784863
,,,,,,,,,,,,,,,33.43,366.834,2.7857
,,,,,,,,,,,,,,,33.44,366.8181,2.786537
,,,,,,,,,,,,,,,33.45,366.8149,2.787387
,,,,,,,,,,,,,,,33.46,366.834,2.788225
,,,,,,,,,,,,,,,33.47,366.8849,2.789063
,,,,,,,,,,,,,,,33.48,366.9516,2.789887
,,,,,,,,,,,,,,,33.49,366.9993,2.790712
,,,,,,,,,,,,,,,33.5,367.0247,2.791562
,,,,,,,,,,,,,,,33.51,367.0152,2.792387
,,,,,,,,,,,,,,,33.52,366.9898,2.793225
,,,,,,,,,,,,,,,33.53,366.9993,2.794075
,,,,,,,,,,,,,,,33.54,367.0502,2.794912
,,,,,,,,,,,,,,,33.55,367.0978,2.79575
,,,,,,,,,,,,,,,33.56,367.1233,2.796575
,,,,,,,,,,,,,,,33.57,367.1328,2.797412
,,,,,,,,,,,,,,,33.58,367.1424,2.798237
,,,,,,,,,,,,,,,33.59,367.1583,2.799062
,,,,,,,,,,,,,,,33.6,367.1869,2.799887
,,,,,,,,,,,,,,,33.61,367.2218,2.8007
,,,,,,,,,,,,,,,33.62,367.2473,2.801538
,,,,,,,,,,,,,,,33.63,367.2568,2.802375
,,,,,,,,,,,,,,,33.64,367.2568,2.803225
,,,,,,,,,,,,,,,33.65,367.2536,2.804062
,,,,,,,,,,,,,,,33.66,367.2473,2.804912
,,,,,,,,,,,,,,,33.67,367.2632,2.805737
,,,,,,,,,,,,,,,33.68,367.3077,2.806562
,,,,,,,,,,,,,,,33.69,367.3553,2.807375
,,,,,,,,,,,,,,,33.7,367.3649,2.808213
,,,,,,,,,,,,,,,33.71,367.3553,2.809062
,,,,,,,,,,,,,,,33.72,367.3394,2.809887
,,,,,,,,,,,,,,,33.73,367.3394,2.810725
,,,,,,,,,,,,,,,33.74,367.3394,2.811575
,,,,,,,,,,,,,,,33.75,367.3331,2.812413
,,,,,,,,,,,,,,,33.76,367.3394,2.813237
,,,,,,,,,,,,,,,33.77,367.3426,2.814075
,,,,,,,,,,,,,,,33.78,367.3744,2.8149
,,,,,,,,,,,,,,,33.79,367.4189,2.815725
,,,,,,,,,,,,,,,33.8,367.4539,2.81655
,,,,,,,,,,,,,,,33.81,367.4539,2.817375
,,,,,,,,,,,,,,,33.82,367.4348,2.818213
,,,,,,,,,,,,,,,33.83,367.4157,2.819075
,,,,,,,,,,,,,,,33.84,367.4094,2.819912
,,,,,,,,,,,,,,,33.85,367.4348,2.82075
,,,,,,,,,,,,,,,33.86,367.4761,2.821587
,,,,,,,,,,,,,,,33.87,367.5302,2.822425
,,,,,,,,,,,,,,,33.88,367.5779,2.82325
,,,,,,,,,,,,,,,33.89,367.5906,2.824062
,,,,,,,,,,,,,,,33.9,367.5874,2.8249
,,,,,,,,,,,,,,,33.91,367.5811,2.825737
,,,,,,,,,,,,,,,33.92,367.5556,2.826562
,,,,,,,,,,,,,,,33.93,367.5207,2.8274
,,,,,,,,,,,,,,,33.94,367.5016,2.828238
,,,,,,,,,,,,,,,33.95,367.5302,2.829062
,,,,,,,,,,,,,,,33.96,367.5906,2.829887
,,,,,,,,,,,,,,,33.97,367.6255,2.830725
,,,,,,,,,,,,,,,33.98,367.6319,2.83155
,,,,,,,,,,,,,,,33.99,367.6224,2.832362
,,,,,,,,,,,,,,,34,367.6065,2.8332
,,,,,,,,,,,,,,,34.01,367.597,2.834025
,,,,,,,,,,,,,,,34.02,367.597,2.834862
,,,,,,,,,,,,,,,34.03,367.616,2.835712
,,,,,,,,,,,,,,,34.04,367.6573,2.836562
,,,,,,,,,,,,,,,34.05,367.6923,2.8374
,,,,,,,,,,,,,,,34.06,367.7146,2.838238
,,,,,,,,,,,,,,,34.07,367.7241,2.839075
,,,,,,,,,,,,,,,34.08,367.7368,2.8399
,,,,,,,,,,,,,,,34.09,367.7495,2.840725
,,,,,,,,,,,,,,,34.1,367.7686,2.841575
,,,,,,,,,,,,,,,34.11,367.8036,2.8424
,,,,,,,,,,,,,,,34.12,367.8385,2.843237
,,,,,,,,,,,,,,,34.13,367.8385,2.844075
,,,,,,,,,,,,,,,34.14,367.8131,2.844913
,,,,,,,,,,,,,,,34.15,367.8195,2.84575
,,,,,,,,,,,,,,,34.16,367.864,2.846587
,,,,,,,,,,,,,,,34.17,367.8958,2.847412
,,,,,,,,,,,,,,,34.18,367.8799,2.848225
,,,,,,,,,,,,,,,34.19,367.8481,2.84905
,,,,,,,,,,,,,,,34.2,367.8385,2.849862
,,,,,,,,,,,,,,,34.21,367.8544,2.850688
,,,,,,,,,,,,,,,34.22,367.8799,2.851512
,,,,,,,,,,,,,,,34.23,367.8894,2.85235
,,,,,,,,,,,,,,,34.24,367.8862,2.8532
,,,,,,,,,,,,,,,34.25,367.8799,2.85405
,,,,,,,,,,,,,,,34.26,367.8989,2.854887
,,,,,,,,,,,,,,,34.27,367.9403,2.855725
,,,,,,,,,,,,,,,34.28,367.9848,2.85655
,,,,,,,,,,,,,,,34.29,368.0261,2.857375
,,,,,,,,,,,,,,,34.3,368.0706,2.858225
,,,,,,,,,,,,,,,34.31,368.0865,2.859062
,,,,,,,,,,,,,,,34.32,368.0579,2.859887
,,,,,,,,,,,,,,,34.33,368.0261,2.860737
,,,,,,,,,,,,,,,34.34,368.0325,2.861588
,,,,,,,,,,,,,,,34.35,368.0452,2.862425
,,,,,,,,,,,,,,,34.36,368.0515,2.86325
,,,,,,,,,,,,,,,34.37,368.0515,2.864075
,,,,,,,,,,,,,,,34.38,368.0674,2.8649
,,,,,,,,,,,,,,,34.39,368.1119,2.865725
,,,,,,,,,,,,,,,34.4,368.1723,2.866537
,,,,,,,,,,,,,,,34.41,368.2041,2.867375
,,,,,,,,,,,,,,,34.42,368.1978,2.8682
,,,,,,,,,,,,,,,34.43,368.1723,2.86905
,,,,,,,,,,,,,,,34.44,368.1469,2.8699
,,,,,,,,,,,,,,,34.45,368.1374,2.870737
,,,,,,,,,,,,,,,34.46,368.1692,2.871575
,,,,,,,,,,,,,,,34.47,368.2391,2.8724
,,,,,,,,,,,,,,,34.48,368.2995,2.873225
,,,,,,,,,,,,,,,34.49,368.3185,2.87405
,,,,,,,,,,,,,,,34.5,368.3249,2.874887
,,,,,,,,,,,,,,,34.51,368.3408,2.875725
,,,,,,,,,,,,,,,34.52,368.3694,2.87655
,,,,,,,,,,,,,,,34.53,368.3758,2.877388
,,,,,,,,,,,,,,,34.54,368.3599,2.878225
,,,,,,,,,,,,,,,34.55,368.344,2.879075
,,,,,,,,,,,,,,,34.56,368.3535,2.8799
,,,,,,,,,,,,,,,34.57,368.3758,2.880738
,,,,,,,,,,,,,,,34.58,368.3948,2.881562
,,,,,,,,,,,,,,,34.59,368.4139,2.882387
,,,,,,,,,,,,,,,34.6,368.4362,2.883212
,,,,,,,,,,,,,,,34.61,368.4553,2.884037
,,,,,,,,,,,,,,,34.62,368.4711,2.884862
,,,,,,,,,,,,,,,34.63,368.487,2.8857
,,,,,,,,,,,,,,,34.64,368.4902,2.88655
,,,,,,,,,,,,,,,34.65,368.487,2.887388
,,,,,,,,,,,,,,,34.66,368.4711,2.888237
,,,,,,,,,,,,,,,34.67,368.4521,2.889062
,,,,,,,,,,,,,,,34.68,368.4616,2.889887
,,,,,,,,,,,,,,,34.69,368.5061,2.890712
,,,,,,,,,,,,,,,34.7,368.557,2.89155
,,,,,,,,,,,,,,,34.71,368.5824,2.892375
,,,,,,,,,,,,,,,34.72,368.5856,2.893212
,,,,,,,,,,,,,,,34.73,368.5983,2.89405
,,,,,,,,,,,,,,,34.74,368.611,2.894887
,,,,,,,,,,,,,,,34.75,368.6237,2.895725
,,,,,,,,,,,,,,,34.76,368.6333,2.896562
,,,,,,,,,,,,,,,34.77,368.6523,2.897388
,,,,,,,,,,,,,,,34.78,368.6682,2.898212
,,,,,,,,,,,,,,,34.79,368.6873,2.899037
,,,,,,,,,,,,,,,34.8,368.7223,2.899875
,,,,,,,,,,,,,,,34.81,368.7477,2.9007
,,,,,,,,,,,,,,,34.82,368.7477,2.901537
,,,,,,,,,,,,,,,34.83,368.735,2.902387
,,,,,,,,,,,,,,,34.84,368.7286,2.903225
,,,,,,,,,,,,,,,34.85,368.7445,2.904075
,,,,,,,,,,,,,,,34.86,368.7573,2.904912
,,,,,,,,,,,,,,,34.87,368.77,2.905737
,,,,,,,,,,,,,,,34.88,368.7986,2.906562
,,,,,,,,,,,,,,,34.89,368.859,2.907387
,,,,,,,,,,,,,,,34.9,368.9194,2.908225
,,,,,,,,,,,,,,,34.91,368.9353,2.909075
,,,,,,,,,,,,,,,34.92,368.9066,2.9099
,,,,,,,,,,,,,,,34.93,368.8749,2.91075
,,,,,,,,,,,,,,,34.94,368.8907,2.911587
,,,,,,,,,,,,,,,34.95,368.9353,2.912412
,,,,,,,,,,,,,,,34.96,368.9766,2.913237
,,,,,,,,,,,,,,,34.97,368.9861,2.914075
,,,,,,,,,,,,,,,34.98,368.967,2.9149
,,,,,,,,,,,,,,,34.99,368.9543,2.915725
,,,,,,,,,,,,,,,35,368.9766,2.91655
,,,,,,,,,,,,,,,35.01,369.0052,2.917375
,,,,,,,,,,,,,,,35.02,369.0306,2.918212
,,,,,,,,,,,,,,,35.03,369.0465,2.919075
,,,,,,,,,,,,,,,35.04,369.0561,2.919912
,,,,,,,,,,,,,,,35.05,369.072,2.92075
,,,,,,,,,,,,,,,35.06,369.0783,2.921587
,,,,,,,,,,,,,,,35.07,369.072,2.922425
,,,,,,,,,,,,,,,35.08,369.0783,2.92325
,,,,,,,,,,,,,,,35.09,369.1165,2.924062
,,,,,,,,,,,,,,,35.1,369.1578,2.924912
,,,,,,,,,,,,,,,35.11,369.1673,2.925737
,,,,,,,,,,,,,,,35.12,369.1483,2.926562
,,,,,,,,,,,,,,,35.13,369.126,2.9274
,,,,,,,,,,,,,,,35.14,369.1514,2.928237
,,,,,,,,,,,,,,,35.15,369.2118,2.929062
,,,,,,,,,,,,,,,35.16,369.2373,2.9299
,,,,,,,,,,,,,,,35.17,369.2118,2.930725
,,,,,,,,,,,,,,,35.18,369.1927,2.93155
,,,,,,,,,,,,,,,35.19,369.2023,2.932375
,,,,,,,,,,,,,,,35.2,369.2245,2.9332
,,,,,,,,,,,,,,,35.21,369.2277,2.934012
,,,,,,,,,,,,,,,35.22,369.2341,2.93485
,,,,,,,,,,,,,,,35.23,369.25,2.9357
,,,,,,,,,,,,,,,35.24,369.2849,2.936538
,,,,,,,,,,,,,,,35.25,369.3199,2.937387
,,,,,,,,,,,,,,,35.26,369.3231,2.938225
,,,,,,,,,,,,,,,35.27,369.3136,2.939062
,,,,,,,,,,,,,,,35.28,369.3231,2.939888
,,,,,,,,,,,,,,,35.29,369.3549,2.940712
,,,,,,,,,,,,,,,35.3,369.3803,2.941562
,,,,,,,,,,,,,,,35.31,369.3962,2.9424
,,,,,,,,,,,,,,,35.32,369.4058,2.943225
,,,,,,,,,,,,,,,35.33,369.4058,2.944075
,,,,,,,,,,,,,,,35.34,369.3994,2.944912
,,,,,,,,,,,,,,,35.35,369.3962,2.94575
,,,,,,,,,,,,,,,35.36,369.3899,2.946587
,,,,,,,,,,,,,,,35.37,369.3962,2.947412
,,,,,,,,,,,,,,,35.38,369.4344,2.948237
,,,,,,,,,,,,,,,35.39,369.4916,2.94905
,,,,,,,,,,,,,,,35.4,369.5329,2.949875
,,,,,,,,,,,,,,,35.41,369.5329,2.9507
,,,,,,,,,,,,,,,35.42,369.5075,2.951537
,,,,,,,,,,,,,,,35.43,369.4662,2.952375
,,,,,,,,,,,,,,,35.44,369.4407,2.953212
,,,,,,,,,,,,,,,35.45,369.4407,2.954062
,,,,,,,,,,,,,,,35.46,369.4566,2.954887
,,,,,,,,,,,,,,,35.47,369.4662,2.955725
,,,,,,,,,,,,,,,35.48,369.4662,2.95655
,,,,,,,,,,,,,,,35.49,369.4566,2.957375
,,,,,,,,,,,,,,,35.5,369.4598,2.958225
,,,,,,,,,,,,,,,35.51,369.4916,2.95905
,,,,,,,,,,,,,,,35.52,369.5329,2.959888
,,,,,,,,,,,,,,,35.53,369.571,2.960737
,,,,,,,,,,,,,,,35.54,369.606,2.961575
,,,,,,,,,,,,,,,35.55,369.6283,2.962412
,,,,,,,,,,,,,,,35.56,369.6378,2.96325
,,,,,,,,,,,,,,,35.57,369.6569,2.964075
,,,,,,,,,,,,,,,35.58,369.6982,2.964912
,,,,,,,,,,,,,,,35.59,369.7395,2.965737
,,,,,,,,,,,,,,,35.6,369.765,2.96655
,,,,,,,,,,,,,,,35.61,369.765,2.967375
,,,,,,,,,,,,,,,35.62,369.7586,2.968212
,,,,,,,,,,,,,,,35.63,369.7427,2.96905
,,,,,,,,,,,,,,,35.64,369.7332,2.9699
,,,,,,,,,,,,,,,35.65,369.7236,2.970737
,,,,,,,,,,,,,,,35.66,369.7395,2.971587
,,,,,,,,,,,,,,,35.67,369.7777,2.9724
,,,,,,,,,,,,,,,35.68,369.8349,2.973225
,,,,,,,,,,,,,,,35.69,369.8699,2.974037
,,,,,,,,,,,,,,,35.7,369.8762,2.974887
,,,,,,,,,,,,,,,35.71,369.8794,2.975713
,,,,,,,,,,,,,,,35.72,369.9048,2.976537
,,,,,,,,,,,,,,,35.73,369.9398,2.977375
,,,,,,,,,,,,,,,35.74,369.9493,2.978212
,,,,,,,,,,,,,,,35.75,369.9303,2.979062
,,,,,,,,,,,,,,,35.76,369.9144,2.979887
,,,,,,,,,,,,,,,35.77,369.9144,2.980725
,,,,,,,,,,,,,,,35.78,369.9144,2.98155
,,,,,,,,,,,,,,,35.79,369.9048,2.982375
,,,,,,,,,,,,,,,35.8,369.9048,2.9832
,,,,,,,,,,,,,,,35.81,369.9144,2.984037
,,,,,,,,,,,,,,,35.82,369.9271,2.984862
,,,,,,,,,,,,,,,35.83,369.9398,2.985713
,,,,,,,,,,,,,,,35.84,369.9652,2.986562
,,,,,,,,,,,,,,,35.85,370.0002,2.987412
,,,,,,,,,,,,,,,35.86,370.0415,2.988237
,,,,,,,,,,,,,,,35.87,370.0606,2.989075
,,,,,,,,,,,,,,,35.88,370.067,2.9899
,,,,,,,,,,,,,,,35.89,370.0574,2.990712
,,,,,,,,,,,,,,,35.9,370.0256,2.991562
,,,,,,,,,,,,,,,35.91,370.0066,2.9924
,,,,,,,,,,,,,,,35.92,370.0161,2.993225
,,,,,,,,,,,,,,,35.93,370.0574,2.994062
,,,,,,,,,,,,,,,35.94,370.0606,2.9949
,,,,,,,,,,,,,,,35.95,369.9716,2.995737
,,,,,,,,,,,,,,,35.96,369.7777,2.996562
,,,,,,,,,,,,,,,35.97,369.5329,2.9974
,,,,,,,,,,,,,,,35.98,369.2881,2.998212
,,,,,,,,,,,,,,,35.99,369.1069,2.99905
,,,,,,,,,,,,,,,36,368.9861,2.999875
,,,,,,,,,,,,,,,36.01,368.8653,3.0007
,,,,,,,,,,,,,,,36.02,368.7096,3.001525
,,,,,,,,,,,,,,,36.03,368.557,3.002375
,,,,,,,,,,,,,,,36.04,368.4616,3.003225
,,,,,,,,,,,,,,,36.05,368.4044,3.004075
,,,,,,,,,,,,,,,36.06,368.3503,3.004912
,,,,,,,,,,,,,,,36.07,368.309,3.005738
,,,,,,,,,,,,,,,36.08,368.2931,3.006575
,,,,,,,,,,,,,,,36.09,368.2899,3.007387
,,,,,,,,,,,,,,,36.1,368.2677,3.008225
,,,,,,,,,,,,,,,36.11,368.2327,3.009063
,,,,,,,,,,,,,,,36.12,368.1978,3.0099
,,,,,,,,,,,,,,,36.13,368.1564,3.010737
,,,,,,,,,,,,,,,36.14,368.1215,3.011587
,,,,,,,,,,,,,,,36.15,368.1024,3.012412
,,,,,,,,,,,,,,,36.16,368.096,3.01325
,,,,,,,,,,,,,,,36.17,368.1024,3.014087
,,,,,,,,,,,,,,,36.18,368.1119,3.0149
,,,,,,,,,,,,,,,36.19,368.131,3.015725
,,,,,,,,,,,,,,,36.2,368.1564,3.016537
,,,,,,,,,,,,,,,36.21,368.1628,3.017362
,,,,,,,,,,,,,,,36.22,368.1374,3.0182
,,,,,,,,,,,,,,,36.23,368.0929,3.01905
,,,,,,,,,,,,,,,36.24,368.0515,3.019887
,,,,,,,,,,,,,,,36.25,368.0356,3.020737
,,,,,,,,,,,,,,,36.26,368.042,3.021575
,,,,,,,,,,,,,,,36.27,368.0515,3.0224
,,,,,,,,,,,,,,,36.28,368.0515,3.023225
,,,,,,,,,,,,,,,36.29,368.0515,3.02405
,,,,,,,,,,,,,,,36.3,368.0833,3.024887
,,,,,,,,,,,,,,,36.31,368.1119,3.025725
,,,,,,,,,,,,,,,36.32,368.1183,3.026562
,,,,,,,,,,,,,,,36.33,368.1024,3.0274
,,,,,,,,,,,,,,,36.34,368.1056,3.028237
,,,,,,,,,,,,,,,36.35,368.1374,3.029075
,,,,,,,,,,,,,,,36.36,368.1882,3.029912
,,,,,,,,,,,,,,,36.37,368.2296,3.030737
,,,,,,,,,,,,,,,36.38,368.2422,3.031562
,,,,,,,,,,,,,,,36.39,368.2327,3.032375
,,,,,,,,,,,,,,,36.4,368.2168,3.0332
,,,,,,,,,,,,,,,36.41,368.2073,3.034037
,,,,,,,,,,,,,,,36.42,368.2137,3.034863
,,,,,,,,,,,,,,,36.43,368.2232,3.0357
,,,,,,,,,,,,,,,36.44,368.2486,3.03655
,,,,,,,,,,,,,,,36.45,368.274,3.0374
,,,,,,,,,,,,,,,36.46,368.2836,3.038237
,,,,,,,,,,,,,,,36.47,368.2899,3.039063
,,,,,,,,,,,,,,,36.48,368.3027,3.039887
,,,,,,,,,,,,,,,36.49,368.3249,3.040712
,,,,,,,,,,,,,,,36.5,368.3535,3.041562
,,,,,,,,,,,,,,,36.51,368.3694,3.0424
,,,,,,,,,,,,,,,36.52,368.3758,3.043237
,,,,,,,,,,,,,,,36.53,368.3631,3.044075
,,,,,,,,,,,,,,,36.54,368.3535,3.044912
,,,,,,,,,,,,,,,36.55,368.3631,3.04575
,,,,,,,,,,,,,,,36.56,368.4012,3.046587
,,,,,,,,,,,,,,,36.57,368.4457,3.047412
,,,,,,,,,,,,,,,36.58,368.4807,3.048237
,,,,,,,,,,,,,,,36.59,368.4966,3.049062
,,,,,,,,,,,,,,,36.6,368.4902,3.049887
,,,,,,,,,,,,,,,36.61,368.4711,3.0507
,,,,,,,,,,,,,,,36.62,368.4394,3.051538
,,,,,,,,,,,,,,,36.63,368.4266,3.052375
,,,,,,,,,,,,,,,36.64,368.4457,3.053225
,,,,,,,,,,,,,,,36.65,368.4902,3.054062
,,,,,,,,,,,,,,,36.66,368.522,3.0549
,,,,,,,,,,,,,,,36.67,368.5474,3.055737
,,,,,,,,,,,,,,,36.68,368.5602,3.05655
,,,,,,,,,,,,,,,36.69,368.5729,3.057375
,,,,,,,,,,,,,,,36.7,368.5856,3.058213
,,,,,,,,,,,,,,,36.71,368.611,3.059037
,,,,,,,,,,,,,,,36.72,368.6364,3.059875
,,,,,,,,,,,,,,,36.73,368.6364,3.060712
,,,,,,,,,,,,,,,36.74,368.6269,3.061563
,,,,,,,,,,,,,,,36.75,368.611,3.0624
,,,,,,,,,,,,,,,36.76,368.6078,3.063225
,,,,,,,,,,,,,,,36.77,368.6174,3.064062
,,,,,,,,,,,,,,,36.78,368.6364,3.064888
,,,,,,,,,,,,,,,36.79,368.6682,3.065712
,,,,,,,,,,,,,,,36.8,368.6873,3.06655
,,,,,,,,,,,,,,,36.81,368.7127,3.067375
,,,,,,,,,,,,,,,36.82,368.735,3.0682
,,,,,,,,,,,,,,,36.83,368.7573,3.06905
,,,,,,,,,,,,,,,36.84,368.7795,3.0699
,,,,,,,,,,,,,,,36.85,368.7986,3.070737
,,,,,,,,,,,,,,,36.86,368.8208,3.071575
,,,,,,,,,,,,,,,36.87,368.8558,3.072412
,,,,,,,,,,,,,,,36.88,368.9099,3.073237
,,,,,,,,,,,,,,,36.89,368.9607,3.07405
,,,,,,,,,,,,,,,36.9,368.9925,3.074888
,,,,,,,,,,,,,,,36.91,368.9957,3.075725
,,,,,,,,,,,,,,,36.92,368.967,3.07655
,,,,,,,,,,,,,,,36.93,368.9289,3.077387
,,,,,,,,,,,,,,,36.94,368.9289,3.078225
,,,,,,,,,,,,,,,36.95,368.9607,3.079062
,,,,,,,,,,,,,,,36.96,369.002,3.079887
,,,,,,,,,,,,,,,36.97,369.0465,3.080725
,,,,,,,,,,,,,,,36.98,369.0879,3.08155
,,,,,,,,,,,,,,,36.99,369.1165,3.082375
,,,,,,,,,,,,,,,37,369.1387,3.0832
,,,,,,,,,,,,,,,37.01,369.1324,3.084025
,,,,,,,,,,,,,,,37.02,369.1228,3.084862
,,,,,,,,,,,,,,,37.03,369.1387,3.0857
,,,,,,,,,,,,,,,37.04,369.1737,3.08655
,,,,,,,,,,,,,,,37.05,369.1991,3.0874
,,,,,,,,,,,,,,,37.06,369.2086,3.088238
,,,,,,,,,,,,,,,37.07,369.2341,3.089062
,,,,,,,,,,,,,,,37.08,369.269,3.0899
,,,,,,,,,,,,,,,37.09,369.304,3.090725
,,,,,,,,,,,,,,,37.1,369.3295,3.091563
,,,,,,,,,,,,,,,37.11,369.3485,3.0924
,,,,,,,,,,,,,,,37.12,369.374,3.093225
,,,,,,,,,,,,,,,37.13,369.4058,3.094075
,,,,,,,,,,,,,,,37.14,369.4248,3.094913
,,,,,,,,,,,,,,,37.15,369.4407,3.095737
,,,,,,,,,,,,,,,37.16,369.4662,3.096575
,,,,,,,,,,,,,,,37.17,369.5075,3.0974
,,,,,,,,,,,,,,,37.18,369.5266,3.098225
,,,,,,,,,,,,,,,37.19,369.5107,3.099037
,,,,,,,,,,,,,,,37.2,369.4916,3.099862
,,,,,,,,,,,,,,,37.21,369.4916,3.100688
,,,,,,,,,,,,,,,37.22,369.5107,3.101512
,,,,,,,,,,,,,,,37.23,369.552,3.10235
,,,,,,,,,,,,,,,37.24,369.5806,3.103212
,,,,,,,,,,,,,,,37.25,369.6028,3.10405
,,,,,,,,,,,,,,,37.26,369.6283,3.104887
,,,,,,,,,,,,,,,37.27,369.6664,3.105725
,,,,,,,,,,,,,,,37.28,369.7046,3.10655
,,,,,,,,,,,,,,,37.29,369.73,3.107375
,,,,,,,,,,,,,,,37.3,369.7586,3.108225
,,,,,,,,,,,,,,,37.31,369.7904,3.109062
,,,,,,,,,,,,,,,37.32,369.8095,3.1099
,,,,,,,,,,,,,,,37.33,369.819,3.11075
,,,,,,,,,,,,,,,37.34,369.8286,3.111588
,,,,,,,,,,,,,,,37.35,369.8444,3.112425
,,,,,,,,,,,,,,,37.36,369.8699,3.113262
,,,,,,,,,,,,,,,37.37,369.8794,3.114087
,,,,,,,,,,,,,,,37.38,369.8635,3.114913
,,,,,,,,,,,,,,,37.39,369.8508,3.115725
,,,,,,,,,,,,,,,37.4,369.8635,3.11655
,,,,,,,,,,,,,,,37.41,369.9048,3.117375
,,,,,,,,,,,,,,,37.42,369.9366,3.118212
,,,,,,,,,,,,,,,37.43,369.9652,3.119062
,,,,,,,,,,,,,,,37.44,370.0002,3.1199
,,,,,,,,,,,,,,,37.45,370.032,3.120737
,,,,,,,,,,,,,,,37.46,370.0415,3.121575
,,,,,,,,,,,,,,,37.47,370.0511,3.122412
,,,,,,,,,,,,,,,37.48,370.0606,3.123225
,,,,,,,,,,,,,,,37.49,370.0765,3.12405
,,,,,,,,,,,,,,,37.5,370.0988,3.1249
,,,,,,,,,,,,,,,37.51,370.1242,3.125725
,,,,,,,,,,,,,,,37.52,370.1242,3.126562
,,,,,,,,,,,,,,,37.53,370.1178,3.1274
,,,,,,,,,,,,,,,37.54,370.1273,3.128237
,,,,,,,,,,,,,,,37.55,370.1687,3.129075
,,,,,,,,,,,,,,,37.56,370.2227,3.1299
,,,,,,,,,,,,,,,37.57,370.2799,3.130725
,,,,,,,,,,,,,,,37.58,370.3086,3.131562
,,,,,,,,,,,,,,,37.59,370.3086,3.132387
,,,,,,,,,,,,,,,37.6,370.2958,3.133212
,,,,,,,,,,,,,,,37.61,370.2895,3.134025
,,,,,,,,,,,,,,,37.62,370.2958,3.134862
,,,,,,,,,,,,,,,37.63,370.2958,3.135712
,,,,,,,,,,,,,,,37.64,370.299,3.13655
,,,,,,,,,,,,,,,37.65,370.334,3.1374
,,,,,,,,,,,,,,,37.66,370.3849,3.138237
,,,,,,,,,,,,,,,37.67,370.4294,3.139062
,,,,,,,,,,,,,,,37.68,370.4548,3.139887
,,,,,,,,,,,,,,,37.69,370.4802,3.140712
,,,,,,,,,,,,,,,37.7,370.5152,3.14155
,,,,,,,,,,,,,,,37.71,370.5629,3.142387
,,,,,,,,,,,,,,,37.72,370.5788,3.143212
,,,,,,,,,,,,,,,37.73,370.566,3.14405
,,,,,,,,,,,,,,,37.74,370.5406,3.1449
,,,,,,,,,,,,,,,37.75,370.5311,3.145737
,,,,,,,,,,,,,,,37.76,370.547,3.146562
,,,,,,,,,,,,,,,37.77,370.5883,3.1474
,,,,,,,,,,,,,,,37.78,370.6233,3.148225
,,,,,,,,,,,,,,,37.79,370.6487,3.14905
,,,,,,,,,,,,,,,37.8,370.6519,3.149875
,,,,,,,,,,,,,,,37.81,370.6519,3.1507
,,,,,,,,,,,,,,,37.82,370.6646,3.151525
,,,,,,,,,,,,,,,37.83,370.6741,3.152375
,,,,,,,,,,,,,,,37.84,370.6773,3.153225
,,,,,,,,,,,,,,,37.85,370.6678,3.154063
,,,,,,,,,,,,,,,37.86,370.6519,3.1549
,,,,,,,,,,,,,,,37.87,370.6392,3.155737
,,,,,,,,,,,,,,,37.88,370.6646,3.156562
,,,,,,,,,,,,,,,37.89,370.7345,3.157387
,,,,,,,,,,,,,,,37.9,370.7949,3.158225
,,,,,,,,,,,,,,,37.91,370.8045,3.159062
,,,,,,,,,,,,,,,37.92,370.7791,3.1599
,,,,,,,,,,,,,,,37.93,370.7886,3.160738
,,,,,,,,,,,,,,,37.94,370.8235,3.161575
,,,,,,,,,,,,,,,37.95,370.8617,3.162412
,,,,,,,,,,,,,,,37.96,370.8744,3.163237
,,,,,,,,,,,,,,,37.97,370.8903,3.164075
,,,,,,,,,,,,,,,37.98,370.9221,3.164887
,,,,,,,,,,,,,,,37.99,370.9412,3.165725
,,,,,,,,,,,,,,,38,370.9316,3.16655
,,,,,,,,,,,,,,,38.01,370.9094,3.167375
,,,,,,,,,,,,,,,38.02,370.9157,3.1682
,,,,,,,,,,,,,,,38.03,370.9602,3.16905
,,,,,,,,,,,,,,,38.04,371.0016,3.1699
,,,,,,,,,,,,,,,38.05,371.027,3.170738
,,,,,,,,,,,,,,,38.06,371.0524,3.171575
,,,,,,,,,,,,,,,38.07,371.0938,3.172412
,,,,,,,,,,,,,,,38.08,371.1446,3.173237
,,,,,,,,,,,,,,,38.09,371.1796,3.174062
,,,,,,,,,,,,,,,38.1,371.1828,3.1749
,,,,,,,,,,,,,,,38.11,371.1669,3.175725
,,,,,,,,,,,,,,,38.12,371.1637,3.176562
,,,,,,,,,,,,,,,38.13,371.1732,3.1774
,,,,,,,,,,,,,,,38.14,371.205,3.178237
,,,,,,,,,,,,,,,38.15,371.2432,3.179062
,,,,,,,,,,,,,,,38.16,371.2908,3.1799
,,,,,,,,,,,,,,,38.17,371.3354,3.180737
,,,,,,,,,,,,,,,38.18,371.364,3.18155
,,,,,,,,,,,,,,,38.19,371.3862,3.182375
,,,,,,,,,,,,,,,38.2,371.3703,3.183187
,,,,,,,,,,,,,,,38.21,371.3385,3.184012
,,,,,,,,,,,,,,,38.22,371.3195,3.18485
,,,,,,,,,,,,,,,38.23,371.329,3.185687
,,,,,,,,,,,,,,,38.24,371.3703,3.186538
,,,,,,,,,,,,,,,38.25,371.4212,3.187375
,,,,,,,,,,,,,,,38.26,371.472,3.188225
,,,,,,,,,,,,,,,38.27,371.5134,3.189062
,,,,,,,,,,,,,,,38.28,371.5356,3.189888
,,,,,,,,,,,,,,,38.29,371.5579,3.190712
,,,,,,,,,,,,,,,38.3,371.5738,3.191562
,,,,,,,,,,,,,,,38.31,371.5833,3.192387
,,,,,,,,,,,,,,,38.32,371.5769,3.193225
,,,,,,,,,,,,,,,38.33,371.5833,3.194075
,,,,,,,,,,,,,,,38.34,371.6087,3.194912
,,,,,,,,,,,,,,,38.35,371.6215,3.19575
,,,,,,,,,,,,,,,38.36,371.6183,3.196575
,,,,,,,,,,,,,,,38.37,371.6119,3.197412
,,,,,,,,,,,,,,,38.38,371.6215,3.198225
,,,,,,,,,,,,,,,38.39,371.6469,3.19905
,,,,,,,,,,,,,,,38.4,371.6628,3.199875
,,,,,,,,,,,,,,,38.41,371.6691,3.2007
,,,,,,,,,,,,,,,38.42,371.6691,3.201525
,,,,,,,,,,,,,,,38.43,371.6787,3.202363
,,,,,,,,,,,,,,,38.44,371.6882,3.203212
,,,,,,,,,,,,,,,38.45,371.7041,3.20405
,,,,,,,,,,,,,,,38.46,371.7295,3.204887
,,,,,,,,,,,,,,,38.47,371.7645,3.205725
,,,,,,,,,,,,,,,38.48,371.7995,3.20655
,,,,,,,,,,,,,,,38.49,371.8313,3.207375
,,,,,,,,,,,,,,,38.5,371.8408,3.208225
,,,,,,,,,,,,,,,38.51,371.844,3.209075
,,,,,,,,,,,,,,,38.52,371.8662,3.2099
,,,,,,,,,,,,,,,38.53,371.9044,3.210737
,,,,,,,,,,,,,,,38.54,371.9362,3.211587
,,,,,,,,,,,,,,,38.55,371.9266,3.212425
,,,,,,,,,,,,,,,38.56,371.9298,3.213262
,,,,,,,,,,,,,,,38.57,371.9775,3.214087
,,,,,,,,,,,,,,,38.58,372.0411,3.214925
,,,,,,,,,,,,,,,38.59,372.0824,3.215737
,,,,,,,,,,,,,,,38.6,372.0887,3.216563
,,,,,,,,,,,,,,,38.61,372.0665,3.217375
,,,,,,,,,,,,,,,38.62,372.0474,3.218212
,,,,,,,,,,,,,,,38.63,372.0315,3.219062
,,,,,,,,,,,,,,,38.64,372.0284,3.219913
,,,,,,,,,,,,,,,38.65,372.0411,3.22075
,,,,,,,,,,,,,,,38.66,372.0728,3.221587
,,,,,,,,,,,,,,,38.67,372.1015,3.222412
,,,,,,,,,,,,,,,38.68,372.1269,3.223238
,,,,,,,,,,,,,,,38.69,372.1587,3.22405
,,,,,,,,,,,,,,,38.7,372.2032,3.224887
,,,,,,,,,,,,,,,38.71,372.2445,3.225725
,,,,,,,,,,,,,,,38.72,372.2382,3.22655
,,,,,,,,,,,,,,,38.73,372.2254,3.227387
,,,,,,,,,,,,,,,38.74,372.235,3.228225
,,,,,,,,,,,,,,,38.75,372.2636,3.229062
,,,,,,,,,,,,,,,38.76,372.27,3.229887
,,,,,,,,,,,,,,,38.77,372.2604,3.230725
,,,,,,,,,,,,,,,38.78,372.2604,3.231537
,,,,,,,,,,,,,,,38.79,372.2986,3.232363
,,,,,,,,,,,,,,,38.8,372.3558,3.2332
,,,,,,,,,,,,,,,38.81,372.3907,3.234025
,,,,,,,,,,,,,,,38.82,372.4003,3.234862
,,,,,,,,,,,,,,,38.83,372.3907,3.235713
,,,,,,,,,,,,,,,38.84,372.3812,3.236562
,,,,,,,,,,,,,,,38.85,372.3748,3.2374
,,,,,,,,,,,,,,,38.86,372.3907,3.238237
,,,,,,,,,,,,,,,38.87,372.4162,3.239062
,,,,,,,,,,,,,,,38.88,372.4575,3.2399
,,,,,,,,,,,,,,,38.89,372.4957,3.240712
,,,,,,,,,,,,,,,38.9,372.5338,3.24155
,,,,,,,,,,,,,,,38.91,372.5433,3.2424
,,,,,,,,,,,,,,,38.92,372.537,3.243225
,,,,,,,,,,,,,,,38.93,372.5433,3.244062
,,,,,,,,,,,,,,,38.94,372.5688,3.2449
,,,,,,,,,,,,,,,38.95,372.5942,3.245737
,,,,,,,,,,,,,,,38.96,372.5974,3.246562
,,,,,,,,,,,,,,,38.97,372.6037,3.2474
,,,,,,,,,,,,,,,38.98,372.6228,3.248225
,,,,,,,,,,,,,,,38.99,372.6324,3.24905
,,,,,,,,,,,,,,,39,372.6324,3.249875
,,,,,,,,,,,,,,,39.01,372.6419,3.250687
,,,,,,,,,,,,,,,39.02,372.6737,3.251525
,,,,,,,,,,,,,,,39.03,372.6927,3.252375
,,,,,,,,,,,,,,,39.04,372.6927,3.253225
,,,,,,,,,,,,,,,39.05,372.7054,3.254062
,,,,,,,,,,,,,,,39.06,372.7436,3.2549
,,,,,,,,,,,,,,,39.07,372.7945,3.255737
,,,,,,,,,,,,,,,39.08,372.8358,3.256562
,,,,,,,,,,,,,,,39.09,372.8549,3.257387
,,,,,,,,,,,,,,,39.1,372.8644,3.258225
,,,,,,,,,,,,,,,39.11,372.8803,3.259063
,,,,,,,,,,,,,,,39.12,372.9057,3.2599
,,,,,,,,,,,,,,,39.13,372.9248,3.260737
,,,,,,,,,,,,,,,39.14,372.9248,3.261575
,,,,,,,,,,,,,,,39.15,372.9312,3.262412
,,,,,,,,,,,,,,,39.16,372.9566,3.263237
,,,,,,,,,,,,,,,39.17,372.9916,3.264075
,,,,,,,,,,,,,,,39.18,373.0233,3.264887
,,,,,,,,,,,,,,,39.19,373.0424,3.265712
,,,,,,,,,,,,,,,39.2,373.0488,3.266537
,,,,,,,,,,,,,,,39.21,373.0615,3.267362
,,,,,,,,,,,,,,,39.22,373.0774,3.268188
,,,,,,,,,,,,,,,39.23,373.0679,3.269025
,,,,,,,,,,,,,,,39.24,373.0424,3.269875
,,,,,,,,,,,,,,,39.25,373.0424,3.270725
,,,,,,,,,,,,,,,39.26,373.0837,3.271562
,,,,,,,,,,,,,,,39.27,373.1346,3.272388
,,,,,,,,,,,,,,,39.28,373.1887,3.273225
,,,,,,,,,,,,,,,39.29,373.2459,3.274037
,,,,,,,,,,,,,,,39.3,373.2745,3.274887
,,,,,,,,,,,,,,,39.31,373.2586,3.275725
,,,,,,,,,,,,,,,39.32,373.2236,3.27655
,,,,,,,,,,,,,,,39.33,373.2141,3.2774
,,,,,,,,,,,,,,,39.34,373.2491,3.278237
,,,,,,,,,,,,,,,39.35,373.3063,3.279075
,,,,,,,,,,,,,,,39.36,373.3508,3.279912
,,,,,,,,,,,,,,,39.37,373.3667,3.280737
,,,,,,,,,,,,,,,39.38,373.3571,3.281562
,,,,,,,,,,,,,,,39.39,373.3571,3.282375
,,,,,,,,,,,,,,,39.4,373.3857,3.2832
,,,,,,,,,,,,,,,39.41,373.4175,3.284025
,,,,,,,,,,,,,,,39.42,373.4302,3.284863
,,,,,,,,,,,,,,,39.43,373.443,3.2857
,,,,,,,,,,,,,,,39.44,373.4716,3.286537
,,,,,,,,,,,,,,,39.45,373.5065,3.287387
,,,,,,,,,,,,,,,39.46,373.532,3.288225
,,,,,,,,,,,,,,,39.47,373.5383,3.28905
,,,,,,,,,,,,,,,39.48,373.5383,3.289875
,,,,,,,,,,,,,,,39.49,373.5638,3.290712
,,,,,,,,,,,,,,,39.5,373.6083,3.29155
,,,,,,,,,,,,,,,39.51,373.6432,3.292387
,,,,,,,,,,,,,,,39.52,373.6432,3.293225
,,,,,,,,,,,,,,,39.53,373.6242,3.294075
,,,,,,,,,,,,,,,39.54,373.6242,3.294912
,,,,,,,,,,,,,,,39.55,373.6623,3.29575
,,,,,,,,,,,,,,,39.56,373.7354,3.296575
,,,,,,,,,,,,,,,39.57,373.7895,3.297412
,,,,,,,,,,,,,,,39.58,373.799,3.298237
,,,,,,,,,,,,,,,39.59,373.7704,3.29905
,,,,,,,,,,,,,,,39.6,373.7545,3.299875
,,,,,,,,,,,,,,,39.61,373.7863,3.3007
,,,,,,,,,,,,,,,39.62,373.8308,3.301525
,,,,,,,,,,,,,,,39.63,373.8658,3.302375
,,,,,,,,,,,,,,,39.64,373.8753,3.303225
,,,,,,,,,,,,,,,39.65,373.8658,3.304062
,,,,,,,,,,,,,,,39.66,373.8753,3.3049
,,,,,,,,,,,,,,,39.67,373.9103,3.305725
,,,,,,,,,,,,,,,39.68,373.9675,3.30655
,,,,,,,,,,,,,,,39.69,374.0183,3.307375
,,,,,,,,,,,,,,,39.7,374.0374,3.308213
,,,,,,,,,,,,,,,39.71,374.0311,3.309062
,,,,,,,,,,,,,,,39.72,374.0374,3.309887
,,,,,,,,,,,,,,,39.73,374.0819,3.310725
,,,,,,,,,,,,,,,39.74,374.1328,3.311575
,,,,,,,,,,,,,,,39.75,374.155,3.312413
,,,,,,,,,,,,,,,39.76,374.1392,3.313237
,,,,,,,,,,,,,,,39.77,374.1074,3.314075
,,,,,,,,,,,,,,,39.78,374.0946,3.3149
,,,,,,,,,,,,,,,39.79,374.1137,3.315725
,,,,,,,,,,,,,,,39.8,374.1678,3.31655
,,,,,,,,,,,,,,,39.81,374.2345,3.317375
,,,,,,,,,,,,,,,39.82,374.2599,3.318213
,,,,,,,,,,,,,,,39.83,374.2345,3.319075
,,,,,,,,,,,,,,,39.84,374.2091,3.319912
,,,,,,,,,,,,,,,39.85,374.2281,3.32075
,,,,,,,,,,,,,,,39.86,374.2917,3.321587
,,,,,,,,,,,,,,,39.87,374.3617,3.322425
,,,,,,,,,,,,,,,39.88,374.4062,3.323237
,,,,,,,,,,,,,,,39.89,374.4316,3.324062
,,,,,,,,,,,,,,,39.9,374.4507,3.3249
,,,,,,,,,,,,,,,39.91,374.4666,3.325737
,,,,,,,,,,,,,,,39.92,374.4729,3.326562
,,,,,,,,,,,,,,,39.93,374.4761,3.3274
,,,,,,,,,,,,,,,39.94,374.4888,3.328238
,,,,,,,,,,,,,,,39.95,374.4984,3.329062
,,,,,,,,,,,,,,,39.96,374.5016,3.329887
,,,,,,,,,,,,,,,39.97,374.492,3.330712
,,,,,,,,,,,,,,,39.98,374.4825,3.33155
,,,,,,,,,,,,,,,39.99,374.5016,3.332375
,,,,,,,,,,,,,,,40,374.5333,3.3332
,,,,,,,,,,,,,,,40.01,374.5588,3.334025
,,,,,,,,,,,,,,,40.02,374.5492,3.334862
,,,,,,,,,,,,,,,40.03,374.5238,3.3357
,,,,,,,,,,,,,,,40.04,374.5175,3.336562
,,,,,,,,,,,,,,,40.05,374.5524,3.3374
,,,,,,,,,,,,,,,40.06,374.6128,3.338238
,,,,,,,,,,,,,,,40.07,374.6637,3.339075
,,,,,,,,,,,,,,,40.08,374.6955,3.3399
,,,,,,,,,,,,,,,40.09,374.7336,3.340725
,,,,,,,,,,,,,,,40.1,374.7813,3.341563
,,,,,,,,,,,,,,,40.11,374.8163,3.3424
,,,,,,,,,,,,,,,40.12,374.8194,3.343237
,,,,,,,,,,,,,,,40.13,374.8067,3.344075
,,,,,,,,,,,,,,,40.14,374.7749,3.344913
,,,,,,,,,,,,,,,40.15,374.7463,3.345737
,,,,,,,,,,,,,,,40.16,374.7463,3.346575
,,,,,,,,,,,,,,,40.17,374.7845,3.3474
,,,,,,,,,,,,,,,40.18,374.8353,3.348225
,,,,,,,,,,,,,,,40.19,374.8608,3.349037
,,,,,,,,,,,,,,,40.2,374.8798,3.349862
,,,,,,,,,,,,,,,40.21,374.9053,3.350688
,,,,,,,,,,,,,,,40.22,374.918,3.351512
,,,,,,,,,,,,,,,40.23,374.9021,3.35235
,,,,,,,,,,,,,,,40.24,374.8703,3.3532
,,,,,,,,,,,,,,,40.25,374.8576,3.35405
,,,,,,,,,,,,,,,40.26,374.8608,3.354887
,,,,,,,,,,,,,,,40.27,374.8925,3.355725
,,,,,,,,,,,,,,,40.28,374.9307,3.35655
,,,,,,,,,,,,,,,40.29,374.9816,3.357375
,,,,,,,,,,,,,,,40.3,375.0388,3.358225
,,,,,,,,,,,,,,,40.31,375.0833,3.359062
,,,,,,,,,,,,,,,40.32,375.1024,3.3599
,,,,,,,,,,,,,,,40.33,375.1087,3.36075
,,,,,,,,,,,,,,,40.34,375.1151,3.361588
,,,,,,,,,,,,,,,40.35,375.1183,3.362425
,,,,,,,,,,,,,,,40.36,375.1342,3.36325
,,,,,,,,,,,,,,,40.37,375.1628,3.364075
,,,,,,,,,,,,,,,40.38,375.2009,3.3649
,,,,,,,,,,,,,,,40.39,375.239,3.365725
,,,,,,,,,,,,,,,40.4,375.2867,3.366537
,,,,,,,,,,,,,,,40.41,375.3153,3.367375
,,,,,,,,,,,,,,,40.42,375.3217,3.3682
,,,,,,,,,,,,,,,40.43,375.3122,3.36905
,,,,,,,,,,,,,,,40.44,375.3058,3.369887
,,,,,,,,,,,,,,,40.45,375.3217,3.370737
,,,,,,,,,,,,,,,40.46,375.3408,3.371562
,,,,,,,,,,,,,,,40.47,375.3757,3.372387
,,,,,,,,,,,,,,,40.48,375.4107,3.373225
,,,,,,,,,,,,,,,40.49,375.4266,3.37405
,,,,,,,,,,,,,,,40.5,375.433,3.374887
,,,,,,,,,,,,,,,40.51,375.4362,3.375725
,,,,,,,,,,,,,,,40.52,375.4457,3.37655
,,,,,,,,,,,,,,,40.53,375.452,3.377388
,,,,,,,,,,,,,,,40.54,375.452,3.378225
,,,,,,,,,,,,,,,40.55,375.4711,3.379075
,,,,,,,,,,,,,,,40.56,375.5093,3.3799
,,,,,,,,,,,,,,,40.57,375.5474,3.380737
,,,,,,,,,,,,,,,40.58,375.5728,3.381562
,,,,,,,,,,,,,,,40.59,375.5887,3.382387
,,,,,,,,,,,,,,,40.6,375.6046,3.383212
,,,,,,,,,,,,,,,40.61,375.6237,3.384025
,,,,,,,,,,,,,,,40.62,375.6237,3.384862
,,,,,,,,,,,,,,,40.63,375.6142,3.3857
,,,,,,,,,,,,,,,40.64,375.6078,3.38655
,,,,,,,,,,,,,,,40.65,375.6142,3.3874
,,,,,,,,,,,,,,,40.66,375.6301,3.388237
,,,,,,,,,,,,,,,40.67,375.6746,3.389062
,,,,,,,,,,,,,,,40.68,375.7413,3.389887
,,,,,,,,,,,,,,,40.69,375.7763,3.390712
,,,,,,,,,,,,,,,40.7,375.7795,3.39155
,,,,,,,,,,,,,,,40.71,375.7699,3.392387
,,,,,,,,,,,,,,,40.72,375.7445,3.393212
,,,,,,,,,,,,,,,40.73,375.7254,3.39405
,,,,,,,,,,,,,,,40.74,375.7413,3.394887
,,,,,,,,,,,,,,,40.75,375.7699,3.395737
,,,,,,,,,,,,,,,40.76,375.8017,3.396562
,,,,,,,,,,,,,,,40.77,375.8112,3.3974
,,,,,,,,,,,,,,,40.78,375.8112,3.398212
,,,,,,,,,,,,,,,40.79,375.8145,3.39905
,,,,,,,,,,,,,,,40.8,375.8462,3.399875
,,,,,,,,,,,,,,,40.81,375.8812,3.4007
,,,,,,,,,,,,,,,40.82,375.9066,3.401537
,,,,,,,,,,,,,,,40.83,375.913,3.402387
,,,,,,,,,,,,,,,40.84,375.9257,3.403225
,,,,,,,,,,,,,,,40.85,375.9416,3.404075
,,,,,,,,,,,,,,,40.86,375.9321,3.404912
,,,,,,,,,,,,,,,40.87,375.9003,3.405737
,,,,,,,,,,,,,,,40.88,375.8971,3.406575
,,,,,,,,,,,,,,,40.89,375.9384,3.407387
,,,,,,,,,,,,,,,40.9,375.9829,3.408225
,,,,,,,,,,,,,,,40.91,375.9734,3.409075
,,,,,,,,,,,,,,,40.92,375.8971,3.4099
,,,,,,,,,,,,,,,40.93,375.7763,3.41075
,,,,,,,,,,,,,,,40.94,375.6555,3.411587
,,,,,,,,,,,,,,,40.95,375.5474,3.412412
,,,,,,,,,,,,,,,40.96,375.4616,3.41325
,,,,,,,,,,,,,,,40.97,375.3821,3.414075
,,,,,,,,,,,,,,,40.98,375.3058,3.4149
,,,,,,,,,,,,,,,40.99,375.2295,3.415725
,,,,,,,,,,,,,,,41,375.1532,3.41655
,,,,,,,,,,,,,,,41.01,375.0928,3.417375
,,,,,,,,,,,,,,,41.02,375.042,3.418225
,,,,,,,,,,,,,,,41.03,374.9911,3.419075
,,,,,,,,,,,,,,,41.04,374.9371,3.419912
,,,,,,,,,,,,,,,41.05,374.8925,3.42075
,,,,,,,,,,,,,,,41.06,374.8766,3.421587
,,,,,,,,,,,,,,,41.07,374.8862,3.422425
,,,,,,,,,,,,,,,41.08,374.8862,3.42325
,,,,,,,,,,,,,,,41.09,374.8576,3.424062
,,,,,,,,,,,,,,,41.1,374.8163,3.424912
,,,,,,,,,,,,,,,41.11,374.794,3.425737
,,,,,,,,,,,,,,,41.12,374.8099,3.426562
,,,,,,,,,,,,,,,41.13,374.8258,3.4274
,,,,,,,,,,,,,,,41.14,374.8194,3.428237
,,,,,,,,,,,,,,,41.15,374.8067,3.429075
,,,,,,,,,,,,,,,41.16,374.7908,3.4299
,,,,,,,,,,,,,,,41.17,374.7845,3.430725
,,,,,,,,,,,,,,,41.18,374.7845,3.43155
,,,,,,,,,,,,,,,41.19,374.794,3.432375
,,,,,,,,,,,,,,,41.2,374.8099,3.4332
,,,,,,,,,,,,,,,41.21,374.8099,3.434012
,,,,,,,,,,,,,,,41.22,374.7813,3.43485
,,,,,,,,,,,,,,,41.23,374.7463,3.4357
,,,,,,,,,,,,,,,41.24,374.7304,3.43655
,,,,,,,,,,,,,,,41.25,374.7209,3.437387
,,,,,,,,,,,,,,,41.26,374.7209,3.438225
,,,,,,,,,,,,,,,41.27,374.74,3.439062
,,,,,,,,,,,,,,,41.28,374.7686,3.439888
,,,,,,,,,,,,,,,41.29,374.8194,3.440712
,,,,,,,,,,,,,,,41.3,374.8798,3.441562
,,,,,,,,,,,,,,,41.31,374.9116,3.4424
,,,,,,,,,,,,,,,41.32,374.8925,3.443237
,,,,,,,,,,,,,,,41.33,374.8576,3.444075
,,,,,,,,,,,,,,,41.34,374.8512,3.444925
,,,,,,,,,,,,,,,41.35,374.8925,3.44575
,,,,,,,,,,,,,,,41.36,374.9466,3.446587
,,,,,,,,,,,,,,,41.37,374.972,3.447412
,,,,,,,,,,,,,,,41.38,374.9625,3.448237
,,,,,,,,,,,,,,,41.39,374.9434,3.44905
,,,,,,,,,,,,,,,41.4,374.9307,3.449875
,,,,,,,,,,,,,,,41.41,374.9434,3.4507
,,,,,,,,,,,,,,,41.42,374.9529,3.451525
,,,,,,,,,,,,,,,41.43,374.9371,3.452375
,,,,,,,,,,,,,,,41.44,374.918,3.453212
,,,,,,,,,,,,,,,41.45,374.9116,3.45405
,,,,,,,,,,,,,,,41.46,374.9212,3.454887
,,,,,,,,,,,,,,,41.47,374.9307,3.455725
,,,,,,,,,,,,,,,41.48,374.9371,3.45655
,,,,,,,,,,,,,,,41.49,374.9529,3.457375
,,,,,,,,,,,,,,,41.5,374.9816,3.458225
,,,,,,,,,,,,,,,41.51,375.0134,3.459062
,,,,,,,,,,,,,,,41.52,375.0292,3.459888
,,,,,,,,,,,,,,,41.53,375.0324,3.460737
,,,,,,,,,,,,,,,41.54,375.0483,3.461575
,,,,,,,,,,,,,,,41.55,375.0642,3.462412
,,,,,,,,,,,,,,,41.56,375.0674,3.46325
,,,,,,,,,,,,,,,41.57,375.0515,3.464087
,,,,,,,,,,,,,,,41.58,375.0324,3.464912
,,,,,,,,,,,,,,,41.59,375.0388,3.465737
,,,,,,,,,,,,,,,41.6,375.0642,3.46655
,,,,,,,,,,,,,,,41.61,375.0897,3.467375
,,,,,,,,,,,,,,,41.62,375.1024,3.4682
,,,,,,,,,,,,,,,41.63,375.1246,3.46905
,,,,,,,,,,,,,,,41.64,375.1437,3.4699
,,,,,,,,,,,,,,,41.65,375.1628,3.470737
,,,,,,,,,,,,,,,41.66,375.1786,3.471575
,,,,,,,,,,,,,,,41.67,375.1882,3.4724
,,,,,,,,,,,,,,,41.68,375.1786,3.473225
,,,,,,,,,,,,,,,41.69,375.1691,3.474037
,,,,,,,,,,,,,,,41.7,375.1691,3.474875
,,,,,,,,,,,,,,,41.71,375.1691,3.475712
,,,,,,,,,,,,,,,41.72,375.1596,3.476537
,,,,,,,,,,,,,,,41.73,375.1501,3.477375
,,,,,,,,,,,,,,,41.74,375.1501,3.478212
,,,,,,,,,,,,,,,41.75,375.1532,3.47905
,,,,,,,,,,,,,,,41.76,375.1532,3.479887
,,,,,,,,,,,,,,,41.77,375.1596,3.480712
,,,,,,,,,,,,,,,41.78,375.1882,3.48155
,,,,,,,,,,,,,,,41.79,375.22,3.482375
,,,,,,,,,,,,,,,41.8,375.239,3.483187
,,,,,,,,,,,,,,,41.81,375.2295,3.484025
,,,,,,,,,,,,,,,41.82,375.2104,3.484862
,,,,,,,,,,,,,,,41.83,375.1945,3.4857
,,,,,,,,,,,,,,,41.84,375.2041,3.48655
,,,,,,,,,,,,,,,41.85,375.2263,3.4874
,,,,,,,,,,,,,,,41.86,375.2549,3.488237
,,,,,,,,,,,,,,,41.87,375.2867,3.489075
,,,,,,,,,,,,,,,41.88,375.3122,3.4899
,,,,,,,,,,,,,,,41.89,375.3249,3.490725
,,,,,,,,,,,,,,,41.9,375.3408,3.49155
,,,,,,,,,,,,,,,41.91,375.3344,3.492387
,,,,,,,,,,,,,,,41.92,375.3217,3.493225
,,,,,,,,,,,,,,,41.93,375.2899,3.494062
,,,,,,,,,,,,,,,41.94,375.2645,3.4949
,,,,,,,,,,,,,,,41.95,375.2613,3.495737
,,,,,,,,,,,,,,,41.96,375.2804,3.496562
,,,,,,,,,,,,,,,41.97,375.3217,3.4974
,,,,,,,,,,,,,,,41.98,375.3662,3.498212
,,,,,,,,,,,,,,,41.99,375.398,3.49905
,,,,,,,,,,,,,,,42,375.4012,3.499875
,,,,,,,,,,,,,,,42.01,375.3916,3.5007
,,,,,,,,,,,,,,,42.02,375.3757,3.501525
,,,,,,,,,,,,,,,42.03,375.3726,3.502375
,,,,,,,,,,,,,,,42.04,375.3821,3.503225
,,,,,,,,,,,,,,,42.05,375.398,3.504075
,,,,,,,,,,,,,,,42.06,375.4107,3.5049
,,,,,,,,,,,,,,,42.07,375.433,3.505737
,,,,,,,,,,,,,,,42.08,375.4457,3.506575
,,,,,,,,,,,,,,,42.09,375.4616,3.507387
,,,,,,,,,,,,,,,42.1,375.4775,3.508225
,,,,,,,,,,,,,,,42.11,375.4838,3.509075
,,,,,,,,,,,,,,,42.12,375.4775,3.5099
,,,,,,,,,,,,,,,42.13,375.4711,3.510737
,,,,,,,,,,,,,,,42.14,375.4775,3.511587
,,,,,,,,,,,,,,,42.15,375.5188,3.512425
,,,,,,,,,,,,,,,42.16,375.5697,3.513263
,,,,,,,,,,,,,,,42.17,375.6046,3.514087
,,,,,,,,,,,,,,,42.18,375.6173,3.5149
,,,,,,,,,,,,,,,42.19,375.6173,3.515725
,,,,,,,,,,,,,,,42.2,375.6142,3.51655
,,,,,,,,,,,,,,,42.21,375.5983,3.517362
,,,,,,,,,,,,,,,42.22,375.5728,3.5182
,,,,,,,,,,,,,,,42.23,375.5474,3.51905
,,,,,,,,,,,,,,,42.24,375.5379,3.5199
,,,,,,,,,,,,,,,42.25,375.433,3.52085
,,,,,,,,,,,,,,,42.26,370.4294,3.521688
,,,,,,,,,,,,,,,42.27,340.6874,3.522487
,,,,,,,,,,,,,,,42.28,262.1142,3.523263
,,,,,,,,,,,,,,,42.29,149.0561,3.524062
,,,,,,,,,,,,,,,42.3,55.17642,3.5249
,,,,,,,,,,,,,,,42.31,11.20249,3.525725
,,,,,,,,,,,,,,,42.32,1.08401,3.526375
,,,,,,,,,,,,,,,42.33,0.3306071,3.526562
,,,,,,,,,,,,,,,42.34,0.2574921,3.526625
